business_name,email,phone,website,city,state
Family Dental Care - Dentist in Simi Valley,contact@familydentalsimivalley.com,+18055840621,https://familydentalsimivalley.com/,Simi Valley,CA
Avocado Family Dentistry - Invisalign and Cosmetic Dentist,avocadodentistry@gmail.com,+16192028142,https://www.avocadofamilydentistry.com/,El Cajon,CA
Greenlake Dental - Seattle,info@greenlakedental.com,+12065475647,https://greenlakedental.com/,Seattle,WA
Dentist in Louisville,dentalcare@dentistinlouisville.com,+15022399751,https://dentistinlouisville.com/,Louisville,KY
Happy Smiles Dental (One Office For All Dental Services & Sedation Dentistry),office@myhappysmiles.com,+13017507000,https://myhappysmiles.com/,Clarksburg,MD
Strahler Dental Partners,info@strahlerdentalpartners.com,+12106591379,http://strahlerdentalpartners.com/,Schertz,TX
Gloss Dentistry at Greenway,clinical@progressivedentalhouston.com,+17135978759,http://dentistgreenway.com/,Houston,TX
"Utah Surgical Arts, Wisdom Teeth and Dental Implants",frontdesk@utahsurgicalarts.com,+18019383412,https://www.utahsurgicalarts.com/,Lehi,UT
"Utah Surgical Arts, Wisdom Teeth and Dental Implants",oms@utahsurgicalarts.com,+18019383412,https://www.utahsurgicalarts.com/,Lehi,UT
"Utah Surgical Arts, Wisdom Teeth and Dental Implants",frontdesk@utahsurgicalarts.com,+18019383412,https://www.utahsurgicalarts.com/,Payson,UT
"Utah Surgical Arts, Wisdom Teeth and Dental Implants",oms@utahsurgicalarts.com,+18019383412,https://www.utahsurgicalarts.com/,Payson,UT
Esthetique Dentistry of Frederick MD,smiles@esthetiquedentistry.com,+13018460433,https://esthetiquedentistryfrederick.com/,Frederick,MD
North End Dental Associates,nedental@gmail.com,+16175237860,http://pareek.us/,Boston,MA
Tysons Dental Associates,contact@tysons-dental.com,+17033489767,https://www.tysons-dental.com/,Tysons,VA
Tysons Dental Associates,contact@fadentistry.com,+17033489767,https://www.tysons-dental.com/,Tysons,VA
Mission City Orthodontics - Dr. Eric L. Babayan,laurie@missioncityortho.com,+18183659827,https://www.missioncityortho.com/,San Fernando,CA
Naples Dental Art Center,naplesdentalartcenter1@gmail.com,+12394300532,https://www.naplesdentalartcenterinc.com/,Naples,FL
Guillermo Donan DDS,drdonan.frontdesk@gmail.com,+15592229923,https://smilesbydrdonan.com/,Fresno,CA
Boston Center for Oral Health,bcoh@bcoh.com,+16175364620,https://bcoh.com/,Boston,MA
Kutanovski Dental,info@kutanovskidental.com,+12193560216,https://www.kutanovskidental.com/,Crown Point,IN
Orono Dental Care,office@oronodentalcare.com,+19525926098,https://www.oronodentalcare.com/,Orono,MN
NKC Dental,info@nkcdental.com,+18164302378,https://nkcdental.com/,North Kansas City,MO
Best Smile Cosmetic Dentistry,info@bestsmile.us,+19544318484,https://www.bestsmile.us/,Pembroke Pines,FL
Neeshat Khan DDS - West San Jose,nkhandds@gmail.com,+14087771290,https://neeshatkhandds.com/,San Jose,CA
DENTALMED Associates-Boca,coordinator@dentalmedassociates.com,+19545057631,http://dentalmedassociates.com/,Boca Raton,FL
Shadow Creek Ranch Dental Specialists,staff@scrdental.com,+12817415247,https://pearlandental.com/,Pearland,TX
Bella Family Dental,info@mybellafamily.com,+17866880097,https://mybellafamily.com/,Doral,FL
Dental Rivera Pico Rivera - Dentist & Dental Implants,mydentalrivera@gmail.com,+15622221551,https://www.mydentalrivera.com/,Pico Rivera,CA
Creekside Family Dentistry,tammy@creeksidefamilydds.com,+19313883384,https://www.creeksidefamilydds.com/,Columbia,TN
Bella Family Dental,info@mybellafamily.com,+17866880097,https://mybellafamily.com/,Southwest Ranches,FL
Jordan Landing Dental Care,jordanlandingdental@gmail.com,+18012807001,https://jordanlandingdental.net/,West Jordan,UT
"Alexandria Dental Center - Specializing in Dental Implants, All on X, Invisalign",info@alexandriadentalcenter.com,+15719703827,https://alexandriadentalcenter.com/,Alexandria,VA
Inspire Dental Group of Amherst Affiliated with The Smilist Dental,info@inspiredentalgroup.com,+17163624800,https://www.inspiredentalgroup.com/,Amherst,NY
Mountain Bay Dental - Los Gatos,care@mountainbaydental.com,+14088377700,https://www.mountainbaydental.com/,Los Gatos,CA
Inspire Dental Group,info@inspiredentalgroup.com,+17163624800,https://www.inspiredentalgroup.com/,West Seneca,NY
Ivy Dental Orthodontics and Implant Dentistry,infosunnyvale@theivydental.com,+12143022486,https://www.theivydental.com/,Sunnyvale,TX
Dental Specialists of Broward: Ft. Lauderdale Dentistry,info@rockyriverorthodontics.com,+19545884671,https://dentalspecialistsofflorida.com/,Fort Lauderdale,FL
Mac Dental Whittier,info@caldentalusa.com,+18009635553,https://caldentalusa.com/,Whittier,CA
Sugarloaf Signature Dentistry - Invisalign TMJ and Cosmetic Dentist,info@ssdsmile.com,+17704979111,https://www.suwanee-cosmetic-dentist.com/,Suwanee,GA
Marina Tooth Fairy Dental,smile@marinatoothfairy.com,+14154093368,https://marinatoothfairy.com/,San Francisco,CA
Valley View Dental - Manteca,Valleyviewdental@cheemadental.com,+12093142595,https://mantecadental.com/,Manteca,CA
Magic Smile Dental,office@lindennjdentist.com,+19084865000,https://lindennjdentist.com/,Linden,NJ
Elmhurst Dental,elmhurstdentalartz@gmail.com,+17184261212,https://elmhurstdentalarts.com/,Flushing,NY
Ashland Smile Center,bigsmile@smilefredericksburg.com,+18045313185,https://smilefredericksburg.com/,Ashland,VA
Ashland Smile Center,bigsmile@smileashland.com,+18045313185,https://smilefredericksburg.com/,Ashland,VA
Monument Family Dentistry,info@richmonddentistry.com,+18044852715,https://www.richmonddentistry.com/,Richmond,VA
La Rose Bleue Dental Studio,larosebleuedental@gmail.com,+19785920208,https://www.larosebleuedental.com,Methuen,MA
"Michigan Oral Surgeons, Dental Implants & Wisdom Teeth",annarbor@michiganoralsurgeons.com,+17344590326,https://michiganoralsurgeons.com/,Dexter,MI
"Michigan Oral Surgeons, Dental Implants & Wisdom Teeth",dexter@michiganoralsurgeons.com,+17344590326,https://michiganoralsurgeons.com/,Dexter,MI
"Michigan Oral Surgeons, Dental Implants & Wisdom Teeth",plymouth@michiganoralsurgeons.com,+17344590326,https://michiganoralsurgeons.com/,Dexter,MI
"Michigan Oral Surgeons, Dental Implants & Wisdom Teeth",adrian@michiganoralsurgeons.com,+17344590326,https://michiganoralsurgeons.com/,Dexter,MI
Southern Surgical Arts - Dental Implant Experts,info@ssatyler.com,+19037235111,https://ssatyler.com/,Palestine,TX
Southern Surgical Arts - Dental Implant Experts,info@ssapalestine.com,+19037235111,https://ssatyler.com/,Palestine,TX
"Michigan Oral Surgeons, Dental Implants & Wisdom Teeth",annarbor@michiganoralsurgeons.com,+17344590326,https://michiganoralsurgeons.com/,Plymouth,MI
"Michigan Oral Surgeons, Dental Implants & Wisdom Teeth",dexter@michiganoralsurgeons.com,+17344590326,https://michiganoralsurgeons.com/,Plymouth,MI
"Michigan Oral Surgeons, Dental Implants & Wisdom Teeth",plymouth@michiganoralsurgeons.com,+17344590326,https://michiganoralsurgeons.com/,Plymouth,MI
"Michigan Oral Surgeons, Dental Implants & Wisdom Teeth",adrian@michiganoralsurgeons.com,+17344590326,https://michiganoralsurgeons.com/,Plymouth,MI
"Michigan Oral Surgeons, Dental Implants & Wisdom Teeth",annarbor@michiganoralsurgeons.com,+17344590326,https://michiganoralsurgeons.com/,Adrian,MI
"Michigan Oral Surgeons, Dental Implants & Wisdom Teeth",dexter@michiganoralsurgeons.com,+17344590326,https://michiganoralsurgeons.com/,Adrian,MI
"Michigan Oral Surgeons, Dental Implants & Wisdom Teeth",plymouth@michiganoralsurgeons.com,+17344590326,https://michiganoralsurgeons.com/,Adrian,MI
"Michigan Oral Surgeons, Dental Implants & Wisdom Teeth",adrian@michiganoralsurgeons.com,+17344590326,https://michiganoralsurgeons.com/,Adrian,MI
Huntsville Oral Surgery | Dental Implants,info@oralsurgeryhuntsville.com,+12565331282,https://oralsurgeryhuntsville.com/,Huntsville,AL
"Michigan Oral Surgeons, Dental Implants & Wisdom Teeth",annarbor@michiganoralsurgeons.com,+17344590326,https://michiganoralsurgeons.com/,Ann Arbor,MI
"Michigan Oral Surgeons, Dental Implants & Wisdom Teeth",dexter@michiganoralsurgeons.com,+17344590326,https://michiganoralsurgeons.com/,Ann Arbor,MI
"Michigan Oral Surgeons, Dental Implants & Wisdom Teeth",plymouth@michiganoralsurgeons.com,+17344590326,https://michiganoralsurgeons.com/,Ann Arbor,MI
"Michigan Oral Surgeons, Dental Implants & Wisdom Teeth",adrian@michiganoralsurgeons.com,+17344590326,https://michiganoralsurgeons.com/,Ann Arbor,MI
Infinity Smiles | Dentist in Flushing | Dr. Solomon Borukhov,infinitysmilesny@gmail.com,+17185503541,https://infinitysmilesny.com/,Flushing,NY
Dentist at Saluda Pointe,DentalCare@dentistatsaludapointe.com,+18033998236,https://dentistatsaludapointe.com/,Lexington,SC
Todays Dental @ West Columbia,dentist@todaysdentalwestcolumbia.com,+18032338177,https://todaysdentalwestcolumbia.com/,West Columbia,SC
Todays Dental @ Lexington,dentist@todaysdentallexington.com,+18037564353,https://todaysdentallexington.com/,Lexington,SC
Dentist in Edgewater,DentalCare@dentistinedgewater.com,+14433346689,https://dentistinedgewatermd.com/,Edgewater,MD
Todays Dental @ Alexandria,dentist@todaysdentalalexandria.com,+17032562085,https://todaysdentalalexandria.com/,Alexandria,VA
Dentist in Powell,DentalCare@dentistinpowellohio.com,+16146590018,https://dentistinpowellohio.com/,Powell,OH
Dentist in Oregon LLC,dentalcare@dentistinoregonoh.com,+14193919906,https://dentistinoregonoh.com/,Oregon,OH
Dentist in Concord,DentalCare@dentistinconcord.com,+17047073620,https://dentistinconcord.com/,Kannapolis,NC
Todays Dental @ Cayce,dentist@todaysdentalcayce.com,+18032336141,https://todaysdentalcayce.com/,Cayce,SC
Dentist in Greenville,DentalCare@dentistingreenville.com,+18642840066,https://dentistingreenville.com/,Greenville,SC
Dentist in Bowie,DentalCare@dentistinbowie.com,+13018800504,https://dentistinbowie.com/,Bowie,MD
Lawrenceville Dentistry,Dentist@lawrencevilledentistry.com,+17704150077,https://lawrencevilledentistry.com/,Lawrenceville,GA
Dentist in Perrysburg,DentalCare@dentistinperrysburg.com,+14197921264,http://dentistinperrysburg.com/,Perrysburg,OH
A Beautiful Smile Dentistry,info@absdentistry.com,+12012244400,http://abeautifulsmiledentistry.com/,Fort Lee,NJ
Peak Vision Dental,careteam@peakvisiondental.com,+19516777785,https://www.peakvisiondental.com/,Murrieta,CA
Buffalo Square Dental,info@buffalosquaredental.com,+14253853839,http://buffalosquaredental.com/,Everett,WA
Jackson Family Dentistry,frontoffice@jacksonfamilydentistrywi.com,+12626773003,https://www.jacksonfamilydentistrywi.com/,Jackson,WI
Fox Point Dental Studio,frontoffice@foxpointdentalstudio.com,+14142365885,http://foxpointdentalstudio.com/,Fox Point,WI
"David Mazza, DDS",officemanager@mazzadental.info,+13012816961,https://mazzadental.com/,Bethesda,MD
"Blackhawk Dental Care: Brian Adams DDS, Michelle Feliciano-Turner DDS",info@blackhawkdental.com,+19258856169,https://blackhawkdental.com/,Danville,CA
Boynton Beach Dental Services,info@boyntonbeachdentalservices.com,+15615679328,https://boyntonbeachdentalservices.com/,Boynton Beach,FL
Folsom Family Dentistry,office@folsomfamilydentist.com,+13039452399,https://www.folsomfamilydentist.com/,Boulder,CO
A+ Dental Specialists,info.aplusdds@gmail.com,+18325977901,http://aplusdentalspecialists.com/,Houston,TX
Todays Dental @ Greenville,dentist@todaysdentalgreenville.com,+18649999899,https://todaysdentalgreenville.com/,Greenville,SC
Dr. Taheri Smiles,info@drtaherismiles.com,+17187613200,http://drtaherismiles.com/,Staten Island,NY
Upland Dental Implant and Orthodontics,rancho@myuplanddental.com,+19099020800,https://www.myuplanddental.com/,Rancho Cucamonga,CA
Upland Dental Implant and Orthodontics,contact@myuplanddental.com,+19099020800,https://www.myuplanddental.com/,Rancho Cucamonga,CA
Upland Dental Implant and Orthodontics,upland@myuplanddental.com,+19099020800,https://www.myuplanddental.com/,Rancho Cucamonga,CA
Upland Dental Implant and Orthodontics,chino@myuplanddental.com,+19099020800,https://www.myuplanddental.com/,Rancho Cucamonga,CA
Upland Dental Implant and Orthodontics,wildomar@myuplanddental.com,+19099020800,https://www.myuplanddental.com/,Rancho Cucamonga,CA
Upland Dental Implant and Orthodontics,rancho@myuplanddental.com,+19099020800,https://www.myuplanddental.com/,Wildomar,CA
Upland Dental Implant and Orthodontics,contact@myuplanddental.com,+19099020800,https://www.myuplanddental.com/,Wildomar,CA
Upland Dental Implant and Orthodontics,upland@myuplanddental.com,+19099020800,https://www.myuplanddental.com/,Wildomar,CA
Upland Dental Implant and Orthodontics,chino@myuplanddental.com,+19099020800,https://www.myuplanddental.com/,Wildomar,CA
Upland Dental Implant and Orthodontics,wildomar@myuplanddental.com,+19099020800,https://www.myuplanddental.com/,Wildomar,CA
Upland Dental Implant and Orthodontics,rancho@myuplanddental.com,+19099020800,https://www.myuplanddental.com/,Upland,CA
Upland Dental Implant and Orthodontics,contact@myuplanddental.com,+19099020800,https://www.myuplanddental.com/,Upland,CA
Upland Dental Implant and Orthodontics,upland@myuplanddental.com,+19099020800,https://www.myuplanddental.com/,Upland,CA
Upland Dental Implant and Orthodontics,chino@myuplanddental.com,+19099020800,https://www.myuplanddental.com/,Upland,CA
Upland Dental Implant and Orthodontics,wildomar@myuplanddental.com,+19099020800,https://www.myuplanddental.com/,Upland,CA
Upland Dental Implant and Orthodontics,rancho@myuplanddental.com,+19099020800,https://www.myuplanddental.com/,Chino,CA
Upland Dental Implant and Orthodontics,contact@myuplanddental.com,+19099020800,https://www.myuplanddental.com/,Chino,CA
Upland Dental Implant and Orthodontics,upland@myuplanddental.com,+19099020800,https://www.myuplanddental.com/,Chino,CA
Upland Dental Implant and Orthodontics,chino@myuplanddental.com,+19099020800,https://www.myuplanddental.com/,Chino,CA
Upland Dental Implant and Orthodontics,wildomar@myuplanddental.com,+19099020800,https://www.myuplanddental.com/,Chino,CA
Worcester Periodontics,info@worcesterperiodontics.com,+15087541122,https://www.worcesterperiodontics.com/,Worcester,MA
Southern Surgical Arts - Dental Implant Experts,info@ssatyler.com,+19037235111,https://ssatyler.com/,Tyler,TX
Southern Surgical Arts - Dental Implant Experts,info@ssapalestine.com,+19037235111,https://ssatyler.com/,Tyler,TX
California Oral Surgery & Dental Implant Center,info@oralsurgerycalifornia.com,+17148973543,http://oralsurgerycalifornia.com/,Huntington Beach,CA
Waccamaw Oral Surgery,info@waccamawos.com,+18439470017,https://waccamawos.com/,Murrells Inlet,SC
Dr. Z Smiles,pines@dr-zsmiles.com,+19544433030,http://dr-zsmiles.com/,Pembroke Pines,FL
SHAWN LIN DDS Dentist,shawnlindds@gmail.com,+13128427846,https://shawnlindds.com/,Chicago,IL
Natural Dentistry | Dr. Yuriy May,info@naturaldentistrycenter.com,+18606772242,https://naturaldentistrycenter.com/,Farmington,CT
Brushwell Dental & Implants,contact@brushwell.com,+16266038507,https://www.brushwell.com/,Monterey Park,CA
Advanced Dentistry,info@advanceddentistrysugarland.com,+12814945600,https://www.sugarlandcosmeticdentist.com/,Sugar Land,TX
Sai Dental,info@mysaidental.com,+19724689339,https://www.mysaidental.com/,Frisco,TX
Dentista Franciss Zamora DDS,francisszamora@gmail.com,+13105321147,https://francisszamoradds.com/,Torrance,CA
Waterman Blvd Family Dentistry,info@watermanfairfielddentist.com,+17074290451,http://watermanfairfielddentist.com/,Fairfield,CA
Mesquite Dental Solutions,info@mesquitedentalsolutions.com,+19722893330,http://mesquitedentalsolutions.com/,Mesquite,TX
Spa Dental: Dr. Monica Jones,info@spadental.com,+17703223121,https://www.myspadental.com/,Decatur,GA
Lifetime Dental & Fastbraces,sb@alifetimedental.com,+19098813336,https://www.lifetimedentalsanbernardino.com/,San Bernardino,CA
Briter Dental,briterdental1744@gmail.com,+12814928900,http://briterdental.com/,Houston,TX
"Cosmetic Dentist Huntington Beach - Ayoub Dental Corp - Emergency Dentist Huntington Beach CA - Dr. Sam Ayoub, DDS",smile@ayoubdentalcorp.com,+17148426519,https://ayoubdentalcorp.com/,Huntington Beach,CA
Ultra Smile Miami,info@ultrasmilemiami.com,+13053721020,https://www.ultrasmilemiami.com/,Miami,FL
Best Smile Cosmetic Dentistry,info@bestsmile.us,+19544318484,https://www.bestsmile.us/,Miramar,FL
The Dentists at 650 Heights,specialist@dentistsat650heights.com,+12819744086,http://dentistsat650heights.com/,Houston,TX
Dentist In Fort Lauderdale,info@rockyriverorthodontics.com,+19545884671,https://dentalspecialistsofflorida.com/,Fort Lauderdale,FL
Marin Dental Care,info@marindentalcare.com,+14156128881,http://marindentalcare.com/,San Rafael,CA
East Bend Dental,info@eastbenddental.com,+15413881434,http://eastbenddental.com/,Bend,OR
East Bend Dental,fowles@eastbenddental.com,+15413881434,http://eastbenddental.com/,Bend,OR
The Dental Care Group,frontteam@dentalcaregroupftl.net,+19544302300,https://www.dentalcaregroup.net/,Aventura,FL
The Dental Care Group,patientrelations@dentalcaregroup.net,+19544302300,https://www.dentalcaregroup.net/,Aventura,FL
Lee Ann Hovious PC,office@perioknoxville.com,+18655391113,https://www.drleeannhovious.com/,Knoxville,TN
Your Dentistry of Morgan Hill,info@yourdentistrymh.com,+14088728753,https://yourdentistrymh.com/,Morgan Hill,CA
Opelika Dental Associates,opelikadentalassociates@gmail.com,+13347454663,https://www.opelikadentalassociates.com/,Opelika,AL
PDM Family Dental,info@pdmfamilydental.com,+15163885002,https://dentistjerichony.com/,Jericho,NY
My Dentist Santa Ana,mydentist.midentista@gmail.com,+17145474444,https://www.mydentistoc.com/,Santa Ana,CA
Higginbotham Family Dental,westmemphishfd@higginbothamfamilydental.com,+18702150058,https://www.higginbothamfamilydental.com/,Memphis,TN
Higginbotham Family Dental,paragouldhfd@higginbothamfamilydental.com,+18702150058,https://www.higginbothamfamilydental.com/,Memphis,TN
Higginbotham Family Dental,eastmemphishfd@higginbothamfamilydental.com,+18702150058,https://www.higginbothamfamilydental.com/,Memphis,TN
Higginbotham Family Dental,southwestdrivehfd@higginbothamfamilydental.com,+18702150058,https://www.higginbothamfamilydental.com/,Memphis,TN
Higginbotham Family Dental,colliervillehfd@higginbothamfamilydental.com,+18702150058,https://www.higginbothamfamilydental.com/,Memphis,TN
Higginbotham Family Dental,hilltophfd@higginbothamfamilydental.com,+18702150058,https://www.higginbothamfamilydental.com/,Memphis,TN
Higginbotham Family Dental,memphishfd@higginbothamfamilydental.com,+18702150058,https://www.higginbothamfamilydental.com/,Memphis,TN
Higginbotham Family Dental,bartletthfd@higginbothamfamilydental.com,+18702150058,https://www.higginbothamfamilydental.com/,Memphis,TN
Higginbotham Family Dental,blythevillehfd@higginbothamfamilydental.com,+18702150058,https://www.higginbothamfamilydental.com/,Memphis,TN
Higginbotham Family Dental,kennetthfd@higginbothamfamilydental.com,+18702150058,https://www.higginbothamfamilydental.com/,Memphis,TN
Haggerty Dental,frontdesk@haggertydental.com,+17342281120,https://haggertydental.com/,Plymouth,MI
Implants 4 Life,appointment@getimplants4life.com,+18188023411,https://getimplants4life.com/,Sherman Oaks,CA
Andover Cosmetic Dental Group,contact@andoverdentalgroup.com,+19784759111,https://www.andoverdentalgroup.com/,Andover,MA
Dr. Matthew Herbstman - Dental Associates of Connecticut,info@dentalassociates.us,+12037485717,https://dentalassociates.us/,Danbury,CT
Dr. Taha Ghomi DDS - Dental Associates of Connecticut,info@dentalassociates.us,+12037485717,https://dentalassociates.us/,Danbury,CT
"Dr. Genel Giuliano, DMD - Dental Associates of Connecticut",info@dentalassociates.us,+12037485717,https://dentalassociates.us/,Shelton,CT
Dr. Robert Galella,info@dentalassociates.us,+12037485717,https://dentalassociates.us/,Danbury,CT
Higher Ground Dentistry,info@smileupland.com,+19093770758,https://highergrounddentistry.com/,Upland,CA
Beaches Gentle Dentistry,info@beachesgentledentistry.com,+19048536888,https://www.beachesgentledentistry.com/,Jacksonville Beach,FL
Bensonhurst Endodontics & Dental Implants,info@bedidental.com,+16465600391,https://www.bedidental.com/,Brooklyn,NY
Zealous Dental Springdale,info@zealousdental.com,+15132140206,https://www.zealousdentalspringdale.com/,Cincinnati,OH
Elegant Smiles of Sea Girt,ElegantSmilesNJ@optonline.net,+17329749494,http://elegantsmilesnj.com/,Sea Girt,NJ
Laguna Dental & Orthodontics - Elk Grove,lagunadental3001@gmail.com,+19166673991,https://lagunadentalcare.com/,Elk Grove,CA
Dentex Dental Specialty Group - Dentist Culver City - Implants - Dentures - Root Canal,dentexdentalca@gmail.com,+13103904444,https://www.dentexdentalca.com/,Culver City,CA
Huszti Dental Care,info@milforddentist.com,+12486848448,https://www.milford-dentist.com/,Milford,MI
Linden Dental Associates,smiles@lindendentalassociates.com,+19084865252,https://lindendentalassociates.com/,Linden,NJ
Radix Dentistry,info@radixdentistry.com,+15129910455,https://dentistleandertx.com/,Leander,TX
The Green Dental Studio - Fort Lauderdale,info@greendentalstudio.com,+19549908389,http://greendentalstudio.com/,Fort Lauderdale,FL
Confident Smiles,team@confidentsmilessd.com,+16194496009,https://www.confidentsmilessd.com/,Santee,CA
River Ranch Family Dentistry,info@riverranchfamilydentistry.com,+15125486807,https://riverranchfamilydentistry.com/,Liberty Hill,TX
Dentistry of Carlsbad,info@dentistryofcarlsbad.com,+17604343119,http://dentistryofcarlsbad.com/,Carlsbad,CA
Alligator Dental: Al Burns DDS,smiles@alligatordental.com,+18883061944,https://www.alligatordental.com/,Seguin,TX
"Daniel Choo, DDS",cdldental@cdldental.com,+12248148176,https://www.cdldental.com/,Spring Grove,IL
65 Broadway Dental,office@65broadwaydental.com,+12124303888,https://65broadwaydental.com/,New York,NY
All About Smile Dental Group,smiles@allaboutsmiledentalgroup.com,+18187880651,https://allaboutsmiledentalgroup.com/,Chino,CA
Revitta Dental,revittasmile@gmail.com,+12125351202,https://revittasmile.com/,New York,NY
"Cayon Dental Group - Alicia Cayon, DMD",cayondental@gmail.com,+13052273083,https://www.cayondental.com/,Miami,FL
"Dental Arts of Hackensack, P.C.",info@dentalarts.net,+12015250202,https://dentalarts.net/,Hackensack,NJ
Santa Fe Smiles,manager.sfs@3cdentalgroup.com,+14093164254,https://santafesmilestx.com/,Santa Fe,TX
Carrollton Smiles,info@carrollton-smiles.com,+19722453455,https://carrollton-smiles.com/,Carrollton,TX
"El Paseo Dental Center - Andrew Lee, D.D.S.",elpaseodentalcenter@yahoo.com,+19497660034,https://elpaseodentalcenter.com/,Rancho Santa Margarita,CA
Concord Dental & Orthodontics,treatsmile@concorddentalortho.com,+19256771100,https://concorddentalortho.com/,Concord,CA
Henderson Smiles,manager.hs@3cdentalgroup.com,+19033926600,http://hendersonsmilestx.com/,Henderson,TX
Children's Dental Specialists & Adult Dentistry (Formerly Dr. Caren Franz DMD PC),info@doctorcaren.com,+12159185630,https://www.doctorcaren.com/,Warrington,PA
Smile Design Center,info@smiledesigncenterca.com,+19518941934,https://smiledesigncenterca.com/,Murrieta,CA
Valley View Dental,valleyviewdental.wr@cheemadental.com,+12099831000,https://westonranchdental.com/,Stockton,CA
Olive Dental Group,info@olivedentaltx.com,+12813976161,https://olivedentalhouston.com/,Houston,TX
Dr. Geoffrey Skinner DDS,hillsborodentalexcellence@gmail.com,+15036486671,https://hillsborodentalexcellence.com/,Hillsboro,OR
houston medical center dental,tmcdental02@yahoo.com,+17137950608,https://www.houstonmedicalcenterdental.com/,Houston,TX
Dr. Yan Morrissey - Village Dental,villagedentalofwilsonville@gmail.com,+15035828255,http://villagedentalofwilsonville.com/,Wilsonville,OR
123 iSmile - Modesto,123ismile@cheemadental.com,+12096530026,https://123ismile.com/,Modesto,CA
Vineyard Dental & Orthodontics - Paso Robles,Vineyarddental@cheemadental.com,+18052385600,https://pasoroblesdental.com/,Paso Robles,CA
Valley Dental & Orthodontics - Clovis,valleydental@cheemadental.com,+15595788000,https://valleydentist.org/,Clovis,CA
MouthPeace Dental,douglasville@mouthpeacedental.com,+14042286801,https://mouthpeacedental.com/,Atlanta,GA
MouthPeace Dental,info@mouthpeacedental.com,+14042286801,https://mouthpeacedental.com/,Atlanta,GA
MouthPeace Dental,midtown@mouthpeacedental.com,+14042286801,https://mouthpeacedental.com/,Atlanta,GA
MouthPeace Dental,delowe@mouthpeacedental.com,+14042286801,https://mouthpeacedental.com/,Atlanta,GA
MouthPeace Dental,forestpark@mouthpeacedental.com,+14042286801,https://mouthpeacedental.com/,Atlanta,GA
Pure Dental Care,epauldds@gmail.com,+19082187999,https://www.puredentalcarenj.com/,Hillsborough Township,NJ
Hawthorne Dental and Braces,info@myhawthornedentist.com,+13108721846,https://myhawthornedentist.com/,Lawndale,CA
Dentist Culver City - Ocean Breeze Dental - Cosmetic and Emergency Dentist,info@mydentistmarinadelrey.com,+13105782500,https://oceanbreeze.dental/,Culver City,CA
Dr. Ernesto G. Diaz Doctor of Dental Surgery (DDS),info@smilevod.com,+19549982099,https://villageofdentistry.com/,Hallandale Beach,FL
Genesis Family Dentistry - Plaza Midwood,genesisfamilydentistry@gmail.com,+19802724700,https://genesisfamilydentistrync.com/,Charlotte,NC
"Radiant Dental : Dr. Nimisha Patel, DDS",info@radiantdds.com,+17702714411,https://www.radiantdds.com/,Buford,GA
Buckwalter Dental Care,frontdesk@buckwalterdentalcare.com,+18438153232,https://www.buckwalterdentalcare.com/,Bluffton,SC
My Smile Dental,office@mysmiledental.org,+12018659293,https://www.mysmiledental.org/,Union City,NJ
My Smile Dental,office@mysmiledental.org,+12018659293,https://www.mysmiledental.org/,Saddle Brook,NJ
"Samira Seini, DDS",orangecosmeticdentistry@gmail.com,+17145321139,https://www.orangecosmeticdentistry.com/,Orange,CA
Esthetique Dentistry of Ashburn,smiles@esthetiquedentistry.com,+17037296222,https://esthetiquedentistryashburn.com/,Ashburn,VA
Family Laser Dentistry,office@familylaserdentistry.com,+14109759331,https://www.familylaserdentistry.com/,Severna Park,MD
Twin Peaks Dentistry,info@twinpeaksdentistry.com,+18587485815,https://www.twinpeaksdentistry.com/,Poway,CA
Distinctive Dental Care - Oswego,contact@distinctivedental.com,+16308822996,https://distinctivedental.com/,Oswego,IL
Synergy Dental Spa - Implants - Crowns,synergydentalstudiopa@gmail.com,+17278357076,https://synergydentalspa.com/,Trinity,FL
Natick Dental Health,info@natickdentalhealth.com,+15086536263,https://www.thenatickdentist.com/,Natick,MA
Penn Dental Family Practice at University City,askPDFP@dental.upenn.edu,+12158987337,https://mypenndentist.org/,Philadelphia,PA
Optimum Dentistry of Coral Springs,dsoptimumdentistry@gmail.com,+19547750185,https://www.optimumdentistrycoralsprings.com/,Coral Springs,FL
Randolph Dental Group,contact@randolphdentalgroup.com,+17819633800,https://www.randolphdentalgroup.com/,Randolph,MA
Novi Family Dentistry,novifamilydentistry@ddsemails.com,+12483485151,https://www.novifamilydentistry.com/,Novi,MI
Reading Dental Associates,frontdesk@readingdentalma.com,+17819446761,https://www.readingdentalma.com/,Reading,MA
"Dr. Erol Gund, DDS - Dental Associates of Connecticut",info@dentalassociates.us,+12037485717,https://dentalassociates.us/,Danbury,CT
Woodlands Family Dental - Creekside,creekside@woodlandsdental.com,+17137669600,https://www.woodlandsdental.com/,The Woodlands,TX
Woodlands Family Dental - Creekside,info@woodlandsdental.com,+17137669600,https://www.woodlandsdental.com/,The Woodlands,TX
Woodlands Family Dental - Creekside,info@westufamilydental.com,+17137669600,https://www.woodlandsdental.com/,The Woodlands,TX
Ann Arbor Smiles - Huron Parkway,dentalgroup@annarborsmiles.com,+17346778700,https://annarborsmiles.com/,Ann Arbor,MI
Dental Associates of Connecticut,info@dentalassociates.us,+12037485717,https://dentalassociates.us/,Fairfield,CT
Dental Associates of Connecticut,info@dentalassociates.us,+12037485717,https://dentalassociates.us/,New Milford,CT
Cody Dental Group,info@codydental.com,+17195814860,https://codydental.com/,Denver,CO
Dental Associates of Connecticut,info@dentalassociates.us,+12037485717,https://dentalassociates.us/,Newtown,CT
Toothopia Dental - El Segundo (Formerly Dr Smile ),info@toothopia.dental,+13106436611,http://toothopiadental.com/,Inglewood,CA
Dental Associates of Connecticut,info@dentalassociates.us,+12037485717,https://dentalassociates.us/,Shelton,CT
Dental Associates of Connecticut,info@dentalassociates.us,+12037485717,https://dentalassociates.us/,Danbury,CT
Newton Dentistry,doc@newtondentistryma.com,+16172445020,https://www.newtondentistryma.com/,Auburndale,MA
Point Richmond Dental Studio,admin@pointrichmonddentist.com,+15102334470,https://www.doctorpearce.com/,Point Richmond,CA
Raleigh Oral Surgery & Dental Implants,nh@raleighoralsurgery.com,+19198764746,https://www.raleighoralsurgery.com/,Raleigh,NC
Raleigh Oral Surgery & Dental Implants,clayton@raleighoralsurgery.com,+19198764746,https://www.raleighoralsurgery.com/,Raleigh,NC
Raleigh Oral Surgery & Dental Implants,nral@raleighoralsurgery.com,+19198764746,https://www.raleighoralsurgery.com/,Raleigh,NC
Dental Specialty Associates,gilbert@dsaofaz.com,+14806132499,https://arizonadentalspecialists.com/,Gilbert,AZ
Dental Specialty Associates,phx@dsaofaz.com,+14806132499,https://arizonadentalspecialists.com/,Gilbert,AZ
Blue Coast Dental Group,HamzehpourDDS@gmail.com,+13104243100,https://www.bluecoastdental.com/,Torrance,CA
Racine Dental Group,info@racinedentalgroup.com,+12626379371,http://racinedentalgroup.com/,Racine,WI
Star Smile Dental,StarSmileOC@gmail.com,+17146931889,https://www.starsmileoc.com/,Anaheim,CA
Pines True Smile,pinestruesmile@gmail.com,+19547032474,http://pinestruesmile.com/,Pembroke Pines,FL
Joseph M. Boesch DDS PC,email@boeschdds.com,+13012843840,https://drjmboesch.com/,Rockville,MD
Smiles at Telfair Family and Cosmetic Dentistry,info@smilesattelfair.com,+12819401032,https://smilesattelfair.com/,Sugar Land,TX
Advanced Smile Dental Clinic - Hialeah,advancedsmileclinic@gmail.com,+17863910588,https://www.advancedsmileclinic.com/,Hialeah,FL
Cali Family Dental,califamilydental1@gmail.com,+15626562020,https://califamilydental.com/,Pico Rivera,CA
"Fab Dental - Emergencies, Implants & Invisalign",info@fab.dental,+15103423908,https://fab.dental/,Hayward,CA
My Teeth Dental - Webster,myteethdentaltx@gmail.com,+12816727178,https://myteethdentaltx.com/,Webster,TX
Vinnin Square Dental Group,vinninsqdental@gmail.com,+17813846646,http://vinninsquaredental.com/,Swampscott,MA
Balanced Dental,info@balanceddentalfl.com,+17722472407,http://balanceddentalfl.com/,Stuart,FL
MouthPeace Dental - Forest Park,douglasville@mouthpeacedental.com,+14042286801,https://mouthpeacedental.com/,Forest Park,GA
MouthPeace Dental - Forest Park,info@mouthpeacedental.com,+14042286801,https://mouthpeacedental.com/,Forest Park,GA
MouthPeace Dental - Forest Park,midtown@mouthpeacedental.com,+14042286801,https://mouthpeacedental.com/,Forest Park,GA
MouthPeace Dental - Forest Park,delowe@mouthpeacedental.com,+14042286801,https://mouthpeacedental.com/,Forest Park,GA
MouthPeace Dental - Forest Park,forestpark@mouthpeacedental.com,+14042286801,https://mouthpeacedental.com/,Forest Park,GA
"Designer Smiles, FL - Coral Springs",hello@dsmilesfl.com,+19543411000,https://designersmilesfl.com/,Coral Springs,FL
Penn Dental Family Practice at Locust Walk,askPDFP@dental.upenn.edu,+12158987337,https://mypenndentist.org/,Philadelphia,PA
Gentle Dental Corvallis Kings,schedule@www.interdent.com,+14242208296,http://interdent.com/,Corvallis,OR
South Dade Dental Specialties Group,doctor@dentistservices.miami,+13052218780,https://thedentistservices.com/,Miami,FL
South Dade Dental Specialties Group,contact@example.com,+13052218780,https://thedentistservices.com/,Miami,FL
Gentle Dental Ballard,schedule@www.interdent.com,+14242208296,http://interdent.com/,Seattle,WA
Gentle Dental North Rocklin,schedule@www.interdent.com,+14242208296,http://interdent.com/,Rocklin,CA
Dental Clinic Village of Dentistry Hallandale Beach,info@smilevod.com,+19549982099,https://villageofdentistry.com/,Hallandale Beach,FL
Gentle Dental Lebanon,schedule@www.interdent.com,+14242208296,http://interdent.com/,Lebanon,OR
Gentle Dental Peoria,schedule@www.interdent.com,+14242208296,http://interdent.com/,Peoria,AZ
Smile Keepers Medford Main,schedule@www.interdent.com,+14242208296,http://interdent.com/,Medford,OR
Smile Keepers Medford Childrens,schedule@www.interdent.com,+14242208296,http://interdent.com/,Medford,OR
Stanford Smile Design,info@stanfordsmiledesign.com,+16503227716,https://www.stanfordsmiledesign.com/,Palo Alto,CA
Watsonville Family Dental,watsonvilledentalclinic@gmail.com,+18317280232,https://watsonvillefamilydental.com/,Watsonville,CA
DiBella Dental Care,office@dibelladentalcare.com,+12037980022,https://dibelladentalcare.com/,Danbury,CT
Children's Dental Associates of Hamden,cda@ctkidsteeth.com,+12032485742,http://ct-kids-teeth.com/,Hamden,CT
JCM Family Dental - Sunset,info@jcmfamilydental.com,+13054009835,https://jcmfamilydental.com/,Miami,FL
Jeffrey L Cohen DDS - Covina,drcohensoffice@gmail.com,+16269676453,https://dentistincovina.com/,Covina,CA
Petaluma Dental Group,info@petalumadental.com,+17077620067,https://petalumadental.com/,Petaluma,CA
MyDentist,info@spokanelovesmydentist.com,+15094644100,https://spokanelovesmydentist.com/,Spokane,WA
"Rachelle T. Flores, D.M.D.",info@drfloresdental.com,+16192346349,https://drfloresdental.com/,San Diego,CA
Image Dental,email@myimagedental.com,+12099551500,https://www.myimagedental.com/,Stockton,CA
Madison Street Dental Clinic,office@madisonstreetdentalclinic.com,+14253535854,https://madisonstreetdentalclinic.com/,Everett,WA
Dental Expressions Leawood,desmileconfidence@yahoo.com,+18165257225,https://dentalexpressionsmile.com/,Leawood,KS
New Tampa Smiles,staff@newtampasmile.com,+18134638039,https://newtampasmile.com/,Tampa,FL
Nine One Dental - Dentist in West Roxbury,office@nineonedental.com,+16172218000,https://www.nineonedental.com/,West Roxbury,MA
Lumi Family Dentistry,support@lumifamilydentistry.com,+14697774955,https://lumifamilydentistry.com/,Sachse,TX
Smile Focus Dental Practice - Dentist Stevenson Ranch - Cosmetic Dentist Santa Clarita & Valencia,info@smilefocus.com,+16612871523,https://smilefocus.com/,Stevenson Ranch,CA
Asure Dental - Houston,info@asuredentalkaty.com,+12815718947,http://asuredentalkaty.com/,Houston,TX
Gentle Dental in Queens,info@queenssmile.com,+17184070498,https://www.queenssmile.com/,Flushing,NY
Innovative Implant and Oral Surgery,info@innovativeoralsurgery.com,+12153227810,https://innovativeoralsurgery.com/,Abington,PA
First Class Dental - Dentist Palmdale CA - Dentist in Palmdale,myfirstclassdental@gmail.com,+16613832888,https://myfirstclassdental.com/,Palmdale,CA
Madison Dental Art - Forest Hills,madisondentalny@gmail.com,+17182681281,https://madisondentalny.com/,Forest Hills,NY
Norman Dental Center in Greenpoint,appointment@normandentalcenter.com,+17183896666,http://normandentalcenter.com/,Brooklyn,NY
Pomona Dental Practice: Yvonne Shu DDS,yvonneshudds@gmail.com,+19094824500,http://pomonadentalpracticeca.com/,Pomona,CA
Now Care Dental,admin@nowcaredental.com,+16516866800,https://www.nowcaredental.com/,Eagan,MN
U Smile Family Dentistry - Mesa,office@www.usmiledent.com,+14807250575,https://www.usmiledent.com/,Mesa,AZ
Smile Time Dental,info@smiletimedental.com,+19169844224,https://smiletimedental.com/,San Ramon,CA
Park Avenue Smiles,info@yonkersdentalspa.com,+19149653864,https://www.yonkersdentalspa.com/,Yonkers,NY
Hawthorne Dental Associates,info@hawthornedentalnj.com,+19735677773,https://hawthornedentalnj.com/,Hawthorne,NJ
Hawaii Family Dental - Lihue,email@hawaiifamilydental.com,+18085233190,http://hawaiifamilydental.com/,Lihue,HI
Hawaii Family Dental - Kihei,email@hawaiifamilydental.com,+18085233190,http://hawaiifamilydental.com/,Kihei,HI
"Eastridge Family Dental, P.C.",info@eastridgefamilydental.com,+18165250399,https://www.eastridgefamilydental.com/,Lee's Summit,MO
Hawaii Family Dental – Honolulu,email@hawaiifamilydental.com,+18085233190,http://hawaiifamilydental.com/,Honolulu,HI
Reform Dentistry of Spotsylvania,info@reformdentistry.com,+15402371700,http://reformdentistry.com/,Fredericksburg,VA
Hawaii Family Dental – Kaneohe,email@hawaiifamilydental.com,+18085233190,http://hawaiifamilydental.com/,Kaneohe,HI
Hawaii Family Dental - Waiakea Villas,email@hawaiifamilydental.com,+18085233190,http://hawaiifamilydental.com/,Hilo,HI
Trust Dental,office@trustdental.us,+13055575775,https://trustdental.us/,Miami Lakes,FL
Hawaii Family Dental - Kahului,email@hawaiifamilydental.com,+18085233190,http://hawaiifamilydental.com/,Kahului,HI
Arden Dentistry,scheduling@arden-dentistry.com,+19164881933,https://arden-dentistry.com/,Sacramento,CA
Hawaii Family Dental - Kapolei,email@hawaiifamilydental.com,+18085233190,http://hawaiifamilydental.com/,Kapolei,HI
Hawaii Family Dental - Kona,email@hawaiifamilydental.com,+18085233190,http://hawaiifamilydental.com/,Kailua-Kona,HI
Family First Smiles,info@familyfirstsmiles.com,+17037771515,https://familyfirstsmiles.com/,Leesburg,VA
Hawaii Family Dental - Aiea,email@hawaiifamilydental.com,+18085233190,http://hawaiifamilydental.com/,Aiea,HI
Cleveland Smile Center - Aurora Dentists,aurora@clevelandsmilecenter.com,+14407775757,https://clevelandsmilecenter.com/,Aurora,OH
Cleveland Smile Center - Aurora Dentists,westlake@clevelandsmilecenter.com,+14407775757,https://clevelandsmilecenter.com/,Aurora,OH
Cleveland Smile Center - Aurora Dentists,oakwood@clevelandsmilecenter.com,+14407775757,https://clevelandsmilecenter.com/,Aurora,OH
Cleveland Smile Center - Aurora Dentists,cfalls@clevelandsmilecenter.com,+14407775757,https://clevelandsmilecenter.com/,Aurora,OH
Hawaii Family Dental - Mililani,email@hawaiifamilydental.com,+18085233190,http://hawaiifamilydental.com/,Mililani,HI
Hawaii Family Dental - Ewa Beach,email@hawaiifamilydental.com,+18085233190,http://hawaiifamilydental.com/,Ewa Beach,HI
Simply Dental,simplydentalseattle@gmail.com,+12064662623,https://www.simplydentalseattle.com/,Seattle,WA
Absolute Dental - Mae Anne,info@absolutedental.com,+17022912031,https://www.absolutedental.com/,Reno,NV
Dr. Lizette Garcia - My Miami Lakes Dentist,smile@mymiamilakesdentist.com,+13058212752,https://cosmeticdentistmiamilakes.com/,Miami Lakes,FL
Smile 101 Family Dentistry Near Kissimmee,dentalsmile4250@gmail.com,+14078560208,https://www.smile101.com/,Orlando,FL
Shifa Dental,info@shifadental.net,+19728913175,https://www.shifadental.net/,Garland,TX
FRESH DENTAL CARE,info@freshdentalcare.com,+12814001111,https://www.freshdentalcare.com/,Houston,TX
FRESH DENTAL CARE Bellaire,info@freshdentalcare.com,+12814001111,https://www.freshdentalcare.com/,Houston,TX
NJ Laser Dentistry,info@njlaserdentistry.com,+17322106306,http://njlaserdentistry.com/,Tinton Falls,NJ
FRESH DENTAL CARE Eastex,info@freshdentalcare.com,+12814001111,https://www.freshdentalcare.com/,Houston,TX
Smile Select Dental,welcome@smileselectdental.com,+19096065566,https://www.smileselectdental.com/,Diamond Bar,CA
FRESH DENTAL CARE 45 North,info@freshdentalcare.com,+12814001111,https://www.freshdentalcare.com/,Houston,TX
Smile Select Dental Norco,welcome@smileselectdental.com,+19096065566,https://www.smileselectdental.com/,Norco,CA
Brook West Family Dentistry - Maple Grove,info@brookwest.com,+17635612273,http://brookwestfamilydentistry.com/,Maple Grove,MN
CD&L Dental Associates,cdldental@cdldental.com,+12248148176,https://www.cdldental.com/,Spring Grove,IL
Adore Dental,info@adoredentalcare.com,+13106403500,https://adoredentalcare.com/,El Segundo,CA
Smile Creations,contact@smilecreationsdentalgroup.com,+18187512233,https://www.smilecreationsdentalgroup.com/,Burbank,CA
Apollonia Dental,JMarviziDDS@yahoo.com,+15625954123,https://www.apolloniadentallongbeach.com/,Long Beach,CA
Great Neck NY Dentist | Great Neck Dental Associates,contact@greatneckdentalassociates.com,+15164875500,https://www.greatneckdentalassociates.com/,Great Neck,NY
Night Owl Dental,smile@nightowldental.com,+13105303790,https://www.nightowldental.com/,Lomita,CA
Dental Care of West Chester,dentalcarewestchester@yahoo.com,+16106965014,https://www.dentistwc.com/,West Chester,PA
Reza Dental Care,info@rezadentalcare.com,+13234578787,https://rezadentalcare.com/,South Gate,CA
Quail Lakes Dental Care,quaillakesdental@cheemadental.com,+12098007146,https://quaillakesdental.com/,Stockton,CA
Central Mass Dental,centralmassdentalgardner@gmail.com,+19784109664,https://www.centralmassdental.com/,Gardner,MA
Brentwood Dental Art,info@brentwooddentalart.com,+12134638870,https://brentwooddentalart.com/,Los Angeles,CA
Team Crowley Dental of Ashwaubenon,Dr.Bob@teamcrowleydental.com,+19204996244,https://www.greenbaywidentist.com/,Green Bay,WI
Cupertino Dental Group,info@cupertinodentalgroup.com,+14082573031,https://www.cupertinodentalgroup.com/,Cupertino,CA
MouthPeace Dental - East Point,douglasville@mouthpeacedental.com,+14042286801,https://mouthpeacedental.com/,Atlanta,GA
MouthPeace Dental - East Point,info@mouthpeacedental.com,+14042286801,https://mouthpeacedental.com/,Atlanta,GA
MouthPeace Dental - East Point,midtown@mouthpeacedental.com,+14042286801,https://mouthpeacedental.com/,Atlanta,GA
MouthPeace Dental - East Point,delowe@mouthpeacedental.com,+14042286801,https://mouthpeacedental.com/,Atlanta,GA
MouthPeace Dental - East Point,forestpark@mouthpeacedental.com,+14042286801,https://mouthpeacedental.com/,Atlanta,GA
Tamara Rojas DMD PA,info@toothfairyworkshop.com,+19549661801,https://toothfairyworkshop.com/,Hollywood,FL
EJL Dental,info@ejldental.com,+13018816170,https://www.ejldental.com/,Rockville,MD
New York Dental Studio,info@newyorkdentalstudio.com,+12125881809,https://nydentalstudio.com/,New York,NY
VCU Dental Care,dentalcare@vcu.edu,+18048289190,https://dentistry.vcu.edu/patients/,Richmond,VA
214 Dental Arts,hello@214dentalarts.com,+12144320094,https://www.214dentalarts.com/,Flower Mound,TX
"Steven R. Bergara, DDS",drbergara@msn.com,+16263178702,https://www.drbergara.com/,Alhambra,CA
Ohio Implants and Dentures,info@ohioimplantsanddentures.com,+15133423249,https://ohioimplantsanddentures.com/,West Chester Township,OH
Bayway Dental,baywaydental@gmail.com,+17279142707,https://dentiststpetefl.com/,St. Petersburg,FL
Metropolitan Dental Specialty Group,info@metdentgroup.com,+13015850405,https://metdentgroup.com/,Silver Spring,MD
Blossoming Smiles,ParajonDentalGroup@gmail.com,+19492169090,https://www.blossomingsmilesdental.com/,Rancho Santa Margarita,CA
Ennis Smiles,ennissmiles@gmail.com,+19728752501,https://ennissmiles.com/home,Ennis,TX
Valley View Dental - Tracy,tracy@cheemadental.com,+12098317257,https://tracydentalspa.com/,Tracy,CA
Conley Family Dentistry,info@southbowiedentist.com,+13012182454,https://www.staffordconleydds.com/,Bowie,MD
ColumbiaDoctors - Dentistry,mcm2146@cumc.columbia.edu,+12123056100,http://dental.columbia.edu/,New York,NY
ColumbiaDoctors - Dentistry,cdm-pgadmissions@columbia.edu,+12123056100,http://dental.columbia.edu/,New York,NY
ColumbiaDoctors - Dentistry,rh2021@cumc.columbia.edu,+12123056100,http://dental.columbia.edu/,New York,NY
ColumbiaDoctors - Dentistry,cdm-admissions@columbia.edu,+12123056100,http://dental.columbia.edu/,New York,NY
ColumbiaDoctors - Dentistry,cdmcommunications@cumc.columbia.edu,+12123056100,http://dental.columbia.edu/,New York,NY
ColumbiaDoctors - Dentistry,nzd2101@cumc.columbia.edu,+12123056100,http://dental.columbia.edu/,New York,NY
ColumbiaDoctors - Dentistry,sh298@cumc.columbia.edu,+12123056100,http://dental.columbia.edu/,New York,NY
ColumbiaDoctors - Dentistry,cdmdevelopment@cumc.columbia.edu,+12123056100,http://dental.columbia.edu/,New York,NY
ColumbiaDoctors - Dentistry,dentalce@columbia.edu,+12123056100,http://dental.columbia.edu/,New York,NY
ColumbiaDoctors - Dentistry,cbb2@cumc.columbia.edu,+12123056100,http://dental.columbia.edu/,New York,NY
ColumbiaDoctors - Dentistry,mc1385@cumc.columbia.edu,+12123056100,http://dental.columbia.edu/,New York,NY
ColumbiaDoctors - Dentistry,rk302@cumc.columbia.edu,+12123056100,http://dental.columbia.edu/,New York,NY
Dentist Indialantic - Beachside Family Dentistry - Jessica L. Mansfield DDS,frontdesk@beachsidefamilydentistry.com,+13217235244,https://www.jessicamansfield-dds.com/,Indialantic,FL
Dentist Yorktown - Smiles of Kiln Creek,kilncreek@thesmilegroup.com,+17578980845,https://www.smilesofkilncreek.com/,Yorktown,VA
Bellissimo Dentistry,smile@bellissimodentistry.com,+14809355900,https://www.bellissimodentistry.com/,Chandler,AZ
"Ballwin Dentist - Angelina Anisimova, DDS",info@myballwindentist.com,+16364341244,https://www.myballwindentist.com/,Ballwin,MO
"Dentist Lincoln Park - Jeffrey M. Falduto, DMD",office@jfalduto.com,+19736964200,https://www.jeffreymfaldutodmd.com/,Lincoln Park,NJ
Worcester Dentist - Union Dental - MA,mymail@mailservice.com,+17744202600,https://www.theuniondental.com/,Worcester,MA
Batavia Dentist - Ronald A Murphy DMD,info@murphydentistry.com,+16308797642,https://www.murphydentistry.com/,Batavia,IL
Dentist Chesapeake - Smiles of Chesapeake,help@doctoria.com,+17573497593,https://www.smilesofchesapeake.com/,Chesapeake,VA
Dentist Chesapeake - Smiles of Chesapeake,chesapeake@thesmilegroup.com,+17573497593,https://www.smilesofchesapeake.com/,Chesapeake,VA
Dentist Raleigh - Blue Ridge Dental Care,email@blueridgedentalcare.com,+19197813862,https://blueridgedentalcare.com/,Raleigh,NC
Dentist Mathews - Smiles of Mathews,mathews@thesmilegroup.com,+18045051020,https://www.smilesofmathews.com/,Hudgins,VA
Olean Dental Studio,studio@oleandental.com,+19412691332,https://www.oleandental.com/,Port Charlotte,FL
Nooga Dentistry,info@marksdilldds.com,+14235927676,https://www.marksdilldds.com/,Chattanooga,TN
Farmington Family Dental,scheduling@farmingtonfamilydental.com,+15737565760,https://farmingtonfamilydental.com/,Farmington,MO
All Smiles By Design,staff@allsmilesbydesign.com,+17024929399,https://www.allsmilesbydesign.com/,Henderson,NV
Lafayette Dentist - SOLA Dental,info@sola.dental,+13379933223,https://www.sola.dental/,Lafayette,LA
Palm Harbor Premier Dental,info@palmharbordental.com,+17273493615,https://www.palmharborpremierdental.com/,Palm Harbor,FL
Dentist Vienna - Tysons West Orthodontics & Children's Dentistry,office@tysonswestortho.com,+17038212222,https://www.tysonswestortho.com/,Vienna,VA
Decatur Dentist - Christian Family Dentistry,nwokorie1@gmail.com,+19406278400,https://christianfamilydentistrytx.com/,Decatur,TX
"Dentist Williamsburg- James A. Burden, D.D.S. & Associates",info@smilesofwilliamsburg.com,+17572291224,https://www.smilesofwilliamsburg.com/,Williamsburg,VA
Syracuse Dentist - Smiles By Design,info@smilesbd.com,+13156303637,https://www.smilesbd.com/,Syracuse,NY
Marlborough Dentist - Union Dental - MA,mymail@mailservice.com,+17744202600,https://www.theuniondental.com/,Marlborough,MA
Dentist West Point - Smiles of West Point,WestPoint@thesmilegroup.com,+18048433602,https://www.smilesofwestpoint.com/,West Point,VA
Guru Dentistry,drvaniliadds@gmail.com,+19496583247,https://www.gurudentistry.com/,Irvine,CA
Carmel Valley Dental,info@carmelvalleydental.com,+18587588867,https://www.carmelvalleydental.com/,San Diego,CA
Lurie Dental,LurieDDS@gmail.com,+15618191254,https://www.luriedental.com/,Delray Beach,FL
"Lunenburg Dentist - David D Gianino, DDS",office@drgianino.com,+19785030347,https://www.drgianino.com/,Lunenburg,MA
"Pearl Dentistry, Youstina Guirguis DMD",hello@pearldentalny.com,+18457350141,https://pearldentalny.com/,Pearl River,NY
"RC Dental Clinic | Dr. Cabrera specialized in crowns, veneers, and smile design.",rcdentalclinics@gmail.com,+13055960322,https://rcdentalclinics.com/,Miami,FL
Encino Dental Smile,info@encinodentalsmile.com,+18185142228,https://encinodentalsmile.com/,Encino,CA
Luth & Heideman Center for Dental Care,email@luthandheideman.com,+17023041902,http://lhdentalcare.com/,Las Vegas,NV
FRESH DENTAL CARE Katy,info@freshdentalcare.com,+12814001111,https://www.freshdentalcare.com/,Houston,TX
Grand Parkway Smiles,info@grandparkwaysmiles.com,+18322220016,http://dentistrichmondtx.com/,Katy,TX
Ascent Family Dental,Office@ascentfamilydental.com,+19704091106,https://greeleydental.com/,Greeley,CO
Livermore Dental Care,info@livermoredentalcare.com,+19254559510,https://www.livermoredentalcare.com/,Livermore,CA
Concierge Smile Boutique,info@conciergesmileboutique.com,+14244046400,https://www.conciergesmileboutique.com/,Culver City,CA
Dental Visions,contact@dentalvisions.com,+18172957116,https://www.dentalvisions.com/,Burleson,TX
Sensitive Care Dental Health Center,Dentists@sensitivecare.net,+12039515540,https://www.sensitivecare.net/,Milford,CT
Model Dental Clinic,modeldental@yahoo.com,+14107306666,https://modeldental.com/,Columbia,MD
"J. Richard Shih, DDS",mgt@ezsmiledental.com,+18586896088,https://ezsmiledental.com/,San Diego,CA
Dental Care and Implants of North East Houston (Formerly Known As: A Dental Care - Tidwell),tcun@adentalcare.com,+12818038474,https://adentalcare.com/,Houston,TX
Dental Care and Implants of North East Houston (Formerly Known As: A Dental Care - Tidwell),greenspointadc@adentalcare.com,+12818038474,https://adentalcare.com/,Houston,TX
Dental Care and Implants of North East Houston (Formerly Known As: A Dental Care - Tidwell),gulfgatemanager@adentalcare.com,+12818038474,https://adentalcare.com/,Houston,TX
Dental Care and Implants of North East Houston (Formerly Known As: A Dental Care - Tidwell),tidwelllead@adentalcare.com,+12818038474,https://adentalcare.com/,Houston,TX
Dental Care and Implants of North East Houston (Formerly Known As: A Dental Care - Tidwell),springtc@adentalcare.com,+12818038474,https://adentalcare.com/,Houston,TX
"Kitsap Oral, Maxillofacial & Dental Implant Surgery",scheduling@kitsapoms.com,+13604475100,https://www.kitsapoms.com/,Silverdale,WA
Dentist Downtown Seattle,info@dentistdowntownseattle.com,+12063629110,https://dentistdowntownseattle.com/,Seattle,WA
Capitol Hill Seattle Dentist,info@capitolhillseattledentist.com,+12063237727,https://seattlewadentistry.com/,Seattle,WA
MouthPeace Dental - Douglasville,douglasville@mouthpeacedental.com,+14042286801,https://mouthpeacedental.com/,Douglasville,GA
MouthPeace Dental - Douglasville,info@mouthpeacedental.com,+14042286801,https://mouthpeacedental.com/,Douglasville,GA
MouthPeace Dental - Douglasville,midtown@mouthpeacedental.com,+14042286801,https://mouthpeacedental.com/,Douglasville,GA
MouthPeace Dental - Douglasville,delowe@mouthpeacedental.com,+14042286801,https://mouthpeacedental.com/,Douglasville,GA
MouthPeace Dental - Douglasville,forestpark@mouthpeacedental.com,+14042286801,https://mouthpeacedental.com/,Douglasville,GA
TeethNow Dental Implants New York City,info@teethnow.com,+18774476929,https://teethnow.com/,New York,NY
DENTALMED Associates-Miramar,coordinator@dentalmedassociates.com,+19545057631,http://dentalmedassociates.com/,Miramar,FL
"Extraordinary Smile: Zahra Hakim D.D.S., Inc.",DrHakim@extraordinarysmile.com,+16503213220,https://www.extraordinarysmile.com/,Palo Alto,CA
EverSmile Dental,dre@dentist-saddlebrook.com,+12012665726,https://eversmiledentalnj.com/,Saddle Brook,NJ
College Hill Dental Group,smile@collegehilldentalpa.com,+16108147959,https://collegehilldentalpa.com/,Easton,PA
"Art of Smiles Dentistry, Michael A. Antone, DDS",smile@artofsmilesdentistry.com,+15138451596,https://www.artofsmilesdentistry.com/,Harrison,OH
The River's Edge Dental,theriversedgedental@gmail.com,+15207794246,https://theriversedgedental.com/,Coolidge,AZ
Jain Dental Care,info@jaindds.com,+14047777147,https://jaindds.com/,Atlanta,GA
Trident Smiles Dental - Sunnyvale Dentists & Implants,care@tridentsmilesdental.com,+14085051777,https://www.tridentsmilesdental.com/,Sunnyvale,CA
"Higginbotham Family Dental with Dr. Chip Linebarier, DDS",westmemphishfd@higginbothamfamilydental.com,+18702150058,https://www.higginbothamfamilydental.com/,Germantown,TN
"Higginbotham Family Dental with Dr. Chip Linebarier, DDS",paragouldhfd@higginbothamfamilydental.com,+18702150058,https://www.higginbothamfamilydental.com/,Germantown,TN
"Higginbotham Family Dental with Dr. Chip Linebarier, DDS",eastmemphishfd@higginbothamfamilydental.com,+18702150058,https://www.higginbothamfamilydental.com/,Germantown,TN
"Higginbotham Family Dental with Dr. Chip Linebarier, DDS",southwestdrivehfd@higginbothamfamilydental.com,+18702150058,https://www.higginbothamfamilydental.com/,Germantown,TN
"Higginbotham Family Dental with Dr. Chip Linebarier, DDS",colliervillehfd@higginbothamfamilydental.com,+18702150058,https://www.higginbothamfamilydental.com/,Germantown,TN
"Higginbotham Family Dental with Dr. Chip Linebarier, DDS",hilltophfd@higginbothamfamilydental.com,+18702150058,https://www.higginbothamfamilydental.com/,Germantown,TN
"Higginbotham Family Dental with Dr. Chip Linebarier, DDS",memphishfd@higginbothamfamilydental.com,+18702150058,https://www.higginbothamfamilydental.com/,Germantown,TN
"Higginbotham Family Dental with Dr. Chip Linebarier, DDS",bartletthfd@higginbothamfamilydental.com,+18702150058,https://www.higginbothamfamilydental.com/,Germantown,TN
"Higginbotham Family Dental with Dr. Chip Linebarier, DDS",blythevillehfd@higginbothamfamilydental.com,+18702150058,https://www.higginbothamfamilydental.com/,Germantown,TN
"Higginbotham Family Dental with Dr. Chip Linebarier, DDS",kennetthfd@higginbothamfamilydental.com,+18702150058,https://www.higginbothamfamilydental.com/,Germantown,TN
Ideal Smiles Dental Care,alec@idealsmilesdentalcare.com,+19542896045,https://idealsmilesdentalcare.com/,Plantation,FL
Sheema Zaim DMD LTD - Oak Park,Drsheemazaim@dentistinoakpark.com,+17085240555,https://dentistinoakpark.com/,Oak Park,IL
Parkway Dental Care,info@parkwaydental-care.com,+14079322273,https://parkwaydental-care.com/,Kissimmee,FL
"The Dentist Group, Dr. Josh Berd, DDS INC",info@thedentistgroup.com,+14156586202,https://thedentistgroup.com/,San Francisco,CA
Creative Smiles,fullerton@mycreativesmiles.com,+17147054118,https://www.mycreativesmiles.com/,Fullerton,CA
Contemporary Dental Care,info@contemporarydentalcare.com,+16892667555,https://www.contemporarydentalcare.com/,Orlando,FL
Greater Essex Dental,info@greateressexdentistry.com,+19783464610,https://www.greateressexdentistry.com/,Merrimac,MA
My Smiles Dental Center,Americandentalgroup6719@gmail.com,+14144646300,https://americandentalgroupmilwaukee.com/,Milwaukee,WI
"Luna Dental Astoria: Joshua Ishal, DDS",hello@lunadentalastoria.com,+17187195862,https://dentistastoriany.com/,Astoria,NY
Dr. Joseph Guzzardi - Dental Associates KIDS New Milford,info@dentalassociates.us,+12037485717,https://dentalassociates.us/,New Milford,CT
Redmond Essence of Dentistry,info@essenceofdentistry.com,+14258850200,https://www.essenceofdentistry.com/,Redmond,WA
Seattle Sound Dental - Downtown,info@seattlesounddental.com,+12066237296,http://seattlesounddental.com/,Seattle,WA
Celebrate Dental & Braces- East Desert Inn,info@celebratedental.com,+17029227000,https://lvdentalbraces.com/,Las Vegas,NV
Minty Fresh Miami: Dental & Orthodontics,hello@mintyfreshmiami.com,+13054426422,https://mintyfreshmiami.com/,Coral Gables,FL
Oso Marguerite Dental Mission Viejo - Dentist - Cosmetic Dentist In Mission Viejo,admin@osomd.com,+19496823535,https://www.osomargueritedental.com/,Mission Viejo,CA
Thumbs Up Dental - Caro,thumbsupdental@yahoo.com,+18106883047,https://thumbsupdentalplc.com/,Caro,MI
Thumbs Up Dental - Caro,thumbsupdentalpllc@yahoo.com,+18106883047,https://thumbsupdentalplc.com/,Caro,MI
South Dade Dental Specialties Group Homestead,doctor@dentistservices.miami,+13052421200,https://dentistservicesfloridacity.com/,Homestead,FL
Seascape Cosmetic and Implant Dentistry - Huntington Beach,hb@seascape-dentistry.com,+17146369700,https://seascape-dentistry.com/,Huntington Beach,CA
Seascape Cosmetic and Implant Dentistry - Huntington Beach,seascape.dentistry@gmail.com,+17146369700,https://seascape-dentistry.com/,Huntington Beach,CA
Commack Family Dental,CommackFamilyDental@gmail.com,+16318581301,https://www.commackfamilydental.com/,Commack,NY
Twin Dental New York: Dr. Boris Davydov and Dr. Evelina Davydova,smiles@twindentalnewyork.com,+12126596494,https://twindentalnewyork.com,New York,NY
Apex Dentistry - Fort Pierce,apex.dentistfp@gmail.com,+17728829397,https://apexdentistry.net/,Fort Pierce,FL
"TLC Dental: Long N Phan, DMD, MAGD",tlcdentaloffice@gmail.com,+19513043044,https://tlcdentalmurrieta.com/,Murrieta,CA
About Smiles Family & Cosmetic Dentistry,info@aboutsmilesinaustin.com,+15124445577,https://www.aboutsmilesinaustin.com/,Round Rock,TX
Encino Dental Studio - | Dentist Encino | Emergency & Cosmetic Dentist in Encino,info@encinodentalstudio.com,+18185010427,https://encinodentalstudio.com/,Encino,CA
Navarro Dental Care,navarrodentalgroup@gmail.com,+13052790717,https://navarrodentalcare.com/,Miami,FL
Navarro Dental Care,navarrodentalhallandale@gmail.com,+13052790717,https://navarrodentalcare.com/,Miami,FL
Newport Beach Dental Associates - Cosmetic Dentist - Dentist Newport Beach,sarah@nbdentalassociates.com,+19496506772,http://drgold.us/,Newport Beach,CA
Signature Dental Group - Delray Beach,info@mysignaturedentist.com,+15612761181,https://www.mysignaturedentist.com/,Delray Beach,FL
Life Smile Dental by Dr. Edgar Navarrete,lifesmiledentalgroup@gmail.com,+13055586832,https://lifesmile-dental.com/,Hialeah,FL
About Smiles,info@aboutsmilesinaustin.com,+15124445577,https://www.aboutsmilesinaustin.com/,Austin,TX
Biohax Dental Miami - Holistic & Cosmetic Dentistry,Smile@biodent.net,+13056038373,https://biohaxdental.com/,Miami,FL
Beacon Dental Center,beacondentalclt@gmail.com,+17045271228,http://beacondentalcharlotte.com/,Charlotte,NC
Revive Family Dentistry,info@revivedentistry.com,+14693404002,http://revivedentistry.com/,Grand Prairie,TX
Brookstone Dental Care,responses@brookstoneaz.com,+16029921639,https://brookstoneaz.com/,Phoenix,AZ
New Smile Dental,mdounel@yahoo.com,+13106745555,http://newsmiledental.com/,Inglewood,CA
South Beach Dentistry,contact@southbeachdentistry.com,+13055326795,https://southbeachdentistry.com/,Miami Beach,FL
Galleria Dental Center,smileofgalleria@gmail.com,+17139609926,https://dentistgalleria.com/,Houston,TX
Carl F. Lipe DDS - Dental Clinic,carllipe@gmail.com,+13037440600,https://carllipedds.com/,Denver,CO
Ideal Smiles Dental Care,alec@idealsmilesdentalcare.com,+19542896045,https://idealsmilesdentalcare.com/,Tamarac,FL
Andrew H. Kim DDS,drandrewhkim@gmail.com,+18054341234,https://www.templetondentist.com/,Templeton,CA
Main Street Dentistry,frontoffice@mainstreetdentistry.com,+17704756136,https://www.mainstreetdentistry.com/,Alpharetta,GA
A&A Dental,laserdmds@hotmail.com,+17322645933,https://holmdeldental.com/,Holmdel,NJ
"David W. Garrett, DDS",garrettdental@sbcglobal.net,+12543999900,https://www.garrettfamilydental.com/,Waco,TX
Smile League Dental,smileleaguedental@gmail.com,+18157826243,https://smileleaguedental.com/,Joliet,IL
Higginbotham Family Dental,westmemphishfd@higginbothamfamilydental.com,+18702150058,https://www.higginbothamfamilydental.com/,Jonesboro,AR
Higginbotham Family Dental,paragouldhfd@higginbothamfamilydental.com,+18702150058,https://www.higginbothamfamilydental.com/,Jonesboro,AR
Higginbotham Family Dental,eastmemphishfd@higginbothamfamilydental.com,+18702150058,https://www.higginbothamfamilydental.com/,Jonesboro,AR
Higginbotham Family Dental,southwestdrivehfd@higginbothamfamilydental.com,+18702150058,https://www.higginbothamfamilydental.com/,Jonesboro,AR
Higginbotham Family Dental,colliervillehfd@higginbothamfamilydental.com,+18702150058,https://www.higginbothamfamilydental.com/,Jonesboro,AR
Higginbotham Family Dental,hilltophfd@higginbothamfamilydental.com,+18702150058,https://www.higginbothamfamilydental.com/,Jonesboro,AR
Higginbotham Family Dental,memphishfd@higginbothamfamilydental.com,+18702150058,https://www.higginbothamfamilydental.com/,Jonesboro,AR
Higginbotham Family Dental,bartletthfd@higginbothamfamilydental.com,+18702150058,https://www.higginbothamfamilydental.com/,Jonesboro,AR
Higginbotham Family Dental,blythevillehfd@higginbothamfamilydental.com,+18702150058,https://www.higginbothamfamilydental.com/,Jonesboro,AR
Higginbotham Family Dental,kennetthfd@higginbothamfamilydental.com,+18702150058,https://www.higginbothamfamilydental.com/,Jonesboro,AR
Higginbotham Family Dental,westmemphishfd@higginbothamfamilydental.com,+18702150058,https://www.higginbothamfamilydental.com/,Kennett,MO
Higginbotham Family Dental,paragouldhfd@higginbothamfamilydental.com,+18702150058,https://www.higginbothamfamilydental.com/,Kennett,MO
Higginbotham Family Dental,eastmemphishfd@higginbothamfamilydental.com,+18702150058,https://www.higginbothamfamilydental.com/,Kennett,MO
Higginbotham Family Dental,southwestdrivehfd@higginbothamfamilydental.com,+18702150058,https://www.higginbothamfamilydental.com/,Kennett,MO
Higginbotham Family Dental,colliervillehfd@higginbothamfamilydental.com,+18702150058,https://www.higginbothamfamilydental.com/,Kennett,MO
Higginbotham Family Dental,hilltophfd@higginbothamfamilydental.com,+18702150058,https://www.higginbothamfamilydental.com/,Kennett,MO
Higginbotham Family Dental,memphishfd@higginbothamfamilydental.com,+18702150058,https://www.higginbothamfamilydental.com/,Kennett,MO
Higginbotham Family Dental,bartletthfd@higginbothamfamilydental.com,+18702150058,https://www.higginbothamfamilydental.com/,Kennett,MO
Higginbotham Family Dental,blythevillehfd@higginbothamfamilydental.com,+18702150058,https://www.higginbothamfamilydental.com/,Kennett,MO
Higginbotham Family Dental,kennetthfd@higginbothamfamilydental.com,+18702150058,https://www.higginbothamfamilydental.com/,Kennett,MO
Deccan Dental - Samir Nanjapa DDS San Mateo,info@mydeccandental.com,+16509102301,https://www.generaldentistsanmateo.com/,San Mateo,CA
Wellington Dentist - Dr Sergio Rauchwerger - Smile Designs,smile@smiledesignsdentaloffice.com,+15617987807,https://www.smiledesignsllc.com/,Wellington,FL
Hempstead Dental,hempsteaddental@gmail.com,+19798264040,https://hempsteaddentaltx.com/home,Hempstead,TX
Radiant Dentistry,admin@radiantdentistrysmiles.com,+13523543601,https://www.radiantdentistrysmiles.com/,Newberry,FL
"Orange County dentist , Garden Grove Dentist , Marianna Ibrahim DDS",Frontoffice@gardengrovedentalarts.com,+17145375701,http://gardengrovedentalarts.com/,Garden Grove,CA
Fabulous Dentistry,service@fabulousdentistry.com,+17134681400,https://www.fabulousdentistry.com/,Houston,TX
Port Arthur Smiles,manager.pas@3cdentalgroup.com,+14095480685,https://portarthursmiles.com/,Port Arthur,TX
Healthy Dental,info@healthydental.com,+14108880888,https://healthydental.com/,Landover,MD
Pacifica Dental,info@pacificadental.com,+17148488211,http://dentistinhuntingtonbeachca.com/,Huntington Beach,CA
Waverly Dental,waverlyoralsurgery@gmail.com,+17042466051,https://www.waverlydentalgroup.com/,Charlotte,NC
Waverly Dental,contact@waverlydentalgroup.com,+17042466051,https://www.waverlydentalgroup.com/,Charlotte,NC
Waverly Dental,oralsurgery@waverlydentalgroup.com,+17042466051,https://www.waverlydentalgroup.com/,Charlotte,NC
Watson Dental Care,web@dentistorlandoflorida.com,+14073513213,https://dentistorlandoflorida.com/,Orlando,FL
Smile Unique Dental & Orthodontics,jaykumardmd@gmail.com,+18323918660,https://www.smileuniquedentistry.com/,Houston,TX
Towne Square Dental,townsquaredentalnh@gmail.com,+16034327771,https://mylondonderrydentist.com/,Londonderry,NH
Heritage Oak Dental,contactus@heritageoakdental.com,+19166264050,https://www.heritageoakdental.com/,Rocklin,CA
Celebrate Dental & Braces - Las Vegas Cheyenne,info@celebratedental.com,+17029227000,https://lvdentalbraces.com/,Las Vegas,NV
"Mooresville Family Dentistry, P.C.",mooresvilledentist@yahoo.com,+13178316000,https://drtoddtaylorin.com/,Mooresville,IN
"Laura Perez, DDS",advancedsmileclinic@gmail.com,+17863910588,https://www.advancedsmileclinic.com/,Coral Gables,FL
All Smiles Dentistry,info@allsmilesdentistryallen.com,+19727471996,https://www.allsmilesdentistryallen.com/,Allen,TX
"Karey Kusuhara, DDS",kusuharadental@yahoo.com,+18187727720,https://kusuharadental.com/,Northridge,CA
Tracy Dental Excellence,info@tracydentalexcellence.com,+12098348613,https://www.tracydentalexcellence.com/,Tracy,CA
"Pro Dental - Blaine, MN",office@prodentalmn.com,+17632312050,https://www.prodentalmn.com/,Blaine,MN
Villa Dental Paramount,info@villadentalparamount.com,+15626021200,https://villadentalparamount.com/,Paramount,CA
Ora Dentistry,info@oradentistry.com,+19169751000,https://www.oradentistry.com/,Elk Grove,CA
New Leaf Rohnert Park,eddie@newleafrp.com,+17075861549,https://www.newleafrp.com/,Rohnert Park,CA
William R Pike DDS,Aspdent@aol.com,+19702150819,https://www.williamrpike.com/,Estes Park,CO
San Tan Oral Surgery,Santanxray@gmail.com,+14806042592,https://santanoralsurgery.com/,Gilbert,AZ
Family & Cosmetic Dentistry,ellicottdds@yahoo.com,+14104657575,https://www.ellicottcitydentistry.com/,Ellicott City,MD
CosmetoDent Dental of San Antonio,mycosmetodent@gmail.com,+12106470097,https://mycosmetodent.com/,San Antonio,TX
SimpliSmiles Farmingdale,hicksville@simplismiles.com,+15167560111,https://www.simplismiles.com/,Farmingdale,NY
SimpliSmiles Farmingdale,farmingdale@simplismiles.com,+15167560111,https://www.simplismiles.com/,Farmingdale,NY
Coral Gables Dental Health Center,office@coralgables.dental,+13054448591,https://coralgables.dental/,Coral Gables,FL
Rapha Dental LLC,info@raphadentalllc.com,+18568298668,https://raphadentalllc.com/,Cinnaminson,NJ
Total Dentistry,TotalDentistryOnline@gmail.com,+15132450148,https://totaldentistrycincinnati.com/,Cincinnati,OH
Franklin Dental Associates,info@franklindental.com,+15085200591,http://franklindental.com/,Franklin,MA
Staffordshire Dental Group P.A.,staffordshiredentalgroup@gmail.com,+18566273400,https://www.staffordshiredental.com/,Voorhees Township,NJ
Steinway Family Dental Center,reception.sfdc@gmail.com,+12762888721,https://www.alldentalneeds.com/,Astoria,NY
New Tempo Family Dental,newtempo@ntfdental.com,+16028949377,https://www.newtempofamilydental.com/,Phoenix,AZ
McHenry Family Dental,Office@mchenryfamilydental.com,+18153856545,http://mchenryfamilydental.com/,McHenry,IL
DDS Group,info@ddsgroupnyc.com,+12122696655,https://www.ddsgroupnyc.com/,New York,NY
Pure Dental,info@puredentalaz.com,+14809941818,https://puredentalaz.com/,Scottsdale,AZ
Pure Dental,dankang@puredentalaz.com,+14809941818,https://puredentalaz.com/,Scottsdale,AZ
Raleigh Oral Surgery and Dental Implants - Clayton,nh@raleighoralsurgery.com,+19198764746,https://www.raleighoralsurgery.com/,Clayton,NC
Raleigh Oral Surgery and Dental Implants - Clayton,clayton@raleighoralsurgery.com,+19198764746,https://www.raleighoralsurgery.com/,Clayton,NC
Raleigh Oral Surgery and Dental Implants - Clayton,nral@raleighoralsurgery.com,+19198764746,https://www.raleighoralsurgery.com/,Clayton,NC
"Avon Oral, Facial and Dental Implant Surgery",info@avonomfs.com,+18602576994,http://avonomfs.com/,Glastonbury,CT
"Utah Surgical Arts, Wisdom Teeth and Dental Implants",frontdesk@utahsurgicalarts.com,+18019383412,https://www.utahsurgicalarts.com/,Provo,UT
"Utah Surgical Arts, Wisdom Teeth and Dental Implants",oms@utahsurgicalarts.com,+18019383412,https://www.utahsurgicalarts.com/,Provo,UT
"Utah Surgical Arts, Wisdom Teeth and Dental Implants",frontdesk@utahsurgicalarts.com,+18019383412,https://www.utahsurgicalarts.com/,South Jordan,UT
"Utah Surgical Arts, Wisdom Teeth and Dental Implants",oms@utahsurgicalarts.com,+18019383412,https://www.utahsurgicalarts.com/,South Jordan,UT
"Joe Burns, DDS",info@joeburnsdds.com,+16019565410,https://joeburnsdds.com/,Ridgeland,MS
"Elegant Edge Dentistry - Dr. Gregory Mansour, DDS",info@elegantedgedentistry.com,+12488006604,https://elegantedgedentistry.com/,Rochester Hills,MI
Thumbs Up Dental - North Branch,thumbsupdental@yahoo.com,+18106883047,https://thumbsupdentalplc.com/,North Branch,MI
Thumbs Up Dental - North Branch,thumbsupdentalpllc@yahoo.com,+18106883047,https://thumbsupdentalplc.com/,North Branch,MI
Contemporary Dental Care- Altamonte,info@contemporarydentalcare.com,+16892667555,https://www.contemporarydentalcare.com/,Altamonte Springs,FL
Contemporary Dental Care- Ocoee,info@contemporarydentalcare.com,+16892667555,https://www.contemporarydentalcare.com/,Ocoee,FL
703 Dental,office@703dental.com,+17038842080,https://703dental.com/,Woodbridge,VA
South Reno Dental - Cole VanderWel DDS,info@southrenodental.com,+17753843500,https://southrenodental.com/,Reno,NV
Flossophy Dental Studio - Dentist Fort Worth,contact-info@flossophydentalstudio.com,+18177200121,https://flossophydentalstudio.com/,Fort Worth,TX
Shady Spring Dental Care - Lochgelly,shadyspringdentalcare@gmail.com,+13044694911,https://www.shadyspringdentalcare.com/,Lochgelly,WV
Walnut Creek Prosthodontics & Dental Implants,contact@prosthodonticsdentalimplants.com,+19259345526,https://prosthodonticsdentalimplants.com/,Walnut Creek,CA
Active Dental Prosper,activedentalprosper@gmail.com,+14698608791,https://activedentalprosper.com/,Prosper,TX
Antelope Dental Associates,frontoffice@antelopedentalassociates.com,+19163310760,https://www.antelopedentalassociates.com/,Antelope,CA
Smile Select Dental,welcome@smileselectdental.com,+19096065566,https://www.smileselectdental.com/,Chino Hills,CA
Twin Oaks Dental Studio,twinoaksdentalstudio@gmail.com,+12485534115,https://www.twinoaksdentalstudio.com/,Novi,MI
Polish Dentistry Houston Midtown,infomidtown@polishdentistry.com,+17139420101,https://www.polishdentistry.com/,Houston,TX
100 Dental Southlake - Yeu Jin Baik DDS,100dentalsouthlake@gmail.com,+18173296677,https://100dentalsouthlake.com/,Southlake,TX
Curtiss Dentistry of Maryville,info@curtissdentistry.com,+18659843211,https://www.curtissdentistry.com/,Maryville,TN
Curtiss Dentistry of Maryville,losangeles@dentalcare.com,+18659843211,https://www.curtissdentistry.com/,Maryville,TN
Trusted Dental,info@trusteddentalsf.com,+14153495109,https://www.trusteddentalsf.com/,San Francisco,CA
Active Dental Irving,marketplacedental@gmail.com,+14697153723,https://activedentalonline.com/,Irving,TX
Saybrook Family Dental Care,Office@saybrookdental.com,+18603882806,http://saybrookdental.com/,Old Saybrook,CT
"Roy M. Rosen, DDS",contact@thedetroitdentist.com,+12485591559,https://www.thedetroitdentist.com/?wait-before-scraping=1000&save-html=false&save-markdown=true,Southfield,MI
"Roy M. Rosen, DDS",info@thedetroitdentist.com,+12485591559,https://www.thedetroitdentist.com/?wait-before-scraping=1000&save-html=false&save-markdown=true,Southfield,MI
THE ēSSENTIAL DENTIST,info@essential.dentist,+18013691713,https://www.essential.dentist/,Pleasant Grove,UT
Cypress Grove Dental Group,cypressgrovedentalgroup@gmail.com,+17148983705,https://www.cypressgrovedentalgroup.com/,Garden Grove,CA
Diamond Dental of Sacramento,tiffany@diamonddentalofsacramento.com,+19164835900,https://www.diamonddentalofsacramento.com/,Sacramento,CA
Dr. Shay's Dentistry for Children and Adults (Monterey Park),drshaymontebelloca@gmail.com,+13237262626,https://www.drshay.com/,Monterey Park,CA
Flagstaff Smiles,info@flagstaffsmiles.com,+19287747373,https://www.flagstaffsmiles.com/,Flagstaff,AZ
Dentistry of South Florida Family & Emergency Dentists,info@dentistryofsouthflorida.com,+19544273000,https://www.dentistryofsouthflorida.com/,Deerfield Beach,FL
Ellinwood Dental,Tamara@ellinwooddental.com,+13153160073,https://www.ellinwooddental.com/,New Hartford,NY
Manyak Dental Group - Dentist San Mateo- Cosmetic Dentist - Emergency,info@manyakdental.com,+16503429941,https://www.manyakdental.com/,San Mateo,CA
Bellmore Family Dental,info@bellmorefamilydental.com,+15167817567,http://bellmorefamilydental.com/,Bellmore,NY
Dr. Steve Galvan,galvandentalcorporation@gmail.com,+19256766363,http://sgalvandds.com/,Concord,CA
Sunset Point Dental - Clearwater,sunsetpointdental@gmail.com,+17279533368,https://sunsetpointdental.com/,Clearwater,FL
Norman Dental and Implants,office@normandentalandimplants.com,+14054474400,https://www.normandentalandimplants.com/,Norman,OK
Guard Your Smile Dentistry - Annapolis,guard.yoursmile@verizon.net,+14102685751,https://guardyoursmile.com/,Annapolis,MD
Shifa Dental,info@shifadental.net,+19728913175,https://www.shifadental.net/,Plano,TX
Ideal Smiles Dental Care,alec@idealsmilesdentalcare.com,+19542896045,https://idealsmilesdentalcare.com/,Hollywood,FL
Dental Bright advanced family dentistry & orthodontics,infodb2@dentalbrightgroup.com,+17812291111,http://dentalbrightgroup.com/,Lawrence,MA
Dental Bright advanced family dentistry & orthodontics,info@dentalbrightgroup.com,+17812291111,http://dentalbrightgroup.com/,Lawrence,MA
Affinity Dental,info@affinitydentalinc.com,+17812551100,https://affinitydentalinc.com/,Norwood,MA
Allure Dental Arts,alluredentalarts@yahoo.com,+16262461200,https://alluredentalarts.com/,El Monte,CA
Illustradent Key Biscayne Dental,brandy2411@aol.com,+13056615360,https://coralgablesdentalarts.net/,Key Biscayne,FL
Mazza Center For Implant And Esthetic Dentistry,officemanager@mazzadental.info,+13012816961,https://mazzadental.com/,Bethesda,MD
Dr. Lewis Gross Holistic Dentist,reception@holistic-dentists.com,+12127322200,https://holistic-dentists.com/,New York,NY
East Erie Dental,eed@sechicagodentistry.com,+13125870200,https://easteriedental.com/,Chicago,IL
Advanced and Elite Dentistry,info@collegevillefamilydentistry.com,+16104547991,http://collegevillefamilydentistry.com/,Collegeville,PA
Empire Dental NY PC,info@empiredentalny.com,+17183773222,https://empiredentalny.com/,Brooklyn,NY
Mid-Wilshire Dental Care,info@midwilshiredentalcare.com,+13239312000,https://midwilshiredentalcare.com/,Los Angeles,CA
Tulsa Premier Dentistry,info@tulsapremierdentistry.com,+19183648180,https://tulsapremierdentistry.com/,Tulsa,OK
"Dr. Keith Brown DDS, FAGD | Naperville Family & Emergency Dentist",kabdds@aol.com,+16303579358,https://www.keithbrowndds.com/,Naperville,IL
Smile Expert Design Center by Dr. Jean-Jacques Edderai,appointment@drjjedderai.com,+13059477999,https://www.northmiamibeachdentist.com/,North Miami Beach,FL
River Dentistry,info@riverdentistry.com,+12134860006,https://riverdentistry.com/,Los Angeles,CA
Art of Cosmetic Dentistry,concierge@aocdbuckhead.com,+14048168200,https://artofcosmeticdentistry.com/,Atlanta,GA
Dr. Reed Layne - Huntersville Family & Cosmetic Dentistry,info@huntersvillencdentistry.com,+17048927866,https://huntersvillencdentistry.com/,Huntersville,NC
Picacho Dental,picachodental@gmail.com,+19283443177,https://www.picachodental.com/,Yuma,AZ
Sunset Plaza Dental,info@sunsetplazadental.com,+13108552434,https://sunsetplazadental.com/,West Hollywood,CA
CareWay Dental,care@lewisvilletx.dentist,+12147508000,http://lewisvilletx.dentist/,Lewisville,TX
Kendall S Wood DDS,office@albanydentalhealth.com,+15419286622,https://www.albanydentalhealth.com/,Albany,OR
Restoration Dental OC,info@restorationdentaloc.com,+17144000075,https://restorationdentaloc.com/,Orange,CA
Rockaway Dental PC,rockawaydentalpc@gmail.com,+17182571717,https://rockawaydentalpc.com/,Brooklyn,NY
Radiant Expressions Dental,RadiantExpressionsDental@gmail.com,+19544063878,https://www.radiantexpressionsdental.com/,Pembroke Pines,FL
LoPresti Cosmetic and Family Dentistry,stamfordctdentist@gmail.com,+12038839986,http://loprestidentalgroup.com/,Stamford,CT