business_name,email,phone,website,city,state
Miller's Custom Cleaners,millerscustomcleaning@gmail.com,+18175453422,https://www.millerscustomcleaners.com/,Euless,TX
Village Cleaners - Cottonwood Heights Ft. Union,info@villagecleaners.com,+18015551234,https://villagecleaners.com/,Cottonwood Heights,UT
4th Ave Cleaners,info@4thavecleaners.com,+16194879766,https://4thavecleaners.com/,San Diego,CA
ACE DRY CLEANERS - Fuquay-Varina,daviddesai1981@gmail.com,+19195574800,http://ace-drycleaners.com/,Fuquay-Varina,NC
Capital City Cleaners,rewards@217cleaners.com,+12176793766,https://217cleaners.com/,Springfield,IL
A French Cleaner,michaeljbaran@gmail.com,+14087780087,https://afrenchcleaner.com/,Morgan Hill,CA
New Paltz Express Laundry,newpaltzlaundry@gmail.com,+18452557554,http://newpaltzlaundry.com/,New Paltz,NY
Payless Cleaners & Alterations,info@thebeachcleaners.com,+17142537598,https://www.thebeachcleaners.com/,La Habra,CA
Morrisville Dry Cleaners,mdc@morrisvilledrycleaners.com,+19194686306,https://www.morrisvilledrycleaners.com/,Morrisville,NC
Rick's Cleaners,support@rickscleaners.com,+15124532916,http://rickscleaners.com/,Georgetown,TX
Bradford's Cleaners and Coin Laundry,bradford1010@yahoo.com,+12315476861,https://bradfordscleaners.com/,Petoskey,MI
Milto Cleaners & Laundry,info@milto.com,+13178887396,https://www.milto.com/,Greenwood,IN
Todd Layne Cleaners and Laundromat,concierge@toddlaynecleaners.com,+16466614777,https://toddlaynecleaners.com/,New York,NY
Todd Layne Cleaners and Laundromat,help@toddlaynecleaners.com,+16466614777,https://toddlaynecleaners.com/,New York,NY
Todd Layne Cleaners and Laundromat,talk@toddlaynecleaners.com,+16466614777,https://toddlaynecleaners.com/,New York,NY
Best Cleaners,delivery@bestcleaners.com,+18603461718,https://www.bestcleaners.com/,Wauwatosa,WI
Fivestarvalet Cleaners,info@fivestarvalet.net,+13216954137,https://www.fivestarvalet.net/,Orlando,FL
Village Cleaners - Draper,info@villagecleaners.com,+18015551234,https://villagecleaners.com/,Draper,UT
Village Cleaners - Sandy,info@villagecleaners.com,+18015551234,https://villagecleaners.com/,Sandy,UT
Village Cleaners - Holladay,info@villagecleaners.com,+18015551234,https://villagecleaners.com/,Holladay,UT
Village Cleaners - Cottonwood Heights Bengal Blvd.,info@villagecleaners.com,+18015551234,https://villagecleaners.com/,Cottonwood Heights,UT
Top Hat Cleaners,info@tophatcleaner.com,+12143480666,https://tophatcleaner.com/,Dallas,TX
Happy Laundromat 2,happylaundromat361@gmail.com,+17186405775,https://myhappylaundry.com/,Ridgewood,NY
Happy Laundromat 3,happylaundromat361@gmail.com,+17186405775,https://myhappylaundry.com/,Ridgewood,NY
Happy Laundromat,happylaundromat361@gmail.com,+17186405775,https://myhappylaundry.com/,Ridgewood,NY
The Wash House Laundromat,thewashhouse169@gmail.com,+18457840938,https://laundromatnywashhouse.com/,Newburgh,NY
Laundry Xpress-Dry Cleaning,laundryxpress@hotmail.com,+12603335758,http://laundryxpressfw.com/,Fort Wayne,IN
Park Street Laundromat & Dry Cleaners,info@parkstreetlaundryanddrycleaners.com,+12075636516,https://www.parkstreetlaundryanddrycleaners.com/,Rockland,ME
Brighton Laundry & Dry Cleaners,brightonlaundry@gmail.com,+16177871448,https://www.brightonlaundry.com/,Brighton,MA
Laundry Xpress - Dry Cleaning,laundryxpress@hotmail.com,+12603335758,http://laundryxpressfw.com/,Fort Wayne,IN
Laundry Xpress- Dry Cleaning,laundryxpress@hotmail.com,+12603335758,http://laundryxpressfw.com/,Fort Wayne,IN
Tumble - 5 Mile,info@tumblelaundryco.com,+15093264495,http://tumblelaundryco.com/,Spokane,WA
Oxford Laundry,info@oxfordlaundry.com,+15093396267,http://oxfordlaundry.com/,Moscow,ID
Kodiak Cleaners,kodiakcleaners@protonmail.com,+16023545067,https://kodiakcleanersaz.com/,Phoenix,AZ
Central Cleaners and Shirt Laundry--- Shorewood,info@centrallaundrygroup.com,+18157261229,http://centrallaundrygroup.com/,Shorewood,IL
Family Cleaners,zwhy131420@gmail.com,+16503435432,http://familycleanersca.com/,San Mateo,CA
Classic Cleaners,info@classiccleaners.com,+13178455244,http://classiccleaners.net/,Highland Park,NJ
Admiral Cleaners,customerservice@admiralcleaners.com,+14102950234,https://admiralcleaners.com/,Easton,MD
Admiral Cleaners,customerservice@admiralcleaners.com,+14102950234,https://admiralcleaners.com/,Severna Park,MD
Deluxe Laundry and Dry Cleaners,contact@deluxecleanersnc.com,+19194380450,https://www.deluxecleanersnc.com/,Raleigh,NC
Jerome Laundromat,email@jeromelaundromat.com,+17183641188,https://jeromelaundromat.com/,Bronx,NY
Green Spin Laundry & Dry Cleaners,mygreenspinlaundry@gmail.com,+17182782708,https://mygreenspinlaundry.com/,Astoria,NY
Towne Laundromat at Caldwell,paiello12@yahoo.com,+19732268118,https://townelaundromat.com/,Caldwell,NJ
My Sunny Laundry,contact@mysunnylaundry.com,+18552004478,https://www.mysunnylaundry.com/,New York,NY
US Laundromat and Dry Cleaner,Moe@neatly.online,+17186676667,https://www.neatly.online/,Staten Island,NY
Village Cleaners - Murray,info@villagecleaners.com,+18015551234,https://villagecleaners.com/,Murray,UT
My Sunny Laundry,contact@mysunnylaundry.com,+18552004478,https://www.mysunnylaundry.com/,Sag Harbor,NY
Arrow Fabricare Services,office@arrowcare.com,+18169312452,https://www.arrowfabricare.com/,Kansas City,MO
Joyce Custom Cleaners & Alterations,joycecustomcleaners@gmail.com,+12155455456,https://www.joycecustom.com/,Philadelphia,PA
A Cleaners (King Dry Cleaners),kingdrycleaners00@gmail.com,+17345254418,https://www.king-cleaners.com/,Livonia,MI
Navarro Cleaners,jeridansvatek@yahoo.com,+13615720769,https://www.navarrocleaners.com/,Victoria,TX
Martinizing Green Cleaning - Hartland,customerservice@mymartinizing.com,+12625219710,https://www.mymartinizing.com/,Hartland,WI
Martinizing Green Cleaning - Oconomowoc Brown Street,customerservice@mymartinizing.com,+12625219710,https://www.mymartinizing.com/,Oconomowoc,WI
Martinizing Green Cleaning - Oconomowoc Pabst Farms,customerservice@mymartinizing.com,+12625219710,https://www.mymartinizing.com/,Oconomowoc,WI
Martinizing Green Cleaning,customerservice@mymartinizing.com,+12625219710,https://www.mymartinizing.com/,Waukesha,WI
Martinizing Green Cleaning - Whitefish Bay,customerservice@mymartinizing.com,+12625219710,https://www.mymartinizing.com/,Milwaukee,WI
EcoClean Green Dry Cleaner & Laundry,info@ecocleanaustin.com,+15122368645,https://ecocleanaustin.com/,Austin,TX
Sage Cleaners: Lithia/Fishhawk Dry Cleaners & Laundry Service,care@sagecleaners.com,+18137615019,https://sagecleaners.com/,Lithia,FL
Sage Cleaners: Lithia/Fishhawk Dry Cleaners & Laundry Service,info@sagecleaners.com,+18137615019,https://sagecleaners.com/,Lithia,FL
Fox Cleaners,info@thefoxcleaners.com,+19374565778,https://www.thefoxcleaners.com/,Washington Township,OH
Valet Cleaners Inc,villagewolflin@suddenlinkmail.com,+18063528511,https://www.villagecleanersamarillo.com/,Amarillo,TX
Rick's Cleaners,support@rickscleaners.com,+15124532916,http://rickscleaners.com/,Round Rock,TX
EcoClean Green Dry Cleaner & Laundry,info@ecocleanaustin.com,+15122368645,https://ecocleanaustin.com/,Austin,TX
EcoClean Green Dry Cleaner & Laundry,info@ecocleanaustin.com,+15122368645,https://ecocleanaustin.com/,Austin,TX
Garmint Cleaners,info@garmintcleaners.com,+17084880000,http://garmintcleaners.com/,Forest Park,IL
Rick's Cleaners,support@rickscleaners.com,+15124532916,http://rickscleaners.com/,Cedar Park,TX
Elite Cleaners,ben@elitecleanerswichita.com,+13166833331,https://elitecleanerswichita.com/,Wichita,KS
EcoClean Green Dry Cleaner & Laundry,info@ecocleanaustin.com,+15122368645,https://ecocleanaustin.com/,Austin,TX
Orange Cleaners,info@orangecleanersmiami.com,+13052858977,https://orangecleanersmiami.com/,Miami,FL
Guild Dry Cleaners & Alterations,guildcleanerslodi@gmail.com,+12093682414,https://guildcleaners.com/,Lodi,CA
Fox Cleaners,info@thefoxcleaners.com,+19374565778,https://www.thefoxcleaners.com/,Dayton,OH
New Era Cleaners,info@neweracleaners.com,+16267961707,http://neweracleaners.com/,Pasadena,CA
Sun Cleaners,cleaning@suncleaners.co,+14064524235,https://suncleaners.co/,Great Falls,MT
EcoClean Green Dry Cleaner & Laundry,info@ecocleanaustin.com,+15122368645,https://ecocleanaustin.com/,Austin,TX
Sage Cleaners: Boyette Dry Cleaners & Laundry Service,care@sagecleaners.com,+18137615019,https://sagecleaners.com/,Riverview,FL
Sage Cleaners: Boyette Dry Cleaners & Laundry Service,info@sagecleaners.com,+18137615019,https://sagecleaners.com/,Riverview,FL
Urban Valet Dry Cleaners,AnneMarie@myurbanvalet.com,+17168854351,https://www.myurbanvalet.com/,Buffalo,NY
Urban Valet Dry Cleaners,Eric@myurbanvalet.com,+17168854351,https://www.myurbanvalet.com/,Buffalo,NY
Urban Valet Dry Cleaners,Beth@myurbanvalet.com,+17168854351,https://www.myurbanvalet.com/,Buffalo,NY
Urban Valet Dry Cleaners,Sarah@myurbanvalet.com,+17168854351,https://www.myurbanvalet.com/,Buffalo,NY
Martinizing Green Cleaning - Mequon,customerservice@mymartinizing.com,+12625219710,https://www.mymartinizing.com/,Mequon,WI
Lowry Eco Cleaners,info@lowrycleaners.com,+13038563663,https://lowrycleaners.com/,Denver,CO
Lucky Washateria & Dry Cleaners,luckywashateria@gmail.com,+12819481411,https://luckywashateriatx.com/,Richmond,TX
PUNDRY Dry Cleaners & Laundry,pundrycleaners@gmail.com,+13034424009,https://www.pundry.com/,Boulder,CO
All Seasons Garment Care & Tailoring - Dry Cleaning & Laundry St. Louis Park,info@allseasonsgarmentcare.com,+19529382313,https://www.allseasonsgarmentcare.com/,St Louis Park,MN
MindGreen Laundry & Dry Cleaners,contact@mindgreenlaundry.com,+13479279274,https://www.mindgreenlaundry.com/,Jamaica,NY
Candy Clean Laundry,info@candycleanlaundry.com,+19549668859,http://candycleanlaundry.com/,Pembroke Pines,FL
Miami Wash and Fold Coin Laundry,miamiwashandfold@gmail.com,+13058582055,https://miamiwashandfoldcoinlaundry.com/,Miami,FL
Super Suds (formerly Mercedes) Coin Laundry & Dry Cleaning,orders@supersudslaundryservices.com,+17347252410,https://www.supersudslaundryservices.com/,Waterford Twp,MI
Super Suds (formerly Mercedes) Coin Laundry & Dry Cleaning,jason.currie@supersudslaundryservices.com,+17347252410,https://www.supersudslaundryservices.com/,Waterford Twp,MI
Select Dry Cleaner | Laundry Service delivers | Hamperapp,info@hamperapp.com,+13058301376,https://www.hamperapp.com/,Miami Gardens,FL
Missing-Sock Laundromat,customer@missing-sock.com,+16179829246,https://www.missing-sock.com/,Brighton,MA
Fox Cleaners and Laundromat,info@thefoxcleaners.com,+19374565778,https://www.thefoxcleaners.com/,Dayton,OH
Fox Cleaners and Laundromat,info@thefoxcleaners.com,+19374565778,https://www.thefoxcleaners.com/,Dayton,OH
La Habra Wash & Fold,info@lhwashandfold.com,+15624751808,https://lhwashandfold.com/,La Habra,CA
Flagler Laundromat,atesacorp@gmail.com,+17865028086,http://flaglerlaundromart.com/,Miami,FL
Killian Laundromat,atesacorp@gmail.com,+13052794099,https://www.killianlaundromart.com/,Miami,FL
Laundry Xpress - Dry Cleaning,laundryxpress@hotmail.com,+12603335758,http://laundryxpressfw.com/,Fort Wayne,IN
"Coopers TR LLC., Multi Cleaners - Conyers",cooperstrllc@hotmail.com,+16787324696,https://cooperstrllc.com/,Conyers,GA
"Coopers TR LLC., Multi Cleaners - Stockbridge",cooperstrllc@hotmail.com,+16787324696,https://cooperstrllc.com/,Stockbridge,GA
Prestige Garment Care and Housekeeping,info@nycprestige.com,+17184089357,https://nycprestige.com/,Englewood,NJ
Comfort Cleaners,sterlingorganicdrycleaners@gmail.com,+17034447230,http://organiccleanersusa.com/,Sterling,VA
Bradford's Cleaners and Coin Laundry,bradford1010@yahoo.com,+12315476861,https://bradfordscleaners.com/,Gaylord,MI
Bradford's Cleaners and Coin Laundry,bradford1010@yahoo.com,+12315476861,https://bradfordscleaners.com/,Charlevoix,MI
WASFO OnDemand Laundry & Dry Cleaning Services,aaron@wasfo.com,+17862506033,https://www.wasfo.com/,Miami,FL
Page Road Dry Cleaners,prdc@pageroaddrycleaners.com,+19194544754,https://www.pageroaddrycleaners.com/,Durham,NC
John's Dry Cleaners & Laundry,contact@johnsdrycleaners.com,+13036659493,http://johnsdrycleaners.com/,Boulder,CO
Shores Fine Dry Cleaning,joe@shorescleaners.com,+13367250077,https://www.shorescleaners.com/,Winston-Salem,NC
Shores Fine Dry Cleaning,david@shorescleaners.com,+13367250077,https://www.shorescleaners.com/,Winston-Salem,NC
Shores Fine Dry Cleaning,marie@shorescleaners.com,+13367250077,https://www.shorescleaners.com/,Winston-Salem,NC
Shores Fine Dry Cleaning,joe@shorescleaners.com,+13367250077,https://www.shorescleaners.com/,High Point,NC
Shores Fine Dry Cleaning,david@shorescleaners.com,+13367250077,https://www.shorescleaners.com/,High Point,NC
Shores Fine Dry Cleaning,marie@shorescleaners.com,+13367250077,https://www.shorescleaners.com/,High Point,NC
Prime Time Cleaners,primetimecleanersllc@gmail.com,+12014149252,http://drycleanersnj.com/,Jersey City,NJ
John's Dry Cleaners & Laundry,contact@johnsdrycleaners.com,+13036659493,http://johnsdrycleaners.com/,Boulder,CO
Clean Right Cleaners LLC,cathy@cleanrightcleanersllc.com,+12565861104,https://www.cleanrightcleanersllc.com/,Arab,AL
Classique Cleaners - Dry Cleaning Services Santa Ana California,classiquecleaners786@gmail.com,+17146545925,https://classiquecleaners.com/,Santa Ana,CA
Classique Cleaners - Dry Cleaning Services Santa Ana California,info@classiquecleaners.com,+17146545925,https://classiquecleaners.com/,Santa Ana,CA
"Brite Touch Cleaners (Cinco Ranch, Katy)",cleanersbritetouch@gmail.com,+12819805462,https://britetouchcleaners.com/,Katy,TX
Quality Green Cleaners,info@qualitygreencleanerspalmdale.com,+16612676351,https://qualitygreencleanerspalmdale.com/,Palmdale,CA
Shores Fine Dry Cleaning,joe@shorescleaners.com,+13367250077,https://www.shorescleaners.com/,Greensboro,NC
Shores Fine Dry Cleaning,david@shorescleaners.com,+13367250077,https://www.shorescleaners.com/,Greensboro,NC
Shores Fine Dry Cleaning,marie@shorescleaners.com,+13367250077,https://www.shorescleaners.com/,Greensboro,NC
Red Hanger - Alpine/Highland,customercare@redhanger.com,+18013556935,https://redhanger.com/,Highland,UT
John's Dry Cleaners & Laundry,contact@johnsdrycleaners.com,+13036659493,http://johnsdrycleaners.com/,Boulder,CO
Classic Cleaners,info@classiccleaners.com,+13178455244,https://classiccleaners.com/,Fishers,IN
Metro Dry Cleaners,info@metrodrycleaning.com,+17247760808,https://www.metrodrycleaning.com/,Cranberry Twp,PA
Classic Cleaners,info@classiccleaners.com,+13178455244,https://classiccleaners.com/,Indianapolis,IN
Paris Cleaners & Laundry,services@pariscleaners.com,+12693434838,https://pariscleaners.com/,Kalamazoo,MI
Parkway Custom Drycleaning,admin@parkwaydrycleaning.com,+13016523377,https://www.parkwaydrycleaning.com/,North Bethesda,MD
Paris Cleaners & Laundry,services@pariscleaners.com,+12693434838,https://pariscleaners.com/,Kalamazoo,MI
Classic Cleaners,info@classiccleaners.com,+13178455244,https://classiccleaners.com/,Carmel,IN
Four Seasons Organic Cleaners,support@4seasonsorganic.com,+19144025068,https://4seasonsorganic.com/,Cortlandt,NY
Sunshine Dry Clean,info@sunshinedryclean.com,+15617312626,https://www.sunshinedryclean.com/,Boca Raton,FL
Pleasant Palace Cleaning & Organizing Service,info@pleasantpalacecleaning.com,+17735670921,https://serenityispeace.com/,Chicago,IL
A Personal ELF,info@apersonalelf.com,+13525613325,https://www.apersonalelf.co/,Gainesville,FL
Value Cleaners,localvaluecleaners@gmail.com,+18188919000,https://localvaluecleaners.com/,Mission Hills,CA
West Covina Parkway Top Cleaners and Alterations,parkwaydrycleaners@gmail.com,+16264809200,https://linktr.ee/626topcleaners,West Covina,CA
Ferndale Laundry,ferndalelaundromat@gmail.com,+13606565769,https://ferndalelaundry.com/,Ferndale,WA
Red Hanger - South Jordan,customercare@redhanger.com,+18013556935,https://redhanger.com/,South Jordan,UT
Imperial Valet/Sterling Cleaners,info@sterlingcleaner.com,+12027851444,https://www.sterlingcleaner.com/,Washington,DC
Schafer 2YourDoor Cleaners - Northville,info@sdc-2yd.com,+15177597980,https://sdc-2yd.com/,Township of Northville,MI
Schafer 2YourDoor Cleaners @ Powers Clothing - Jonesville,info@sdc-2yd.com,+15177934957,https://sdc-2yd.com/,Jonesville,MI
Schafer 2YourDoor Cleaners - Highland,info@sdc-2yd.com,+15177013623,https://sdc-2yd.com/,Highland,MI
Powell Cleaners,info@columbuscleaning.com,+16147921118,https://www.powellcleaners.com/,Powell,OH
Best Cleaners,bestandnewbrandcleaners@gmail.com,+19313816333,https://newbrandcleaners.com/,Columbia,TN
Pierce Cleaners,info@columbuscleaning.com,+16145885922,http://columbuscleaning.com/,Columbus,OH
Schafer 2YourDoor Cleaners - Saline,info@sdc-2yd.com,+17344299050,https://sdc-2yd.com/,Saline,MI
The Laundry Shop,kandalaundry@gmail.com,+14144254404,https://thelaundryshopwi.com/,Franklin,WI
Quality Plus Cleaners,info@qualitypluscleaners.com,+18139259034,https://qpcleaners.com/,Tampa,FL
Four Seasons Cleaners,info@4seasonscleaners.net,+18059693880,https://www.4seasonscleaners.net/,Ventura,CA
Four Seasons Cleaners,info@4seasonscleaners.net,+18059693880,https://www.4seasonscleaners.net/,Santa Barbara,CA
Prestige Cleaners,route@prestigecleaners.com,+14809482781,https://prestigecleaners.com/,Lauderhill,FL
Prestige Cleaners,denise@prestigecleaners.com,+14809482781,https://prestigecleaners.com/,Lauderhill,FL
Classic Care Cleaners & Laundry,support@classiccarecleaners.com,+19798364356,https://www.classiccarecleaners.com/,Brenham,TX
Best Cleaners,anila.isufi@comcast.net,+19042344198,https://bestcleanersjacksonville.com/,St Johns,FL
Dollar Cleaners,info@dollarcleaners.com,+15104811888,https://dollarcleaners.net/,San Lorenzo,CA
Unload,support@unloadhere.com,+18018000708,http://unloadhere.com/,Midvale,UT
Shaffer Dry Cleaning & Laundry,WeCare@shafferdrycleaning.com,+15203274600,https://shafferdrycleaning.com/,Tucson,AZ
Vogue Cleaners,hello@vogueclean.com,+19404828888,http://voguecleaners.online/,Denton,TX
Kean's Fine Dry Cleaning - Jefferson @ Old Hammond,info@keans.com,+12259278652,https://keans.com/,Baton Rouge,LA
Rick's Cleaners,support@rickscleaners.com,+15124532916,http://rickscleaners.com/,Austin,TX
Rick's Cleaners,support@rickscleaners.com,+15124532916,http://rickscleaners.com/,Austin,TX
Rick's Cleaners,support@rickscleaners.com,+15124532916,http://rickscleaners.com/,West Lake Hills,TX
Rick's Cleaners,support@rickscleaners.com,+15124532916,http://rickscleaners.com/,Austin,TX
Cleaners Max,cleanersmax2@gmail.com,+13017624200,https://cleanersmax.net/,Rockville,MD
Central Cleaners and Shirt Laundry--Lockport,info@centrallaundrygroup.com,+18157261229,http://centrallaundrygroup.com/,Lockport,IL
Rick's Cleaners,support@rickscleaners.com,+15124532916,http://rickscleaners.com/,Austin,TX
Rick's Cleaners,support@rickscleaners.com,+15124532916,http://rickscleaners.com/,Austin,TX
Sage Cleaners & Alterations,care@sagecleaners.com,+18137615019,https://sagecleaners.com/,Valrico,FL
Sage Cleaners & Alterations,info@sagecleaners.com,+18137615019,https://sagecleaners.com/,Valrico,FL
Malibu Cleaners,rick@malibucleans.com,+16027888697,https://www.malibucleans.com/,Phoenix,AZ
Sage Cleaners Delivers - Dry Cleaning & Laundry Delivery Service,care@sagecleaners.com,+18137615019,https://sagecleaners.com/,Plant City,FL
Sage Cleaners Delivers - Dry Cleaning & Laundry Delivery Service,info@sagecleaners.com,+18137615019,https://sagecleaners.com/,Plant City,FL
Rick's Cleaners,support@rickscleaners.com,+15124532916,http://rickscleaners.com/,Round Rock,TX
Chicago Green Cleaners - Eco-Friendly and Non-Toxic Dry Cleaning in Chicago IL,azim@chicagogreendrycleaners.com,+17734722391,https://chicagogreendrycleaners.com/,Chicago,IL
Chicago Green Cleaners - Eco-Friendly and Non-Toxic Dry Cleaning in Chicago IL,azim@chicagogreendrycleaner.com,+17734722391,https://chicagogreendrycleaners.com/,Chicago,IL
Major Cleaners,info@brashierpolkcleaners.com,+18646759499,https://brashierpolkcleaners.com/,Mauldin,SC
Central Cleaners and Shirt Laundry--Palos Heights,info@centrallaundrygroup.com,+18157261229,http://centrallaundrygroup.com/,Palos Heights,IL
Best Dry Cleaners Palmetto,bestdrycleanerpalmetto@gmail.com,+19417229700,http://bestdrycleanerpalmettofl.com/,Palmetto,FL
Major Cleaners,info@majorcleaners.com,+18646759499,https://majorcleaners.com/,Greenville,SC
Major Cleaners,info@brashierpolkcleaners.com,+18646759499,https://majorcleaners.com/,Greenville,SC
Laundry Lift,laundryservicetoyou@yahoo.com,+17252844697,https://www.laundryliftlasvegas.com/,Las Vegas,NV
Rick's Cleaners,support@rickscleaners.com,+15124532916,http://rickscleaners.com/,Austin,TX
Brashier Polk Cleaners,info@brashierpolkcleaners.com,+18646759499,https://brashierpolkcleaners.com/,Greenville,SC
Major Cleaners,info@brashierpolkcleaners.com,+18646759499,https://brashierpolkcleaners.com/,Greenville,SC
Kean's Fine Dry Cleaning - Siegen @ Perkins,info@keans.com,+12259278652,https://keans.com/,Baton Rouge,LA
Rick's Cleaners,support@rickscleaners.com,+15124532916,http://rickscleaners.com/,Austin,TX
Kean's Fine Dry Cleaning - Prairieville,info@keans.com,+12259278652,https://keans.com/,Prairieville,LA
Kean's Fine Dry Cleaning - Perkins @ Acadian,info@keans.com,+12259278652,https://keans.com/,Baton Rouge,LA
Perfect Wash - Express Laundry Center,info@perfectwashhb.com,+16574649565,https://perfectwashhb.com/,Huntington Beach,CA
My Sunny Laundry,contact@mysunnylaundry.com,+18552004478,https://www.mysunnylaundry.com/,Hialeah,FL
My Sunny Laundry,contact@mysunnylaundry.com,+18552004478,https://www.mysunnylaundry.com/,Miami Beach,FL
Rick's Cleaners,support@rickscleaners.com,+15124532916,http://rickscleaners.com/,Austin,TX
Idyllwild Laundry Service,support@idyllwildlaundry.com,+19516592217,https://idyllwildlaundry.com/,Idyllwild-Pine Cove,CA
14th Laundry,14thlaundry@gmail.com,+17187260724,https://14thlaundry.com/,Astoria,NY
Clutch City Laundry,management@cclaundry.net,+13462044111,https://clutchcitylaundry.com/,Houston,TX
Laundry Gopher,support@laundrygopher.com,+17732170847,https://www.laundrygopher.com/,Chicago,IL
MrLaundromat,info@mrlaundromat.com,+19193224195,https://mrlaundromat.com/,Garner,NC
Liberty Avenue Laundry,Manager@libertyavelaundry.com,+17185585665,https://libertyavelaundry.com/,South Richmond Hill,NY
BULK-ley Laundry Service,bulkleylaundry@gmail.com,+14355251090,https://bulkleylaundry.com/,Grantsville,UT
SuperClean Laundromats - Clovis California,mark@supercleanlaundromat.com,+15592872452,https://supercleanlaundromat.com/,Clovis,CA
Bolt Laundry Service,info@boltlaundry.com,+18667737176,https://boltlaundry.com/,Lisle,IL
Rainbow Laundry,RainbowLaundrympls@gmail.com,+16123773365,https://www.rainbowlaundrympls.com/,Minneapolis,MN
Press Cleaners,team@presscleaners.com,+12142955824,https://www.presscleaners.com/,Dallas,TX
Next Cleaners,info@bynext.com,+12122436398,https://bynext.co/,New York,NY
Parker Washateria,Laundryprenuers@gmail.com,+17132066762,https://www.parkerwashateria.com/,Houston,TX
Quality Guest Linen Service,laundry@qualityguestlinen.com,+12393333998,https://qualityguestlinen.com/,Fort Myers,FL
Uptown Laundry,info@uptownlaundryservices.com,+16052710301,https://uptownlaundryservices.com/,Sioux Falls,SD
Surf 'N' Suds Laundromat,info@surfnsudslaundry.com,+18884217837,https://www.surfnsudslaundry.com/,Alexandria,VA
My Sunny Laundry,contact@mysunnylaundry.com,+18552004478,https://www.mysunnylaundry.com/,Miami,FL
Royal Clean Laundromat,support@royalcleanlaundry.com,+13368633658,https://royalcleanlaundromat.com/,Winston-Salem,NC
Easy Breezy Laundromat,EasyBreezyLaundromat@gmail.com,+16194003672,https://easybreezylaundromat.com/,San Diego,CA
My Sunny Laundry,contact@mysunnylaundry.com,+18552004478,https://www.mysunnylaundry.com/,Cutler Bay,FL
Campus Wash and Fold,info@campuswashandfold.com,+13015590505,https://www.campuswashandfold.com/,Hyattsville,MD
Super Suds Laundromat - Coin Laundry & Wash-N-Fold,orders@supersudslaundryservices.com,+17347252410,https://www.supersudslaundryservices.com/,Woodhaven,MI
Super Suds Laundromat - Coin Laundry & Wash-N-Fold,jason.currie@supersudslaundryservices.com,+17347252410,https://www.supersudslaundryservices.com/,Woodhaven,MI
Rotonda Laundry Land,rotondalaundryland@gmail.com,+19418281729,https://rotondalaundryland.com/,Englewood,FL
Spearfish Laundry & Dry Cleaning,sales@spearfishlaundry.com,+16057229400,https://spearfishlaundry.com/,Spearfish,SD
Fresh Laundries,info@freshlaundries.com,+17077592446,https://www.freshlaundries.com/,Fairfield,CA
Cali Laundry,info@cali-laundry.com,+18663278528,https://cali-laundry.com/,Anaheim,CA
Carousel Cleaners,support@carouseldrycleaners.com,+13034771001,https://www.carouseldrycleaners.com/,Denver,CO
The Wash Tub,washtubpburg@gmail.com,+16065065274,https://thewashtubpburg.com/,Prestonsburg,KY
My Sunny Laundry,contact@mysunnylaundry.com,+18552004478,https://www.mysunnylaundry.com/,Hialeah,FL
Symphony Cleaners,info@symcleaners.com,+12129881220,http://symphonycleaners.com/,New York,NY
Zoom Express Laundry | Fort Worth,letsgo@zoomexpresslaundry.com,+19727079555,https://zoomexpresslaundry.com/,Fort Worth,TX
Country Charm Cleaning Center & Laundromat,countrycharmlaundry@gmail.com,+15749364600,https://countrycharmlaundry.com/,Plymouth,IN
Family Laundry,info@family-laundry.com,+19547888501,https://family-laundry.com/,Pompano Beach,FL
4 Seasons Fresh Laundromat,info@4seasonfresh.com,+13473652685,https://4seasonfresh.com/,Brooklyn,NY
U-Do-It Laundry & Dry Cleaning,udoitlaundry1513@gmail.com,+12157351255,http://udoitlaundry.com/,Philadelphia,PA
U-Do-It Laundry & Dry Cleaning,pickup@udoitlaundry.com,+12157351255,http://udoitlaundry.com/,Philadelphia,PA
Laundry Genie - Pick Up & Delivery,support@laundrygenie.me,+17132532876,https://laundrygenie.me/,Houston,TX
First Street Laundromat,info@firststreetlaundry.com,+12013395011,https://firststreetlaundry.com/,Bayonne,NJ
My Sunny Laundry,contact@mysunnylaundry.com,+18552004478,https://www.mysunnylaundry.com/,Miami Gardens,FL
Surf 'N' Suds Laundromat,info@surfnsudslaundry.com,+18884217837,https://www.surfnsudslaundry.com/,Springfield,VA
My Sunny Laundry,contact@mysunnylaundry.com,+18552004478,https://www.mysunnylaundry.com/,Opa-locka,FL
Bims Laundry Cafe,bimslaundrycafe@gmail.com,+14256107147,https://bimslaundry.cafe/,Everett,WA
1st Class Laundry,deptford@1stclasslaundry.com,+18567729274,https://www.1stclasslaundry.com/,Glassboro,NJ
1st Class Laundry,pinehilllaundry@gmail.com,+18567729274,https://www.1stclasslaundry.com/,Glassboro,NJ
1st Class Laundry,glassboro@1stclasslaundry.com,+18567729274,https://www.1stclasslaundry.com/,Glassboro,NJ
A to Z Cleaning Laundromat | Wash • Dry • Fold,atozcleaning.ct@gmail.com,+18602404237,https://www.atozcleaning-ct.com/,Hartford,CT
"Coco Laundry - Laundromat, Wash & Fold",cocolaundry.lb@gmail.com,+15626760209,https://www.cocolaundry.com/#/,Long Beach,CA
BubblyMat Laundry | Wash & Fold,info@bubblymat.com,+15622317262,https://www.bubblymat.com/,Norwalk,CA
Westfield Eco Laundry,westfieldecolaundry@gmail.com,+19082320171,https://www.westfieldecolaundry.com/,Westfield,NJ
1st Class Laundry Deptford,deptford@1stclasslaundry.com,+18567729274,https://www.1stclasslaundry.com/,Deptford,NJ
1st Class Laundry Deptford,pinehilllaundry@gmail.com,+18567729274,https://www.1stclasslaundry.com/,Deptford,NJ
1st Class Laundry Deptford,glassboro@1stclasslaundry.com,+18567729274,https://www.1stclasslaundry.com/,Deptford,NJ
Hightech Dry cleaners & laundry service delivers | Hamperapp,info@hamperapp.com,+18502313533,https://www.hamperapp.com/,Santa Rosa Beach,FL
Harding Place Coin Laundry,hardingplacecoinlaundry@outlook.com,+16158348181,http://hardingplacecoinlaundryreviews.com/,Nashville,TN
Lav Express Laundry,info@lavexpress.com,+18007719460,https://www.lavexpress.com/,Jamaica,NY
Citiwash and Clean,mysampleemail@gmail.com,+19702018093,http://citiwashandclean.com/,Grand Junction,CO
Washpro Laundry Pickup Service,info@washproinc.com,+19145955956,https://www.washproinc.com/,Yonkers,NY
Classic Laundry,5thaveclassiclaundry@gmail.com,+13479097076,https://classiclaundrybk.com/,Brooklyn,NY
My Sunny Laundry,contact@mysunnylaundry.com,+18552004478,https://www.mysunnylaundry.com/,Hialeah,FL
Laundry World,sales@laundryworldrapidcity.com,+16053485121,https://laundryworldrapidcity.com/,Rapid City,SD
Laundryland,manager@laundrylandjamaica.com,+17182064060,https://laundrylandjamaica.com/,Richmond Hill,NY
Zoom Express Laundry | East Lansing,letsgo@zoomexpresslaundry.com,+19727079555,https://zoomexpresslaundry.com/,East Lansing,MI
Turbo Laundry,hello@turbo-laundry.com,+18175417441,https://www.turbo-laundry.com/,Fort Worth,TX
Lav Express Laundry,info@lavexpress.com,+18007719460,https://www.lavexpress.com/,Ridgewood,NY
Express 1 Laundromat,Xpreslaundryapp@gmail.com,+17186091212,http://express1laundromat.com/,Little Neck,NY
Surf 'N' Suds,info@surfnsudslaundry.com,+18884217837,https://www.surfnsudslaundry.com/,Reston,VA
Best Cleaners on A,bestcleanersona@gmail.com,+19293649093,https://www.bestcleanersona.com/,New York,NY
Soft Bubbles Laundromat Dry Cleaner,info@softbubbleslaundry.com,+19292960100,https://softbubbleslaundry.net/,Astoria,NY
Laundry King Pick Up and Delivery in Brooklyn,info@laundrykingnyc.com,+17182385000,https://laundrykingnyc.com/,Brooklyn,NY
Laundry Room at Sheldon,sheldonroutemanager@gmail.com,+18778269843,https://www.sheldondrycleaners.com/,Kentwood,MI
Laundry Room at Sheldon,alma@sheldondrycleaners.com,+18778269843,https://www.sheldondrycleaners.com/,Kentwood,MI
Laundry Room at Sheldon,customerservice@sheldondrycleaners.com,+18778269843,https://www.sheldondrycleaners.com/,Kentwood,MI
EZ WASH N DRY - Laundromat in Arlington TX,ezwashndryarlington@gmail.com,+18176172112,https://ezwashndrylaundromat.com/,Arlington,TX
Kinship Wash & Fold Laundry & Dry Cleaning Service,kinshipwashandfold@gmail.com,+15629996895,https://kinshipwashandfold.com/,Lakewood,CA
The Wash laundry,thewashlennox@gmail.com,+13107295256,https://www.thewashlennox.com/,Inglewood,CA
Sterling Coin Laundry,info@surfnsudslaundry.com,+18884217837,https://www.surfnsudslaundry.com/,Sterling,VA
Bay City Laundrymat,baycitylaundrymat@gmail.com,+17325406484,https://www.baycitylaundrymat.com/,Perth Amboy,NJ
Launderlux,info@hamperapp.com,+14086387927,https://www.hamperapp.com/,San Jose,CA
Laundry Bros Long Branch,laundrybronj@gmail.com,+17329956357,https://www.laundry-bros.com/,Long Branch,NJ
Laundromart,mail@example.com,+13056037919,https://laundromarthialeah.com/,Hialeah,FL
Spin Sudz Laundry Service,hello@spinsudz.com,+16312137557,https://spinsudz.com/,Mastic Beach,NY
Pine Hill Laundromat Free Dry,glassboro@1stclasslaundry.com,+18567729274,https://www.1stclasslaundry.com/,Pine Hill,NJ
Pine Hill Laundromat Free Dry,deptford@1stclasslaundry.com,+18567729274,https://www.1stclasslaundry.com/,Pine Hill,NJ
Pine Hill Laundromat Free Dry,pinehilllaundry@gmail.com,+18567729274,https://www.1stclasslaundry.com/,Pine Hill,NJ
Miami Laundromat,atesacorp@gmail.com,+17862547250,https://www.miamilaundromats.com/,Miami,FL
The Laundry Express - Medical - Wash & Fold Service,info@thelaundryexpress.com,+12102644391,http://thelaundryexpress.com/,San Antonio,TX
Mondy Cleaners & Laundry,MondySaintFelix@yahoo.com,+16179870135,https://mccswash.com/,Boston,MA
Sonic Suds Laundromat of Rutherford,info@suds-digital.com,+19733832250,https://sonicsuds.com/,Rutherford,NJ
Surf 'N' Suds Laundromat,info@surfnsudslaundry.com,+18884217837,https://www.surfnsudslaundry.com/,Hyattsville,MD
Bright and Tidy Dry Cleaners,info@brightandtidylaundrys.com,+17867910152,https://brightandtidylaundrys.com/,Miami,FL
Express 1 Laundromat,Xpreslaundryapp@gmail.com,+17186091212,http://express1laundromat.com/,Corona,NY
Hamperapp On Demand Laundry & Dry cleaner service,info@hamperapp.com,+14129274669,https://www.hamperapp.com/,Clermont,FL
My Sunny Laundry,contact@mysunnylaundry.com,+18552004478,https://www.mysunnylaundry.com/,Miami Beach,FL
Royal Fabric Care Center,info@royalfabriccare.com,+12068781144,https://www.royalfabriccare.com/,Des Moines,WA
Cyclone Laundry & Internet Cafe,customerservice@cyclonelaundry.com,+12257675720,https://cyclonelaundry.com/,Baton Rouge,LA
Bakers Centre Laundry,bakerscentrelaundry@gmail.com,+12152271454,https://bakerscentrelaundry.com/,Philadelphia,PA
Prestige Garment Care and House Cleaning,info@nycprestige.com,+17184089357,https://nycprestige.com/,New York,NY
Value Act Cleaners,valueactcleaners@gmail.com,+19733371161,http://valueactcleaners.com/,Saddle Brook,NJ
Bakker's Fine Dry Cleaning,info@bakkersdrycleaning.com,+12065551234,https://bakkersfinedrycleaning.com/,Kirkland,WA
Deluxe Cleaners,contact@deluxecleanersnc.com,+19194380450,https://www.deluxecleanersnc.com/,Carrboro,NC
Clean by Meurice,hello@clean.nyc,+15166276060,https://www.clean.nyc/,East Hampton,NY
Laundry 360 On Market,laundrythreesixty@gmail.com,+18332353144,http://washing360.com/,Long Beach,CA
Magic Laundry - Laundromat,Magiclaundry24@gmail.com,+13033002232,https://www.magiclaundry24.com/,Denver,CO
Al Phillips The Cleaner,customerservice@alphillipslv.com,+17027987333,https://alphillipslv.com/,Las Vegas,NV
Best Cleaners,bestandnewbrandcleaners@gmail.com,+19313816333,https://newbrandcleaners.com/,Franklin,TN
Anton's Cleaners,christine@antons.com,+19788513721,https://www.antons.com/,Nashua,NH
Anton's Cleaners,supervisors@antons.com,+19788513721,https://www.antons.com/,Nashua,NH
Anton's Cleaners,stephanie@antons.com,+19788513721,https://www.antons.com/,Nashua,NH
Anton's Cleaners,Traci@antons.com,+19788513721,https://www.antons.com/,Nashua,NH
Anton's Cleaners,vip@antons.com,+19788513721,https://www.antons.com/,Nashua,NH
Anton's Cleaners,traci@antons.com,+19788513721,https://www.antons.com/,Nashua,NH
Anton's Cleaners,aanton@antons.com,+19788513721,https://www.antons.com/,Nashua,NH
Superior Cleaners,inquiry@spotshappen.com,+18642969717,https://spotshappen.com/,Anderson,SC
Pilgrim Dry Cleaners,pickup@pilgrimdrycleaners.com,+17634257524,https://www.pilgrimdrycleaners.com/,Plymouth,MN
Pilgrim Dry Cleaners,info@pilgrimdrycleaners.com,+17634257524,https://www.pilgrimdrycleaners.com/,Plymouth,MN
Elite Press Dry Cleaners Doral Fl,info@elitepresscleaners.com,+13054188744,https://www.elitepresscleaners.com/,Doral,FL
Rite Dry Cleaners,info@rite-drycleaners.com,+18556956392,https://rite-drycleaners.com/,Shaker Heights,OH
All World Cleaners & Alterations,info@thebeachcleaners.com,+17142537598,https://www.thebeachcleaners.com/,Anaheim,CA
Joe May Cleaners,customerservice@joemayvalet.com,+14042928440,https://joemaycleaners.com/,Decatur,GA
Pilgrim Dry Cleaners,pickup@pilgrimdrycleaners.com,+17634257524,https://www.pilgrimdrycleaners.com/,Maple Grove,MN
Pilgrim Dry Cleaners,info@pilgrimdrycleaners.com,+17634257524,https://www.pilgrimdrycleaners.com/,Maple Grove,MN
Brite Touch Cleaners (Clean Touch @ Rayford Rd),cleanersbritetouch@gmail.com,+12819805462,https://britetouchcleaners.com/,Spring,TX
Seville Cleaners,info@sevilledrycleaners.com,+16195008443,https://sevilledrycleaners.com/,Santee,CA
Caskey Cleaners,info@columbuscleaning.com,+16145885922,http://columbuscleaning.com/,Columbus,OH
Puritan Cleaners - Bon Air,customercare@puritancleaners.com,+18043555726,https://www.puritancleaners.com/,Richmond,VA
Puritan Cleaners - Bon Air,homedelivery@puritancleaners.com,+18043555726,https://www.puritancleaners.com/,Richmond,VA
Puritan Cleaners - Bon Air,bridal@puritancleaners.com,+18043555726,https://www.puritancleaners.com/,Richmond,VA
Puritan Cleaners - Bon Air,hr@puritancleaners.com,+18043555726,https://www.puritancleaners.com/,Richmond,VA
Cleaner By Nature,cleanerbynaturesaukprairie@gmail.com,+16086437300,https://cleanerbynaturesauk.com/,Sauk City,WI
Joe May Cleaners,customerservice@joemayvalet.com,+14042928440,https://joemaycleaners.com/,Decatur,GA
Brite Touch Cleaners (Creekside Village Cleaners),cleanersbritetouch@gmail.com,+12819805462,https://britetouchcleaners.com/,The Woodlands,TX
Pilgrim Dry Cleaners,pickup@pilgrimdrycleaners.com,+17634257524,https://www.pilgrimdrycleaners.com/,Minnetonka,MN
Pilgrim Dry Cleaners,info@pilgrimdrycleaners.com,+17634257524,https://www.pilgrimdrycleaners.com/,Minnetonka,MN
Tony's Cleaners and Tailors,tonyscleanersandtailors@gmail.com,+16022650453,https://www.tonysdrycleanersandtailors.com/,Phoenix,AZ
Pilgrim Dry Cleaners,pickup@pilgrimdrycleaners.com,+17634257524,https://www.pilgrimdrycleaners.com/,Edina,MN
Pilgrim Dry Cleaners,info@pilgrimdrycleaners.com,+17634257524,https://www.pilgrimdrycleaners.com/,Edina,MN
Fox Cleaners Richmond,info@thefoxcleaners.com,+19374565778,https://www.thefoxcleaners.com/,Richmond,IN
Premium Cleaners,customersupport@applecleaners.com,+18004999122,https://applecleaners.com/,Fairview Heights,IL
All Seasons Garment Care & Tailoring - Chanhassen,info@allseasonsgarmentcare.com,+19529382313,https://www.allseasonsgarmentcare.com/,Chanhassen,MN
Red Hanger - Downtown,customercare@redhanger.com,+18013556935,https://redhanger.com/,Salt Lake City,UT
New York Cleaners,customersupport@applecleaners.com,+18004999122,https://applecleaners.com/,East St Louis,IL
Sage Cleaners: Brandon Dry Cleaners & Laundry Service,care@sagecleaners.com,+18137615019,https://sagecleaners.com/,Brandon,FL
Sage Cleaners: Brandon Dry Cleaners & Laundry Service,info@sagecleaners.com,+18137615019,https://sagecleaners.com/,Brandon,FL
Apple Cleaners,customersupport@applecleaners.com,+18004999122,https://applecleaners.com/,Black Jack,MO
Red Hanger - Saratoga Springs,customercare@redhanger.com,+18013556935,https://redhanger.com/,Saratoga Springs,UT
Magic Touch Cleaners and Alteration,service@mymagictouchcleaners.com,+16195231100,http://mymagictouchcleaners.com/,San Diego,CA
Pilgrim Dry Cleaners,pickup@pilgrimdrycleaners.com,+17634257524,https://www.pilgrimdrycleaners.com/,Brooklyn Park,MN
Pilgrim Dry Cleaners,info@pilgrimdrycleaners.com,+17634257524,https://www.pilgrimdrycleaners.com/,Brooklyn Park,MN
All Seasons Cleaners Garment Care & Tailoring - Dry Cleaning & Laundry Crystal,info@allseasonsgarmentcare.com,+19529382313,https://www.allseasonsgarmentcare.com/,Crystal,MN
Boca Laundry and Cleaners,bocalaundry1@gmail.com,+15614474290,https://bocalaundryandcleaners.com/,Boca Raton,FL
Personal Cleaners & Tailors,help@personalcleanersandtailors.com,+17818611070,https://www.personalcleanersandtailors.com/,Lexington,MA
Joe May Cleaners,customerservice@joemayvalet.com,+14042928440,https://joemaycleaners.com/,Atlanta,GA
Alpine Dry Cleaners,info@alpinedrycleaners.com,+19037587750,https://www.alpinedrycleaners.com/,Longview,TX
Apple Cleaners,customersupport@applecleaners.com,+18004999122,https://applecleaners.com/,O'Fallon,MO
New York Cleaners,customersupport@applecleaners.com,+18004999122,https://applecleaners.com/,East St Louis,IL
White Star Dry Cleaners,cleanerscustomerservice@epbfi.com,+14238430558,https://www.whitestardrycleaners.com/,Chattanooga,TN
Joe May Cleaners,customerservice@joemayvalet.com,+14042928440,https://joemaycleaners.com/,Atlanta,GA
Martinizing Dry Cleaners Alameda Ca,martinizing@drycleaningca.com,+19259385000,https://drycleaningca.com/,Alameda,CA
Best Choice Cleaners - Riverview Dry Cleaners & Laundry Service,care@sagecleaners.com,+18137615019,https://sagecleaners.com/,Riverview,FL
Best Choice Cleaners - Riverview Dry Cleaners & Laundry Service,info@sagecleaners.com,+18137615019,https://sagecleaners.com/,Riverview,FL
Troy Cleaners Port Huron,info@troycleaners.com,+18109857111,https://troy-cleaners.com/,Port Huron,MI
Pilgrim Dry Cleaners,pickup@pilgrimdrycleaners.com,+17634257524,https://www.pilgrimdrycleaners.com/,Elk River,MN
Pilgrim Dry Cleaners,info@pilgrimdrycleaners.com,+17634257524,https://www.pilgrimdrycleaners.com/,Elk River,MN
Ross Cleaners,info@columbuscleaning.com,+16145885922,http://columbuscleaning.com/,Columbus,OH
Pilgrim Dry Cleaners,pickup@pilgrimdrycleaners.com,+17634257524,https://www.pilgrimdrycleaners.com/,Brooklyn Park,MN
Pilgrim Dry Cleaners,info@pilgrimdrycleaners.com,+17634257524,https://www.pilgrimdrycleaners.com/,Brooklyn Park,MN
Soapie's Exceptional Cleaning and Exquisite Tailoring,soapiescleaners@gmail.com,+18474758133,https://www.soapiescleaners.com/,Evanston,IL
Press Club Dry Cleaners & Laundry,info@jpressclubdrycleaners.com,+17046656227,https://pressclubdrycleaners.com/,Charlotte,NC
Urban Valet Dry Cleaners,AnneMarie@myurbanvalet.com,+17168854351,https://www.myurbanvalet.com/,Orchard Park,NY
Urban Valet Dry Cleaners,Eric@myurbanvalet.com,+17168854351,https://www.myurbanvalet.com/,Orchard Park,NY
Urban Valet Dry Cleaners,Beth@myurbanvalet.com,+17168854351,https://www.myurbanvalet.com/,Orchard Park,NY
Urban Valet Dry Cleaners,Sarah@myurbanvalet.com,+17168854351,https://www.myurbanvalet.com/,Orchard Park,NY
Martinizing Dry Cleaning,martinizing@drycleaningca.com,+19259385000,https://drycleaningca.com/,Danville,CA
Pilgrim Dry Cleaners,pickup@pilgrimdrycleaners.com,+17634257524,https://www.pilgrimdrycleaners.com/,Eden Prairie,MN
Pilgrim Dry Cleaners,info@pilgrimdrycleaners.com,+17634257524,https://www.pilgrimdrycleaners.com/,Eden Prairie,MN
Al Phillips The Cleaner,customerservice@alphillipslv.com,+17027987333,https://alphillipslv.com/,Henderson,NV
Puritan Cleaners - Laburnum,customercare@puritancleaners.com,+18043555726,https://www.puritancleaners.com/,Henrico,VA
Puritan Cleaners - Laburnum,homedelivery@puritancleaners.com,+18043555726,https://www.puritancleaners.com/,Henrico,VA
Puritan Cleaners - Laburnum,bridal@puritancleaners.com,+18043555726,https://www.puritancleaners.com/,Henrico,VA
Puritan Cleaners - Laburnum,hr@puritancleaners.com,+18043555726,https://www.puritancleaners.com/,Henrico,VA
Pilgrim Dry Cleaners,pickup@pilgrimdrycleaners.com,+17634257524,https://www.pilgrimdrycleaners.com/,Savage,MN
Pilgrim Dry Cleaners,info@pilgrimdrycleaners.com,+17634257524,https://www.pilgrimdrycleaners.com/,Savage,MN
Barton & Miller Cleaners,bartonandmillercleaners@gmail.com,+19545664314,https://bartonandmillercleaners.com/,Fort Lauderdale,FL
Apple Cleaners,customersupport@applecleaners.com,+18004999122,https://applecleaners.com/,Edwardsville,IL
Al Phillips The Cleaner,customerservice@alphillipslv.com,+17027987333,https://alphillipslv.com/,Las Vegas,NV
Apple cleaners,customersupport@applecleaners.com,+18004999122,https://applecleaners.com/,Belleville,IL
Pilgrim Dry Cleaners,pickup@pilgrimdrycleaners.com,+17634257524,https://www.pilgrimdrycleaners.com/,Long Lake,MN
Pilgrim Dry Cleaners,info@pilgrimdrycleaners.com,+17634257524,https://www.pilgrimdrycleaners.com/,Long Lake,MN
Pilgrim Dry Cleaners,pickup@pilgrimdrycleaners.com,+17634257524,https://www.pilgrimdrycleaners.com/,Robbinsdale,MN
Pilgrim Dry Cleaners,info@pilgrimdrycleaners.com,+17634257524,https://www.pilgrimdrycleaners.com/,Robbinsdale,MN
The Cleaning Club,info@thecleaningclub.com,+12132598159,https://thecleaningclub.com/,Los Angeles,CA
Pilgrim Dry Cleaners,pickup@pilgrimdrycleaners.com,+17634257524,https://www.pilgrimdrycleaners.com/,St Louis Park,MN
Pilgrim Dry Cleaners,info@pilgrimdrycleaners.com,+17634257524,https://www.pilgrimdrycleaners.com/,St Louis Park,MN
Best Cleaners,bestandnewbrandcleaners@gmail.com,+19313816333,https://newbrandcleaners.com/,Columbia,TN
Elite Cleaners,ben@elitecleanerswichita.com,+13166833331,https://elitecleanerswichita.com/,Wichita,KS
Snedicor's Cleaners,info@snedicors.com,+18102274330,https://snedicors.com/,Howell,MI
Anton's Cleaners,christine@antons.com,+19788513721,https://www.antons.com/,Natick,MA
Anton's Cleaners,supervisors@antons.com,+19788513721,https://www.antons.com/,Natick,MA
Anton's Cleaners,stephanie@antons.com,+19788513721,https://www.antons.com/,Natick,MA
Anton's Cleaners,Traci@antons.com,+19788513721,https://www.antons.com/,Natick,MA
Anton's Cleaners,vip@antons.com,+19788513721,https://www.antons.com/,Natick,MA
Anton's Cleaners,traci@antons.com,+19788513721,https://www.antons.com/,Natick,MA
Anton's Cleaners,aanton@antons.com,+19788513721,https://www.antons.com/,Natick,MA
Pilgrim Dry Cleaners,pickup@pilgrimdrycleaners.com,+17634257524,https://www.pilgrimdrycleaners.com/,Golden Valley,MN
Pilgrim Dry Cleaners,info@pilgrimdrycleaners.com,+17634257524,https://www.pilgrimdrycleaners.com/,Golden Valley,MN
Pilgrim Dry Cleaners,pickup@pilgrimdrycleaners.com,+17634257524,https://www.pilgrimdrycleaners.com/,Coon Rapids,MN
Pilgrim Dry Cleaners,info@pilgrimdrycleaners.com,+17634257524,https://www.pilgrimdrycleaners.com/,Coon Rapids,MN
Pilgrim Dry Cleaners,pickup@pilgrimdrycleaners.com,+17634257524,https://www.pilgrimdrycleaners.com/,Lakeville,MN
Pilgrim Dry Cleaners,info@pilgrimdrycleaners.com,+17634257524,https://www.pilgrimdrycleaners.com/,Lakeville,MN
All Seasons Garment Care & Tailoring - Dry Cleaning St. Paul,info@allseasonsgarmentcare.com,+19529382313,https://www.allseasonsgarmentcare.com/,St Paul,MN
Vogue Cleaners,hello@voguecleaners.co,+19164841440,https://voguecleaners.co/,Sacramento,CA
Red Hanger - Foothill,customercare@redhanger.com,+18013556935,https://redhanger.com/,Salt Lake City,UT
Pilgrim Dry Cleaners,pickup@pilgrimdrycleaners.com,+17634257524,https://www.pilgrimdrycleaners.com/,Eagan,MN
Pilgrim Dry Cleaners,info@pilgrimdrycleaners.com,+17634257524,https://www.pilgrimdrycleaners.com/,Eagan,MN
Pier Cleaners,piercleaners@piercleanersri.com,+14017892333,https://www.piercleaners.com/,Wakefield,RI
Pristine Fine Dry Cleaners,info@pristinefinedrycleaning.com,+12392633600,https://lookpristine.com/,Naples,FL
All Seasons Garment Care & Tailoring - Dry Cleaning Deephaven,info@allseasonsgarmentcare.com,+19529382313,https://www.allseasonsgarmentcare.com/,Wayzata,MN
The Dry Cleaning Factory,info@thedrycleaningfactory.com,+13046664245,https://www.thedrycleaningfactory.com/,Miami,FL
All Seasons Garment Care & Tailoring - Dry Cleaning Minneapolis,info@allseasonsgarmentcare.com,+19529382313,https://www.allseasonsgarmentcare.com/,Minneapolis,MN
New Brand Cleaners,bestandnewbrandcleaners@gmail.com,+19313816333,https://newbrandcleaners.com/,Spring Hill,TN
Red Hanger - Riverton,customercare@redhanger.com,+18013556935,https://redhanger.com/,Riverton,UT
Fox Cleaners,info@thefoxcleaners.com,+19374565778,https://www.thefoxcleaners.com/,Beavercreek,OH
Troy Cleaners Shelby Township,info@troycleaners.com,+18109857111,https://troy-cleaners.com/,Shelby Township,MI
All Seasons Garment Care & Tailoring - Dry Cleaning Mound,info@allseasonsgarmentcare.com,+19529382313,https://www.allseasonsgarmentcare.com/,Mound,MN
Al Phillips The Cleaner,customerservice@alphillipslv.com,+17027987333,https://alphillipslv.com/,Las Vegas,NV
Al Phillips The Cleaner,customerservice@alphillipslv.com,+17027987333,https://alphillipslv.com/,Las Vegas,NV
"S&J Laundromat,Tailoring &Dry-Cleaners",laundrydrycleaners83e@yahoo.com,+12129960400,https://sjlaundrydrycleanerservice.wordpress.com/,New York,NY
Brite Touch Cleaners (Couture),cleanersbritetouch@gmail.com,+12819805462,https://britetouchcleaners.com/,Houston,TX
Fashion Valet: Green Dry Cleaners & Laundry,info@thefashionvalet.com,+12012621744,https://www.thefashionvalet.com/,Paramus,NJ
Armstrong Cleaners,info@thefoxcleaners.com,+19374565778,https://www.thefoxcleaners.com/,Eaton,OH
Columbus Dry Cleaners - South Boston,info@columbuscleaners.net,+16177508774,http://columbuscleaners.net/,South Boston,MA
Pilgrim Dry Cleaners,pickup@pilgrimdrycleaners.com,+17634257524,https://www.pilgrimdrycleaners.com/,Minnetonka,MN
Pilgrim Dry Cleaners,info@pilgrimdrycleaners.com,+17634257524,https://www.pilgrimdrycleaners.com/,Minnetonka,MN
Al Phillips The Cleaner,customerservice@alphillipslv.com,+17027987333,https://alphillipslv.com/,Henderson,NV
Anton's Cleaners,christine@antons.com,+19788513721,https://www.antons.com/,Lowell,MA
Anton's Cleaners,supervisors@antons.com,+19788513721,https://www.antons.com/,Lowell,MA
Anton's Cleaners,stephanie@antons.com,+19788513721,https://www.antons.com/,Lowell,MA
Anton's Cleaners,Traci@antons.com,+19788513721,https://www.antons.com/,Lowell,MA
Anton's Cleaners,vip@antons.com,+19788513721,https://www.antons.com/,Lowell,MA
Anton's Cleaners,traci@antons.com,+19788513721,https://www.antons.com/,Lowell,MA
Anton's Cleaners,aanton@antons.com,+19788513721,https://www.antons.com/,Lowell,MA
Prestige Garment Care & House Cleaning,info@nycprestige.com,+17184089357,https://nycprestige.com/,New York,NY
Clean Right Cleaners LLC,cathy@cleanrightcleanersllc.com,+12565861104,https://www.cleanrightcleanersllc.com/,Guntersville,AL
All Seasons Garment Care & Tailoring,info@allseasonsgarmentcare.com,+19529382313,https://www.allseasonsgarmentcare.com/,Waconia,MN
925 Cleaners,info@925cleaners.com,+19253325825,https://925cleaners.com/,Concord,CA
Pristine Fine Dry Cleaners,info@pristinefinedrycleaning.com,+12392633600,https://lookpristine.com/,Naples,FL
Azalea Cleaners,azaleacleaners@yahoo.com,+13188610557,https://azaleacleaners.com/,Shreveport,LA
Fox Cleaners Formerly Armstrong Cleaners,info@thefoxcleaners.com,+19374565778,https://www.thefoxcleaners.com/,Oxford,OH
Puritan Cleaners - Winterpock,customercare@puritancleaners.com,+18043555726,https://www.puritancleaners.com/,Midlothian,VA
Puritan Cleaners - Winterpock,homedelivery@puritancleaners.com,+18043555726,https://www.puritancleaners.com/,Midlothian,VA
Puritan Cleaners - Winterpock,bridal@puritancleaners.com,+18043555726,https://www.puritancleaners.com/,Midlothian,VA
Puritan Cleaners - Winterpock,hr@puritancleaners.com,+18043555726,https://www.puritancleaners.com/,Midlothian,VA
Puritan Cleaners - Innsbrook,customercare@puritancleaners.com,+18043555726,https://www.puritancleaners.com/,Glen Allen,VA
Puritan Cleaners - Innsbrook,homedelivery@puritancleaners.com,+18043555726,https://www.puritancleaners.com/,Glen Allen,VA
Puritan Cleaners - Innsbrook,bridal@puritancleaners.com,+18043555726,https://www.puritancleaners.com/,Glen Allen,VA
Puritan Cleaners - Innsbrook,hr@puritancleaners.com,+18043555726,https://www.puritancleaners.com/,Glen Allen,VA
Red Hanger - Kaysville,customercare@redhanger.com,+18013556935,https://redhanger.com/,Kaysville,UT
Apple Cleaners,customersupport@applecleaners.com,+18004999122,https://applecleaners.com/,Shiloh,IL
Deluxe Cleaners,info@deluxecleanersus.com,+16036795220,https://deluxecleanersus.com/,Epping,NH
Tres Bon Dry Cleaners,contact@tresbondrycleaners.com,+15169083445,https://www.tresbondrycleaners.com/,Albertson,NY
Leslie's Laundry Care,boone@leslieslaundrycare.com,+17048984892,https://leslieslaundrycare.com/,Charlotte,NC
Pilgrim Dry Cleaners,pickup@pilgrimdrycleaners.com,+17634257524,https://www.pilgrimdrycleaners.com/,Bloomington,MN
Pilgrim Dry Cleaners,info@pilgrimdrycleaners.com,+17634257524,https://www.pilgrimdrycleaners.com/,Bloomington,MN
Woshbox Cleaners - Clemmons,livelife@getwoshbox.com,+13363017318,https://getwoshbox.com/,Clemmons,NC
Schafer 2YourDoor Cleaners @ Blush & Ivory Bridal Co - Coldwater,info@sdc-2yd.com,+15178361379,https://sdc-2yd.com/,Coldwater,MI
Pilgrim Dry Cleaners,pickup@pilgrimdrycleaners.com,+17634257524,https://www.pilgrimdrycleaners.com/,Blaine,MN
Pilgrim Dry Cleaners,info@pilgrimdrycleaners.com,+17634257524,https://www.pilgrimdrycleaners.com/,Blaine,MN
Best Cleaners,bestandnewbrandcleaners@gmail.com,+19313816333,https://newbrandcleaners.com/,Columbia,TN
Bell Laundry & Cleaners Inc,lisa@bellcleaners.com,+18645838668,https://bellcleaners.com/,Spartanburg,SC
Red Hanger - North Ogden,customercare@redhanger.com,+18013556935,https://redhanger.com/,North Ogden,UT
Sage Cleaners: Riverview Dry Cleaners & Laundry Service,care@sagecleaners.com,+18137615019,https://sagecleaners.com/,Riverview,FL
Sage Cleaners: Riverview Dry Cleaners & Laundry Service,info@sagecleaners.com,+18137615019,https://sagecleaners.com/,Riverview,FL
Al Phillips The Cleaner,customerservice@alphillipslv.com,+17027987333,https://alphillipslv.com/,Henderson,NV
Brite Touch Cleaners (Clean Touch @ Harmony),cleanersbritetouch@gmail.com,+12819805462,https://britetouchcleaners.com/,Spring,TX
Personal Cleaners & Tailors,help@personalcleanersandtailors.com,+17818611070,https://www.personalcleanersandtailors.com/,Weston,MA
Morris Cleaners | Dry Cleaners | Tailor | Alterations,MorrisCleanersnyc@gmail.com,+17183369385,https://morriscleaners.com/,New York,NY
Pilgrim Dry Cleaners,pickup@pilgrimdrycleaners.com,+17634257524,https://www.pilgrimdrycleaners.com/,Plymouth,MN
Pilgrim Dry Cleaners,info@pilgrimdrycleaners.com,+17634257524,https://www.pilgrimdrycleaners.com/,Plymouth,MN
Apple Cleaners,customersupport@applecleaners.com,+18004999122,https://applecleaners.com/,Florissant,MO
Puritan Cleaners - Scotts Addition,customercare@puritancleaners.com,+18043555726,https://www.puritancleaners.com/,Richmond,VA
Puritan Cleaners - Scotts Addition,homedelivery@puritancleaners.com,+18043555726,https://www.puritancleaners.com/,Richmond,VA
Puritan Cleaners - Scotts Addition,bridal@puritancleaners.com,+18043555726,https://www.puritancleaners.com/,Richmond,VA
Puritan Cleaners - Scotts Addition,hr@puritancleaners.com,+18043555726,https://www.puritancleaners.com/,Richmond,VA
Red Hanger - Bountiful,customercare@redhanger.com,+18013556935,https://redhanger.com/,Bountiful,UT
Five-Star Cleaners,info@5starcleaners.com,+15102366280,https://www.5starcleaners.com/,San Pablo,CA
"Bell Laundry & Cleaners, Inc.",lisa@bellcleaners.com,+18645838668,https://bellcleaners.com/,Spartanburg,SC
Puritan Cleaners - Midlothian,customercare@puritancleaners.com,+18043555726,https://www.puritancleaners.com/,Midlothian,VA
Puritan Cleaners - Midlothian,homedelivery@puritancleaners.com,+18043555726,https://www.puritancleaners.com/,Midlothian,VA
Puritan Cleaners - Midlothian,bridal@puritancleaners.com,+18043555726,https://www.puritancleaners.com/,Midlothian,VA
Puritan Cleaners - Midlothian,hr@puritancleaners.com,+18043555726,https://www.puritancleaners.com/,Midlothian,VA
Great American Dry Cleaners,help@greatamericandrycleaners.com,+15105266844,https://greatamericandrycleaners.com/,El Cerrito,CA
Apple Cleaners,customersupport@applecleaners.com,+18004999122,https://applecleaners.com/,Wentzville,MO
Brite Touch Cleaners (Classic Cleaners),cleanersbritetouch@gmail.com,+12819805462,https://britetouchcleaners.com/,Katy,TX
New Brand Cleaners,bestandnewbrandcleaners@gmail.com,+19313816333,https://newbrandcleaners.com/,Brentwood,TN
LNDRY,service@lndry.com,+16192330980,https://lndry.com/,San Diego,CA
Pilgrim Dry Cleaners,pickup@pilgrimdrycleaners.com,+17634257524,https://www.pilgrimdrycleaners.com/,Chanhassen,MN
Pilgrim Dry Cleaners,info@pilgrimdrycleaners.com,+17634257524,https://www.pilgrimdrycleaners.com/,Chanhassen,MN
Crisp Laundry,help@crisplaundry.com,+19177331504,https://crisplaundry.com/,New York,NY
Crisp Laundry,info@crisplaundry.com,+19177331504,https://crisplaundry.com/,New York,NY
Red Hanger - Millcreek,customercare@redhanger.com,+18013556935,https://redhanger.com/,Salt Lake City,UT
All Seasons Garment Care & Tailoring - Dry Cleaning Shakopee,info@allseasonsgarmentcare.com,+19529382313,https://www.allseasonsgarmentcare.com/,Shakopee,MN
Pilgrim Dry Cleaners,pickup@pilgrimdrycleaners.com,+17634257524,https://www.pilgrimdrycleaners.com/,Apple Valley,MN
Pilgrim Dry Cleaners,info@pilgrimdrycleaners.com,+17634257524,https://www.pilgrimdrycleaners.com/,Apple Valley,MN
John's Dry Cleaners & Laundry,contact@johnsdrycleaners.com,+13036659493,http://johnsdrycleaners.com/,Lafayette,CO
Bae Cleaners & Tailors,baecleaners@gmail.com,+18478433778,https://baecleaners.net/,Schaumburg,IL
Deluxe Cleaners,contact@deluxecleanersnc.com,+19194380450,https://www.deluxecleanersnc.com/,Chapel Hill,NC
Town Mountain Maids,support@townmountainmaids.com,+18287056243,https://townmountainmaids.com/,Asheville,NC
Sky Cleaning Company,SkyTelluride@gmail.com,+19702580112,https://www.skycleaningco.com/,Delta,CO
The Best Cleaners & Laundry,dianekwon04@gmail.com,+19123358811,https://bestcleanerssavannah.com/,Savannah,GA
The Best Cleaners & Laundry,bestcleaners912@gmail.com,+19123358811,https://bestcleanerssavannah.com/,Savannah,GA
Classic Dry Cleaners,info@classicdrycleanersofcorinth.com,+19403210711,https://classicdrycleanersofcorinth.com/,Corinth,TX
Legend Cleaners,info@legendcleaners.com,+14804605343,https://legendcleaners.com/,Mesa,AZ
Legend Cleaners,routes@legendcleaners.com,+14804605343,https://legendcleaners.com/,Mesa,AZ
Admiral Cleaners,customerservice@admiralcleaners.com,+14102950234,https://admiralcleaners.com/,Annapolis,MD
Admiral Cleaners,customerservice@admiralcleaners.com,+14102950234,https://admiralcleaners.com/,Edgewater,MD
Next Cleaners & Tailoring by Kawser,info@bynext.com,+12124313183,https://bynext.co/,New York,NY
Legend Cleaners,info@legendcleaners.com,+14804605343,https://legendcleaners.com/,Tempe,AZ
Legend Cleaners,routes@legendcleaners.com,+14804605343,https://legendcleaners.com/,Tempe,AZ
Legend Cleaners,info@legendcleaners.com,+14804605343,https://legendcleaners.com/,Phoenix,AZ
Legend Cleaners,routes@legendcleaners.com,+14804605343,https://legendcleaners.com/,Phoenix,AZ
The Best Cleaners & Laundry,dianekwon04@gmail.com,+19123358811,https://bestcleanerssavannah.com/,Savannah,GA
The Best Cleaners & Laundry,bestcleaners912@gmail.com,+19123358811,https://bestcleanerssavannah.com/,Savannah,GA
Legend Cleaners,info@legendcleaners.com,+14804605343,https://legendcleaners.com/,Phoenix,AZ
Legend Cleaners,routes@legendcleaners.com,+14804605343,https://legendcleaners.com/,Phoenix,AZ
Mountaineer Cleaners,info@mountaineercleaner.com,+18283861885,https://www.mountaineercleaner.com/,West Jefferson,NC
Skye Dry Cleaning,contactus@skyedrycleaning.com,+12017924566,https://www.skyedrycleaning.com/,Hoboken,NJ
Nikko's Services,sales@nikkos-services.com,+17404528761,https://nikkos-services.com/,Zanesville,OH
"La France Linen, Dry Cleaning & Alterations Services",info@lafrancedrycleaners.com,+19549451234,http://lafrancedc.com/,Port Charlotte,FL
Any Garment Cleaners East Brunswick and Freehold,info@anygarmentscleaners.com,+17324141545,http://anygarmentscleaners.com/,East Brunswick,NJ
Covington Cleaners,msmarieoh@gmail.com,+19858097075,https://covclean.mystrikingly.com/,Covington,LA
Covington Cleaners,covcleaners@gmail.com,+19858097075,https://covclean.mystrikingly.com/,Covington,LA
White Star Dry Cleaners,cleanerscustomerservice@epbfi.com,+14238430558,https://www.whitestardrycleaners.com/,Hixson,TN
Minsky Cleaners & Tailors,minskytux@yahoo.com,+19727834889,http://minskytux.com/,Richardson,TX
Seven Corner Cleaners,7cornerscleaners@gmail.com,+17036788300,https://7cornerscleaners.com/,Falls Church,VA
Jerri's Cleaners,info@jerriscleaners.com,+12129822100,https://www.jerriscleaners.com/,New York,NY
Plaza Cleaners,OrganicLaundryNYC@gmail.com,+17187844888,http://organiclaundrynyc.com/,Long Island City,NY
Mimi's Cleaners | Fort Hood Military Alterations,cleanermimi@gmail.com,+18776194952,https://www.militaryuniformcleaningalterations.com/,Killeen,TX
Valet Dry Cleaners,contactus@skyedrycleaning.com,+12017924566,https://www.skyedrycleaning.com/,Secaucus,NJ
Jenny K Cleaners,info@jennykcleaners.com,+12032378601,https://jennykcleaners.com/,Southington,CT
Daytona Laundromat,service@daytonalaundromat.com,+13862389464,https://www.daytonalaundromat.com/,South Daytona,FL
Your Washateria (Fresco Wash),frescowash8@gmail.com,+15128932799,https://www.yourfrescowash.com/,Houston,TX
The Wishy Washy Laundry,support@wishywashy.ws,+13367578694,https://www.wishywashy.ws/,Winston-Salem,NC
Parkway Coin Laundry,info@parkwaycoinlaundry.com,+14024553508,https://www.parkwaycoinlaundry.com/,Omaha,NE
Coin Laundry,info@coinlaundry.com,+18005551234,https://coin-laundry-ontario.edan.io/,Ontario,CA
Speedy Clean Laundromat,service@speedycleanlaundromat.com,+18127990687,https://speedycleanlaundromat.com/,Columbus,IN
Hyperloop Laundry Delivery,support@hyperlooplaundry.com,+12815428236,https://www.hyperlooplaundry.com/,Houston,TX
Vogue Cleaners,voguejanesville@hotmail.com,+16087577846,https://voguecleanerswi.com/,Janesville,WI
Vogue Cleaners,voguewatertown@live.com,+16087577846,https://voguecleanerswi.com/,Janesville,WI
AJ's Cleaners,ajscleanerscharlotte@gmail.com,+17043441999,https://ajsdrycleaners.com/,Charlotte,NC
24 Hour Laundry Zone-Amelia Island,info@24hourlaundryzone.com,+19042772311,https://24hourlaundryzone.com/,Fernandina Beach,FL
Precious M Cleaners & Laundromat,preciousmlaundromat@gmail.com,+16172699274,https://www.preciousm.us/,Boston,MA
University Heights Dry Cleaner and Laundry,Ivanr@resendizholdings.com,+16192949985,https://university-heights-dry-cleaner-and-laundry.cleancloud.site/,San Diego,CA
Winn Street Laundry Center,winnstreetlaundry@gmail.com,+17812729840,https://winnstlaundry.com/,Burlington,MA
Fox Laundromat and Cleaners,info@thefoxcleaners.com,+19374565778,https://www.thefoxcleaners.com/,Brookville,OH
Quality Plus Cleaners,info@qualitypluscleaners.com,+18135018472,https://qpcleaners.com/,Wesley Chapel,FL
Maple Cleaners & Laundry,maplecleanersusa@gmail.com,+17032557100,https://maplecleanersusa.com/,Vienna,VA
Rockwood Dry Cleaners,jrings@rockwoodcleaners.com,+16143532700,https://rockwoodcleaners.com/,Gahanna,OH
Rockwood Dry Cleaners,brings@rockwoodcleaners.com,+16143532700,https://rockwoodcleaners.com/,Gahanna,OH
Clean All Laundromat & Dry Cleaner,cleanallarlington@gmail.com,+17035288726,https://cleanallarlington.com/,Arlington,VA
Quality Plus Cleaners,info@qualitypluscleaners.com,+17278076114,https://qpcleaners.com/,New Port Richey,FL
Woshbox Cleaners - University,livelife@getwoshbox.com,+13363017318,https://getwoshbox.com/,Winston-Salem,NC
Raymond's Cleaners - Sherman Oaks Dry Cleaners,RaymondsCleaners91423@gmail.com,+18187885455,https://raymondscleaners.com/,Sherman Oaks,CA
Peoples Cleaners Inc,info@peoplescleaners.com,+17578532388,https://peoplescleaners.com/,Norfolk,VA
Starbrite Cleaners,admin@starb.us,+13107915100,https://starbritecleaners.us/,Torrance,CA
Cleaners LA,CleanersLA@gmail.com,+12139102522,https://www.cleanersla.com/,Los Angeles,CA
William Penn Cleaner,connie28520@gmail.com,+16104191820,http://williampenncleaner.com/,Bethlehem,PA
Paris Cleaners & Laundry,services@pariscleaners.com,+12693434838,https://pariscleaners.com/,Portage,MI
Koos Commercial Laundromat,nearstcleaners@gmail.com,+13109262426,https://kooscommerciallaundromt.com/,Gardena,CA
One Price Eco Cleaners,support@ecocleanersdelivery.com,+19545579929,https://ecocleanersdelivery.com/,Margate,FL
Eastex Laundry,info@bmtlaundry.com,+14098995190,https://www.bmtlaundry.com/,Beaumont,TX
DJ's Green Cleaners,info@djsgreencleaners.com,+19146939601,https://www.djsgreencleaners.com/,Dobbs Ferry,NY
AMERICAN CLEANERS,customerservice@americancleanersorlando.com,+14073212577,https://americancleanersorlando.com/,Sanford,FL
DFW Linen & Laundry Services,info@dfwlaundry.com,+19726777996,https://www.dfwlaundry.com/,Addison,TX
Bubbles Laundry,bubblesmtvernon@gmail.com,+19143717171,https://mybubbleslaundry.com/,Mt Vernon,NY
Jensen Beach's Hometown Cleaners & Tailor,info@yourhometowncleaners.com,+17722863416,https://www.yourhometowncleaners.com/,Jensen Beach,FL
Mountaineer Cleaners,info@mountaineercleaner.com,+18283861885,https://www.mountaineercleaner.com/,Boone,NC
Capital Dry Cleaners,vtdrycleaner@gmail.com,+18028884368,https://www.vermontdrycleaner.com/,Montpelier,VT
Classic Cleaners,info@classiccleaners.com,+13178455244,https://classiccleaners.com/,Zionsville,IN
Pine Cleaners,customerservice@pinecleanersdelivery.com,+17049987586,http://pinecleanersdelivery.com/,Huntersville,NC
Classic Cleaners,info@classiccleaners.com,+13178455244,https://classiccleaners.com/,Zionsville,IN
Max I. Walker — 182nd & Center Store,info@maxiwalker.com,+14025587060,https://www.maxiwalker.com/,Omaha,NE
Juno Beach's Hometown Cleaners & Tailors (formerly Black Tie Cleaners),info@yourhometowncleaners.com,+17722863416,https://www.yourhometowncleaners.com/,Juno Beach,FL
Bubbles.net,customercare@bubbles.net,+18187015705,https://www.bubbles.net/,Chatsworth,CA
Stuart's Hometown Cleaners & Tailors,info@yourhometowncleaners.com,+17722863416,https://www.yourhometowncleaners.com/,Stuart,FL
Quality Green Cleaners East,info@qualitygreencleanerspalmdale.com,+16612676351,https://qualitygreencleanerspalmdale.com/,Palmdale,CA
Classic Cleaners,info@classiccleaners.com,+13178455244,https://classiccleaners.com/,Indianapolis,IN
Bart's Cleaners,info@columbuscleaning.com,+16145885922,http://columbuscleaning.com/,Columbus,OH
Organic Dry Cleaners & Laundry Pick up and Delivery,info@organicdrycleaners.com,+18005551234,https://organiccleanersaz.com/,Scottsdale,AZ
Max I. Walker — 87th & Pacific Store,info@maxiwalker.com,+14025587060,https://www.maxiwalker.com/,Omaha,NE
Max I. Walker — 50th & Underwood Store,info@maxiwalker.com,+14025587060,https://www.maxiwalker.com/,Omaha,NE
Max I. Walker — 158th & Maple Store,info@maxiwalker.com,+14025587060,https://www.maxiwalker.com/,Omaha,NE
Kanner Crossing's Hometown Cleaners & Tailors,info@yourhometowncleaners.com,+17722863416,https://www.yourhometowncleaners.com/,Stuart,FL
Martinizing Green Cleaning - Wauwatosa,customerservice@mymartinizing.com,+12625219710,https://www.mymartinizing.com/,Wauwatosa,WI
Watkins Cleaners,danny@watkinscleaners.com,+12058230874,https://watkinscleaners.com/,Vestavia Hills,AL
Watkins Cleaners,evan@watkinscleaners.com,+12058230874,https://watkinscleaners.com/,Vestavia Hills,AL
Watkins Cleaners,daniel@watkinscleaners.com,+12058230874,https://watkinscleaners.com/,Vestavia Hills,AL
"Brite Touch Cleaners (Fulshear, Katy)",cleanersbritetouch@gmail.com,+12819805462,https://britetouchcleaners.com/,Katy,TX
Classic Cleaners,info@classiccleaners.com,+13178455244,https://classiccleaners.com/,Indianapolis,IN
Brite Touch Cleaners (Fashion Park Cleaners),cleanersbritetouch@gmail.com,+12819805462,https://britetouchcleaners.com/,Katy,TX
Shirts 'N' Skirts Dry Cleaning,info@snscleaners.com,+13106591880,https://www.snscleaners.com/,West Hollywood,CA
La Crescenta Cleaners,info@lacrescentacleaner.com,+18184757575,https://lacrescentacleaner.com/,La Crescenta-Montrose,CA
Dry Cleaning Central,tom.keenze@drycleaningcentral.biz,+19182729950,https://www.drycleaningcentral.biz/,Owasso,OK
Supreme Cleaners,supremecleanersinc@gmail.com,+14128355240,https://www.supreme-cleaners.biz/,Bethel Park,PA
Max I. Walker — 72nd & Giles Store,info@maxiwalker.com,+14025587060,https://www.maxiwalker.com/,Papillion,NE
Tequesta's Hometown Cleaners & Tailors,info@yourhometowncleaners.com,+17722863416,https://www.yourhometowncleaners.com/,Tequesta,FL
Classic Cleaners,contact@classicfinedrycleaners.com,+14252354887,https://www.classicfinedrycleaners.com/,Renton,WA
Hometown Cleaners & Tailors,info@yourhometowncleaners.com,+17722863416,https://www.yourhometowncleaners.com/,Jupiter,FL
Old Town Dry Cleaners & Alterations,support@cleancloudapp.com,+14152125626,https://cleancloudapp.com/,Independence,MO
"Brite Touch Cleaners (Spring Green, Katy)",cleanersbritetouch@gmail.com,+12819805462,https://britetouchcleaners.com/,Katy,TX
Cleaners LA,CleanersLA@gmail.com,+12139102522,https://www.cleanersla.com/,Venice,CA
Abacoa's Hometown Cleaners & Tailors,info@yourhometowncleaners.com,+17722863416,https://www.yourhometowncleaners.com/,Jupiter,FL