business_name,email,phone,website,city,state
"Smooth Sailing Heating, AC Repair, and Duct Cleaning",info@callsmoothsailing.com,+18648046400,https://www.callsmoothsailing.com/,Boiling Springs,SC
Bentley’s Air Conditioning - Mt Juliet,dawn@bentleysair.com,+16157542665,https://bentleysheatandcoolreviews.com/,Mt. Juliet,TN
Pure Air Cooling & Heating,service@pureair-coolingheating.com,+14255408576,https://pureair-coolingheating.com/,Kirkland,WA
ProThermal Heating and Cooling,info@prothermalhvac.com,+19188078364,https://www.prothermalhvac.com/,Tulsa,OK
Fast Response Heating & Cooling,fastresponseservices@gmail.com,+16144670968,https://www.fastresponseservice.com/,Louisville,KY
Cook's Air Conditioning & Heating Specialists,support@cooksair.com,+19043521919,https://www.cooksairofjacksonville.com/,Jacksonville,FL
Valleywide Cooling,support@valleywidecooling.com,+14804399999,https://www.valleywidecooling.com/,Gilbert,AZ
A & B Heating & Sheet Metal Company Inc.,info@abheating.com,+18147235670,https://www.abheating.com/,Warren,PA
R-10 Heat & Air,Leroy@rtenservice.com,+18173951200,https://www.r10heatandair.com/,Fort Worth,TX
Extreme Heating & Air Conditioning,info@extremeheating.com,+19374317399,https://www.extremeheating.com/,Beavercreek,OH
Pro-Tech Air Corp AC Repair,EdWeiner@protechair.com,+15617930504,https://protechair.com/,Royal Palm Beach,FL
Mission Accomplished Heating and Cooling,Brian@callmissionaccomplished.com,+19285177776,https://callmissionaccomplished.com/,Lake Havasu City,AZ
"Comfortable Climate Heating & Air Conditioning, Inc",jason@ccairandheat.com,+18046931125,https://ccairandheat.com/,Hayes,VA
BlueBird Heating and Air,info@bluebirdheatingandair.com,+17195102714,https://bluebirdheatingandair.com/,Peyton,CO
Classic Services Air Conditioning & Heating,service@classicairtx.com,+18303581499,https://classicairconditioningandheating.com/,New Braunfels,TX
Econo West Heating & Air SB,info@econowestairsb.com,+18002485065,https://www.econowestairsb.com/,Santa Barbara,CA
"Premier Systems Heating, Air Conditioning & Boilers",office@premierairmt.com,+14066291583,http://premiersystemsmt.com/,Bozeman,MT
"Climate Care, LLC",info@climatecarect.com,+12033542020,https://climatecarect.com/,Norwalk,CT
Pittsburgh Comfort Tech Inc,pcthvac@verizon.net,+14127888654,https://pittsburghcomforttech.com/,Oakdale,PA
Air Innovations of Highland,airinnovations@outlook.com,+12259638243,https://airinnovations.pro/,Baton Rouge,LA
HVAC PRO,contact@hvacproflorida.com,+18136059807,https://hvacproflorida.com/,New Port Richey,FL
"Springer Bros. Air Conditioning & Heating, LLC",derek@springerbrosac.com,+18639670449,https://springerbros.net/,Auburndale,FL
"Springer Bros. Air Conditioning & Heating, LLC",derek@springerbrosac.com,+18639670449,https://springerbros.net/,Lakeland,FL
Quantum Comfort Heating and Cooling,dom@quantumcomforthvac.com,+18592303995,https://quantumcomforthvac.com/,Lexington,KY
"Davis Heating & Air Conditioning, Inc.",info@davisheatingandairic.com,+13193510054,https://www.davisheatingandairic.com/,Iowa City,IA
Oasis Air Conditioning & Heating,office@oasiscoolingheating.com,+15206481755,https://oasiscoolingheating.com/,Green Valley,AZ
Homesense Heating and Cooling,info@trusthomesense.com,+13172038149,https://trusthomesense.com/,Indianapolis,IN
Assurance Aire,admin@assuranceaire.com,+13212891660,https://www.assuranceaire.com/,Titusville,FL
Georgia Air Conditioning & Heating Repair,service@teamgeorgiaair.com,+19127560506,https://www.georgiaairrepair.com/,Richmond Hill,GA
Cook's Air Conditioning & Heating Specialists,support@cooksair.com,+18662665709,https://www.cooksairofliveoak.com/,Live Oak,FL
Master Tech HVAC LLC,dispatch@mastertechtexas.com,+18172514455,https://mastertechtexas.com/,Farmers Branch,TX
Hartwick Heating & Air Conditioning,info@swiftbrothers.com,+18443969662,https://swiftbrothers.com/,St. Augustine,FL
D-N-D Services Inc,jfd_acman@hotmail.com,+19727719898,http://dnddfw.com/,Caddo Mills,TX
Air Temperature Control,airtemperaturecontrol@gmail.com,+13134926793,https://www.atcheatingandcooling.com/,Belleville,MI
Billion Air Inc,billionairhvacr@gmail.com,+19514014019,https://www.billionair.biz/,Murrieta,CA
Wilmington Air,service@wilmingtonair.com,+19109410399,https://wilmingtonair.com/,Carolina Beach,NC
R&D Indoor Comfort,info@rdindoor.com,+18592557650,http://rdindoor.com/,Lexington,KY
Extreme Heating & Air Conditioning,info@extremeheating.com,+19374317399,https://www.extremeheating.com/,Mason,OH
Advantage Service Company HVAC,customerservice@advantageserviceco.com,+15016632255,https://www.advantageserviceco.com/,North Little Rock,AR
Coastal Cooling Inc,support@coastalcoolinginc.com,+12394208567,https://coastalcoolinginc.com/,Fort Myers,FL
Coastal Cooling Inc,info@coastalcoolinginc.com,+12394208567,https://coastalcoolinginc.com/,Fort Myers,FL
All Weather Heating & Air Conditioning,tony.allweather1@gmail.com,+12607264822,https://allweatherheatac.com/,Portland,IN
Honest Air Heating And Cooling,office@honestairco.com,+16155172045,https://honestairco.com/,Hendersonville,TN
Frederick Air Inc,info@frederickair.com,+13016630300,https://frederickair.com/,Frederick,MD
Snyder's Heating & Cooling,info@snydersheating.com,+19376537304,https://www.snydersheating.com/,Urbana,OH
Paradise Heating and Air Conditioning,info@getparadisehvac.com,+13853604822,https://getparadisehvac.com/,Bluffdale,UT
Vetcon HVAC & Plumbing Services,service@vetconmechanical.com,+13522545022,https://vetconmechanical.com/,Ocala,FL
Smith & Sons Heating and Air Inc.,smithandsonshvacinc@gmail.com,+16192519285,https://smithandsonshvacinc.com/,San Diego,CA
Seattle Heating & Cooling,sales@seattlehvac.com,+12068488080,http://seattlehvac.com/,Seattle,WA
Absolute Best Air Inc.,info@absolutebestair.com,+14048491938,https://www.absolutebestair.com/,McDonough,GA
Golden Comfort Air Conditioning Repair & Heating,catherinegonzaga222@gmail.com,+18559644086,https://goldencomfortairhvac.com/,Fresno,CA
Knox A/C & Heating,officemanager@knoxacandheating.com,+15015250749,https://knoxacandheating.com/,Hot Springs,AR
Golden Comfort Air Conditioning Repair & Heating,catherinegonzaga222@gmail.com,+18559644086,https://goldencomfortairhvac.com/,Bakersfield,CA
HAYNES Heating & Cooling,contact@mbhaynes.com,+18282546141,https://www.mbhaynes.com/,Asheville,NC
Webb Air Heating & Cooling,info@webbair.com,+18175350881,https://webbair.com/,Fort Worth,TX
Homesense Heating and Cooling,info@trusthomesense.com,+13172038149,https://trusthomesense.com/,Fishers,IN
Uinta Air LLC,service@uintaair.com,+14352555430,https://uintaair.com/,Herriman,UT
ROX Heating & Air,office@roxheating.com,+17204680689,https://www.roxheating.com/,Littleton,CO
Golden Comfort AC & Heating Repair,catherinegonzaga222@gmail.com,+18559644086,https://goldencomfortairhvac.com/,San Jose,CA
Airforce Heating and Cooling,info@airforceheatingcooling.com,+13179435839,https://www.airforceheatingcooling.com/,Brownsburg,IN
Christensen Heating and AC Repair,info@christensenair.com,+19167474020,https://christensenair.com/,Roseville,CA
MD Air,mark@mdair.net,+17722015221,https://mdair.net/,Port St. Lucie,FL
Seattle Heating & Cooling,sales@seattlehvac.com,+12068488080,http://seattlehvac.com/,Kent,WA
Andgar Home Comfort,servicedept@andgar.com,+13603669900,https://home.andgar.com/,Ferndale,WA
ECO Friendly Air Conditioning & Heating,contact@ecofriendlyair.com,+17025169999,http://ecofriendlyair.com/,Las Vegas,NV
Quality Heating & Air,josh@qualityheatnow.com,+14175326239,https://qualityheatnow.com/,Lebanon,MO
Cook's Air Conditioning & Heating Specialists,support@cooksair.com,+18662665709,https://www.cooksairofocala.com/,Ocala,FL
Larry's Heating & Cooling Inc,WeCare@larrysheatingandcooling.com,+16056536124,https://larrysheatingandcooling.com/,Yankton,SD
Home Heating & Air Conditioning,homeheating@hotmail.com,+12082614675,https://gohomeheating.com/,Kimberly,ID
Summit Heat & Air Tulsa,info@summitheatandair.com,+19187777247,https://summitheatandair.com/,Tulsa,OK
Coastal Heating and Cooling,info@coastalhvacsocal.com,+19494822599,https://www.coastalhvacsocal.com/,Mission Viejo,CA
Golden Comfort Air Conditioning Repair & Heating,catherinegonzaga222@gmail.com,+18559644086,https://goldencomfortairhvac.com/,Orlando,FL
"A-Best Air and Heat, Inc.",websupport@abestairandheat.com,+13217258758,https://abestairandheat.com/,Palm Bay,FL
Airflow Systems Inc.,info@airflowhtgair.com,+14349794328,https://airflowhtgair.com/,Charlottesville,VA
Happy Hippo Heating and Cooling,office@callhappyhippo.com,+18159058268,https://callhappyhippo.com/,New Lenox,IL
Captain Air Heating and Cooling,captainair.office@gmail.com,+19038024022,https://captainairtexas.com/,Canton,TX
Cumberland Mechanical HVAC Services,fbeal@cumberlandmechanical.com,+16154781264,https://cmhvacnashville.com/,Nashville,TN
360 HVAC Pro LLC Heating and Cooling,Contact@360hvacpro.com,+17209252051,https://www.360hvacpro.com/,Commerce City,CO
Ark Heating & Cooling,info@arkheatingandcooling.com,+18169032022,https://www.arkheatingandcooling.com/,Trimble,MO
"Supreme Heating & Cooling, Inc.",contact@supreme-ac.com,+19725304231,https://supreme-ac.com/,Richardson,TX
Summit Services: (HVAC) - Repair | Electrician,info@callsummitservices.com,+18438362653,https://lowcountryhomesolvers.com/,Bluffton,SC
Seattle Heating & Cooling,sales@seattlehvac.com,+12068488080,http://seattlehvac.com/,Bellevue,WA
Summers Comfort Heating & Air,daniel@summerscomforthvac.com,+12253949541,https://summersacandheat.com/,Denham Springs,LA
Integrity Refrigeration and A/C,info@integrityrefrigerationandac.com,+18635915075,https://www.integrityrefrigerationandac.com/,Winter Haven,FL
Farris Heating & Air Conditioning,farrisheatandair@gmail.com,+19183330376,https://www.farrisheatandair.com/,Bartlesville,OK
NexGen Comfort Services,support@nexgencomfortservices.com,+19033946175,https://nexgencomfortservices.com/,Quitman,TX
US Air Heating and Cooling,info@usairheatingcooling.com,+18039804328,https://usairheatingcooling.com/,Rock Hill,SC
Golden Comfort Air Conditioning Repair & Heating,catherinegonzaga222@gmail.com,+18559644086,https://goldencomfortairhvac.com/,Scottsdale,AZ
Allied Aire Inc Heating & Air Conditioning,info@alliedaireinc.com,+17244733336,https://www.alliedaireinc.com/,Cornelius,NC
Hoffner Heating & Air Conditioning,service@hoffnerheatingandair.com,+14123769080,https://hoffnerheatingandair.com/,Pitcairn,PA
Tramont Heating and Cooling,tramonthvac@gmail.com,+19312004709,https://tramonthvac.com/,Cookeville,TN
HVAC Experts,hvacexpertsodessa@gmail.com,+14322725636,https://hvacexperts-tx.com/,Odessa,TX
1st Choice Mechanical,1stchoicemechanicalllc@gmail.com,+16233439997,https://1stchoicemechanicalaz.com/,Prescott,AZ
Caribou Comfort Heating and Air,joe@cariboucomfort.com,+19515431422,https://cariboucomfort.com/,Winchester,CA
Home Heating & Cooling,contact@weheatyourhome.com,+16184160111,https://weheatyourhome.com/,O'Fallon,IL
Golden Comfort AC & Heating Repair,catherinegonzaga222@gmail.com,+18559644086,https://goldencomfortairhvac.com/,Jacksonville,FL
EasyBreezy AC,Service@easybreezyac.com,+17278564822,https://www.easybreezyac.com/,New Port Richey,FL
Service Wizards,service@theservicewizards.com,+19184004444,https://theservicewizards.com/,Tulsa,OK
Trademasters Heating & Cooling,hvactrademasters@gmail.com,+12525032760,http://trademastershvac.com/,Swansboro,NC
Blues Heating and Air,bodtketyler@gmail.com,+13607893099,https://bluesairservices.com/,Olympia,WA
1st Choice Mechanical,1stchoicemechanicalllc@gmail.com,+16233439997,https://1stchoicemechanicalaz.com/,Phoenix,AZ
RC Air Heating & Air Conditioning Service,office@rcair.com,+19095662471,https://rc-airconditioning.com/,Rancho Cucamonga,CA
Chud Cooling & Heating,hello@chudcompany.com,+12156594343,https://chudcompany.com/,Abington,PA
Arctic Air,office@arcticairav.com,+16615501364,https://www.arcticairav.com/,Lancaster,CA
Best Service Heating & Cooling,cookiechristian@ymail.com,+16145752378,https://www.bestservicehvac.com/,Reynoldsburg,OH
Best Service Heating & Cooling,rlcbest@yahoo.com,+16145752378,https://www.bestservicehvac.com/,Reynoldsburg,OH
Thompson Heating & Cooling,office@thompsonheating.net,+15028173105,https://thompsonheating.net/,La Grange,KY
Iron Shield Heating & Air LLC,customerservice@ironshieldheatingandair.com,+13522925396,https://ironshieldheatingandair.com/,Ocala,FL
Ultimate Heating and Air Conditioning,service@ultimateaircare.com,+12566556969,https://ultimateaircare.com/,Brownsboro,AL
"AAVCO Plumbing, Heating & Air Conditioning - Fontana",info@aavcoservices.com,+19093322558,https://aavcoservices.com/,Fontana,CA
Felix Appliance Heating & AC Repair,robert@felixappliancerepair.net,+14804067487,https://felixappliancerepair.net/,Maricopa,AZ
Kindle Heating & Air Conditioning,kindleheatingandair@gmail.com,+19039623600,https://kindlehvac.com/,Grand Saline,TX
Moon Air,office@moonservices.com,+14103929350,https://www.moonairinc.com/#/,Elkton,MD
"Northern Comfort Heating Air Conditioning Duct Cleaning,Inc",info@northerncomfort.net,+18159998191,https://northerncomfort.net/home,Lake Barrington,IL
Airmech Heating and Air Conditioning,service@airmechhvac.com,+19166941777,https://www.airmechhvac.com/,Sacramento,CA
Workman Heating & Cooling,michelew@frontiernet.net,+18157722010,http://workmanhc.com/,Morrison,IL
Simply Efficient Heating and Air Conditioning LLC,support@simplyefficientllc.com,+12064924215,http://simplyefficient.com/,Lakewood,WA
Malibu Heating & Air Conditioning,sales@malibuheatingandair.com,+14088476533,http://malibuheatingandair.com/,El Segundo,CA
"Mighty Air, Inc",info@mightyairinc.com,+19049014702,https://mightyairinc.com/,Jacksonville,FL
Environmental Comfort Systems-Air Conditioning & Heating Solutions,info@envcomfort.com,+12563080032,https://envcomfort.com/,Decatur,AL
D’Auria & Son Heating and Air,dauriahvac@gmail.com,+18568305907,https://dauriahvac.com/,Blackwood,NJ
"Countryside Refrigeration & Heating, LLC.",countryside@crhmankato.com,+15073872069,https://www.crhmankato.com/,North Mankato,MN
Ocean Air Cooling and Heating,service@oceanaircoolingandheating.com,+18438156247,https://oceanaircoolingandheating.com/,Ridgeland,SC
Love My AC LLC,lovemyac.com@gmail.com,+19048269214,https://lovemyac.com/,Daytona Beach,FL
"Elite Climate Control Heat and Air, LLC",email@eliteclimatecontrol.com,+18702738056,http://eliteclimatecontrolheatandair.com/,Jonesboro,AR
Arctic Air Conditioning LLC,arcticair2.0@gmail.com,+18435853992,https://arcticairconditioningllc.com/,Conway,SC
"Bailey's Air Conditioning and Heating, LLC",info@baileyshvac.com,+18509608057,http://baileyshvac.com/,Panama City,FL
"All Volusia & Flagler Heating & Air, LLC.",customerservice@volusiaflaglerac.com,+13862044872,https://volusiaflaglerac.com/,Holly Hill,FL
Suttle Air,suttleair@gmail.com,+16024926620,https://suttleair.com/,Gilbert,AZ
SM Mechanical Services LLC,contact@smmechanicalservices.com,+18605442026,https://smmechanicalservices.com/,Glastonbury,CT
VO Heating and Cooling,voheating@gmail.com,+13032579314,https://vohvac.com/,Thornton,CO
"Marvel Air Conditioning & Heating, Inc.",gerry@marvelairconditioning.com,+19093929722,https://marvelairconditioning.com/,La Verne,CA
Green Apple Mechanical Plumbing Heating & Cooling Little Falls,info@greenapplemechanical.com,+12013005554,https://www.greenapplemechanical.com/,Little Falls,NJ
Anderson Heating & Air Conditioning,mark@andersonmechanicalkc.com,+18163077991,https://andersonmechanicalkc.com/,Kansas City,MO
Long Heating and Cooling,kevin@longtotalcomfort.com,+13347900977,https://longtotalcomfort.com/,Dothan,AL
Magnolia Heating and Cooling,info@maghvac.com,+19516883524,https://maghvac.com/,Riverside,CA
Three Rivers Heating and Cooling,threeriversheating@gmail.com,+15033421247,https://www.threeriversheating.com/,Portland,OR
Cullerton Heating & Cooling,comfortbycullerton@yahoo.com,+18479089369,http://cullertonhvac.com/,Arlington Heights,IL
LC Heating & Air Conditioning,support@lahvaclc.com,+18188587080,https://lahvaclc.com/,Los Angeles,CA
Mark Daniels Air Conditioning & Heating,Service@markdanielsac.com,+14805717093,https://www.markdanielsac.com/,Mesa,AZ
John's A/C Inc.,johnsacinc@gmail.com,+13524020233,https://www.johnsacinc.com/,Ocala,FL
Family Heating & Air Conditioning,info@familyhvac.com,+12153779090,https://familyhvac.com/,Bensalem,PA
"Air One Cooling & Heating, LLC",info@aironecoolandheat.com,+17049462751,http://aironecoolandheat.com/,Huntersville,NC
"Omega Heating and Air, Inc.",cgant@omegahvac.com,+14702894399,https://www.omegahvac.com/,Conyers,GA
ACS/ American Comfort Services | Heating & Air Conditioning,Americancomfortservices@gmail.com,+16195012636,https://www.acsheatandair.com/,El Cajon,CA
LC Heating & Air,support@lahvaclc.com,+18188587080,https://lahvaclc.com/,Pasadena,CA
Reliant Air Conditioning,reliantair2@yahoo.com,+19038388439,http://reliant-air.com/,Texarkana,TX
"Mattex Heating, Cooling, Plumbing, Sewer, and Electrical",schedule@mattexservice.com,+12176153294,https://mattexservice.com/,Mattoon,IL
American HVAC Corp,info@americanhvaccorp.com,+13473829030,https://americanhvac.nyc/,New York,NY
On-Time Air | Canyon Lake Air Conditioning & Heating,service@on-timeair.com,+12109787888,https://www.on-timeair.com/,Canyon Lake,TX
Ainsley Heating & Cooling,customerservice@ainsleyhtg.com,+13302866675,https://ainsleyhtg.com/,Cortland,OH
Garrison & Garrison Madison County's Most Trusted Heating & Cooling Company,info@garrisonandgarrison.com,+12568598500,https://garrisonandgarrison.com/,Huntsville,AL
Monee-Peotone Heating & Air,heatmonee@yahoo.com,+17085343825,https://moneepeotoneheatingandair.com/,Monee,IL
Patriot Air LLC,jenny@patriotairnd.com,+17012389037,https://patriotairnd.com/,West Fargo,ND
Family Heating & Air Conditioning,info@familyhvac.com,+12153779090,https://familyhvac.com/,Elkins Park,PA
Fast Response Heating & Cooling,fastresponseservices@gmail.com,+16144670968,https://www.fastresponseservice.com/,Cincinnati,OH
AirReliant A/C & Heating,service@airreliant.com,+15715434080,https://airreliant.com/,Burke,VA
Misurelli Sorensen Heating & Air Conditioning,misurellisorensenhvac@yahoo.com,+12625519121,https://misurellisorensenhvac.com/,Waukesha,WI
Comfort Zone of North Florida Inc.,service@comfortzoneofnf.com,+19044060070,https://comfortzoneofnf.com/,Jacksonville,FL
"F.H. Furr Plumbing, Heating, Air Conditioning & Electrical",info@fhfurr.com,+13028566311,https://www.fhfurr.com/,Selbyville,DE
Cool by Design AC Repair & Heating,corey@coolbydesignfl.com,+19547105719,https://coolbydesignfl.com/,Oakland Park,FL
Green Apple Mechanical Plumbing Heating & Cooling Lodi,info@greenapplemechanical.com,+12013005554,https://www.greenapplemechanical.com/,Lodi,NJ
Family Heating & Air Conditioning,info@familyhvac.com,+12153779090,https://familyhvac.com/,Blue Bell,PA
Infinity Heating and Cooling,admin@infinitycools.vegas,+17022912000,https://infinityheatingandcooling.com/,Las Vegas,NV
Texas Comfort Air,admin@texascomfortair.com,+15122857182,https://texascomfortair.com/,Coupland,TX
JC Heating and AC Repair,information@jccomfort.com,+17089683131,https://www.jccomfort.com/,Hodgkins,IL
Qualtech Heating & Cooling,customersupport@qualtechhvac.com,+19252614487,https://www.qualtechhvac.com/,Hayward,CA
"Pleasant Run A/C & Heat, LLC",forrest@pleasantrunacheat.com,+14692687494,http://pleasantrunacheat.com/,Lancaster,TX
Desantis AC,admin@desantisac.com,+13524800355,https://www.desantisac.com/,Wildwood,FL
DOWNSHIFT-HVAC-R,info@downshift-hvac-r.com,+18177272901,http://downshift-hvac-r.com/,Mansfield,TX
Air Now Heating & Air Conditioning LLC.,fixmyairnow@gmail.com,+19037922665,https://airnowsupertechs.com/,Texarkana,TX
3rdGen Heating & Cooling,team@3rdgen.io,+15103994090,http://3rdgen.io/,Berkeley,CA
3rdGen Heating & Cooling,sales@3rdgen.io,+15103994090,http://3rdgen.io/,Berkeley,CA
3rdGen Heating & Cooling,accounting@3rdgen.io,+15103994090,http://3rdgen.io/,Berkeley,CA
3rdGen Heating & Cooling,service@3rdgen.io,+15103994090,http://3rdgen.io/,Berkeley,CA
Accurate Comfort Air Conditioning And Heating,info@accuratecomforthvac.com,+15626312731,https://accuratecomforthvac.com/,Brea,CA
Wesco 53 Heat Pump & AC Repair,info@wesco53.com,+19143664822,http://wesco53.com/,Sleepy Hollow,NY
Momentum AC Repair Services,contact@momentumacpro.com,+18778484822,https://momentumacpro.com/,Seminole,FL
San Diego Air Comfort Heating & Air Conditioning,info@aussiesheatingandair.com,+18588604438,https://sandiegoaircomfort.com/,San Diego,CA
Triton Air,team@tritonair.net,+19494098165,http://tritonair.com/,Laguna Niguel,CA
Cook’s Air Conditioning & Heating Specialists,support@cooksair.com,+19043521919,https://www.cooksairofjacksonville.com/,Jacksonville,FL
Quality Heating & Cooling,info@qualityheat.net,+13177914328,https://www.qualityheat.net/,Indianapolis,IN
B&J Heating and Air Conditioning,service@bjheatingandair.com,+17272818718,https://www.bjheatingandair.com/,Largo,FL
Safe Air LLC,info@safeairhouston.com,+12813059493,https://safeairtexas.com/,Houston,TX
"Arctic Air Heating, Air Conditioning & Plumbing",jowens.arcticair@gmail.com,+19319644900,https://www.arctic-air.com/,Lawrenceburg,TN
"Just Air Solutions, LLC",service@justairsolutions.com,+12392216621,http://justairsolutions.com/,Fort Myers,FL
"888 Heating, Air Conditioning, Plumbing & Electric - Castle Rock",info@888heating.com,+17206496171,https://888heating.com/,Castle Rock,CO
Love My AC LLC,lovemyac.com@gmail.com,+19048269214,https://lovemyac.com/,Palatka,FL
Piedmont Metro Heating & Air,sales@piedmontmetro.com,+19195449767,https://piedmontmetro.com/,Durham,NC
Climate Control Air Conditioning,goclimatecontrol@gmail.com,+14356802100,https://goclimatecontrol.com/,St. George,UT
Climate Control Air Conditioning,info@goclimatecontrol.com,+14356802100,https://goclimatecontrol.com/,St. George,UT
Tokay Heating & Air Conditioning Repair,info@tokayair.com,+12092573156,https://www.tokayair.com/,Lodi,CA
Direct AC,info@directac.com,+19512260016,https://directac.com/,Riverside,CA
Aaron's Services LLC,info@aaronsair.com,+18164717890,https://www.aaronsair.com/,Kansas City,MO
Ramirez HVAC Services,ramirezhvac559@gmail.com,+15597365985,https://ramirezhvacservices.com/,Visalia,CA
Apex Clean Air,denver@apexcleanair.com,+13854491322,https://apexcleanair.com/,Colorado Springs,CO
Apex Clean Air,coloradosprings@apexcleanair.com,+13854491322,https://apexcleanair.com/,Colorado Springs,CO
Apex Clean Air,utah@apexcleanair.com,+13854491322,https://apexcleanair.com/,Colorado Springs,CO
Apex Clean Air,boise@apexcleanair.com,+13854491322,https://apexcleanair.com/,Colorado Springs,CO
Trustworthy Heating & Cooling LLC,shawnlight@trustworthyhvacllc.com,+15737600050,https://trustworthyhvacllc.com/,Fredericktown,MO
"Mountain Comfort Heating & Cooling, Inc.",Trust@mchcaz.com,+19285374264,https://mchcaz.com/,Show Low,AZ
The Little Guy's Heating and Air Conditioning,littleguyshvac@gmail.com,+12096472647,https://www.littleguyshvac.com/,Modesto,CA
Central Heating & Air Conditioning,tech@centralheat.com,+14049824740,https://centralheatofga.com/,Norcross,GA
Central Heating & Air Conditioning,info@centralheat.com,+14049824740,https://centralheatofga.com/,Norcross,GA
Colair Cooling & Heating,sales@colairinc.com,+19565815212,https://colairinc.com/,Corpus Christi,TX
Young's Air Conditioning,john@example.com,+12098264807,https://www.youngsair.com/,Los Banos,CA
Tokay Heating & Air Conditioning Repair,info@tokayair.com,+12092573156,https://www.tokayair.com/,Loomis,CA
Heath's Air LLC,info@heathsair.com,+14805318349,https://www.heathsair.com/,Gilbert,AZ
ComfortShield Heat & Air,info@comfortshieldheatandair.com,+14052174822,https://comfortshieldheatandair.com/,Yukon,OK
Alpha Mechanical Heating and Cooling Specialists,alpha.btu@gmail.com,+14358811563,https://www.alphageothermal.com/,Logan,UT
AGES Services Company,Dispatch@agesservco.com,+18178518155,https://agesservicescompany.com/,Southlake,TX
Action Heating & Air Conditioning,service@callaction.net,+12512725900,https://callaction.net/,Semmes,AL
HVAC Pro Services,info.hvacpros@gmail.com,+15622223506,https://hvacprosservices.com/,Downey,CA
Heshma Air Conditioning,heshmaair@gmail.com,+14696943349,https://heshmaairconditioning.com/,Forney,TX
Cook's Air Conditioning & Heating Specialists,support@cooksair.com,+18662665709,https://www.cooksairoflakecity.com/,Lake City,FL
"Anytime Plumbing, Heating & Cooling",info@anytimeplumbingvegas.com,+17023629300,https://anytimeplumbingvegas.com/,Las Vegas,NV
Green Energy AC Heating & Plumbing Repair,info@greenenergymech.com,+17812363421,http://greenenergymech.com/,Needham,MA
HVAC Home Pros,info@hvachomepros.com,+12057934447,https://www.hvachomepros.com/,Mountain Brook,AL
ECO AIR SYSTEMS,info@ecoairflorida.com,+13862565436,https://www.ecoairflorida.com/,Ormond Beach,FL
Green Energy AC Heating & Plumbing Repair,info@greenenergymech.com,+17812363421,http://greenenergymech.com/,Lexington,MA
Bakers Residential Experts-Hvac-Plumbing-Electrical,ffelton@bakersresidentialexperts.com,+18432647440,https://bakersresidentialexperts.com/,Conway,SC
Direct AC,info@directac.com,+19512260016,https://directac.com/,Lake Elsinore,CA
Odis Brown Heating & Cooling,obacs@cox.net,+18509889192,https://odisbrownheatingandcooling.com/,Freeport,FL
Eagle Air Inc Heating & Cooling,service@eagleair57.com,+18156094450,https://www.eagleairil.com/,Plainfield,IL
Green Energy AC Heating & Plumbing Repair,info@greenenergymech.com,+17812363421,http://greenenergymech.com/,Canton,MA
"Jim Wagner Plumbing, Inc.",customerservice@jimwagnerplumbing.com,+18152429168,http://jimwagnerplumbing.com/,Lombard,IL
"Jim Wagner Plumbing, Inc.",partsdepartment@jimwagnerplumbing.com,+18152429168,http://jimwagnerplumbing.com/,Lombard,IL
"Jim Wagner Plumbing, Inc.",info@jimwagnerplumbing.com,+18152429168,http://jimwagnerplumbing.com/,Lombard,IL
"Air Ducks Heating & Air, Inc.",airducksac@gmail.com,+13522154624,https://www.airducksac.com/,Gainesville,FL
G&P Mechanical Inc.,info@gpmechanicaltx.com,+17133519720,http://gpmechanicalinc.com/,Stafford,TX
Expedited Heat & Air,office@expeditedheatandair.com,+18139375272,https://expeditedheatandair.com/,Lakeland,FL
Airworx Air Conditioning,airworx1234@gmail.com,+19122718558,http://hinesvilleair.com/,Jesup,GA
Airworx Air Conditioning,airworx123@gmail.com,+19122718558,http://hinesvilleair.com/,Jesup,GA
Airworx Air Conditioning,gigi9561@gmail.com,+19122718558,http://hinesvilleair.com/,Jesup,GA
Green Bee Air,info@greenbeeaie.com,+18008507795,https://greenbeeair.com/,Davie,FL
Texas Air Conditioning and Heating,texascool1972@gmail.com,+19722588599,https://irvingach.com/,Irving,TX
HomeOwner Air Conditioning Miami,CustomerService@homeownerair.com,+13052090102,https://homeownerair.com/,Miami Springs,FL
Thompson's Heating & Air,j.wilkerson@thompsonshvac.com,+15306612599,http://thompsonshvac.com/,Woodland,CA
American Cool Heat Air - Commercial HVAC & Commercial Refrigeration,info@americancoolheatair.com,+17607500808,https://www.americancoolheatair.com/,Palm Desert,CA
Pacific Heating & Cooling,customerservice@pacificheatingcooling.com,+12533139022,https://pacificheatingcooling.com/,Tumwater,WA
Hales AC,info@halesac.com,+18132124323,https://halesac.com/,Tampa,FL
Dana's Air Conditioning,info@danasair.com,+15617468015,https://www.danasair.com/,Jupiter,FL
Rooster's Heating & Air Conditioning,info@roostersheatandair.com,+14073296706,https://roostersheatandair.com/,Apopka,FL
Rooster's Heating & Air Conditioning,support@roostershvac.com,+14073296706,https://roostersheatandair.com/,Apopka,FL
Cool Breeze Heat & Air LLC,lindsay@coolbreezeairsystems.com,+13863070106,https://coolbreezeairsystems.com/,Ormond Beach,FL
"Next Level Cooling, LLC",info@nextlevelcoolingllc.com,+17724858182,https://nextlevelcoolingllc.com/,Port St. Lucie,FL
NWA Cooling & Heating,office@nwacoolingandheating.net,+14795798728,https://nwacoolingandheating.net/,Rogers,AR
Control Point Heating • Cooling • Plumbing,service@callcontrolpoint.com,+15088454822,https://callcontrolpoint.com/,Shrewsbury,MA
Semper Fi Heating and Cooling,customercare@semperfiheatingcooling.com,+14806163636,https://www.semperfiheatingcooling.com/,Mesa,AZ
Albers Air Conditioning,contact@albershvac.com,+19856248831,https://www.albersairconditioning.com/,Slidell,LA
The Cool Crew,support@thecoolcrew.cool,+17376373900,https://thecoolcrew.cool/,Leander,TX
Five Star Heating & Cooling Inc,fivestarheatingandcooling@gmail.com,+17278431009,https://www.fivestarheatingandcooling.net/,Hudson,FL
Freedom Air and Plumbing,service@freedomairheat.com,+17727782272,http://freedomairheat.com/,Vero Beach,FL
Freedom Air and Plumbing,questions@freedomairheat.com,+17727782272,http://freedomairheat.com/,Vero Beach,FL
Freedom Air and Plumbing,sales@freedomairheat.com,+17727782272,http://freedomairheat.com/,Vero Beach,FL
GSSN Heating & Cooling,management@gssnllc.com,+15405163232,https://www.gssnllc.com/,Winchester,VA
GSSN Heating & Cooling,dispatch@gssnllc.com,+15405163232,https://www.gssnllc.com/,Winchester,VA
Annette Hale's Indoor Comfort Systems,info@indoorcomforthsv.com,+12568850430,https://www.indoorcomforthsv.com/,Huntsville,AL
SuperiAir LLC,superiairdfw@gmail.com,+14696360945,https://superiairdfw.com/,McKinney,TX
Omar Cooling & Heating.LLC,omaraircool@gmail.com,+18437337373,https://omarcooling.com/,Myrtle Beach,SC
Semper Fi Heating & Cooling LLC,customercare@semperfiheatingcooling.com,+14806163636,https://www.semperfiheatingcooling.com/,Peoria,AZ
Southern Seasons Heating & Air Conditioning,southernseasonsair@gmail.com,+19192717961,https://southernseasonsair.com/,Wake Forest,NC
"Heath & Field Plumbing & Heating, Inc.",gmerhf@gmail.com,+16038633244,https://www.heathandfieldplumbingheating.com/,Newport,NH
Morrison Mechanical Heating & Air Conditioning Services,info@kmorrisonhvac.com,+17604055716,https://www.kmorrisonhvac.com/,Fallbrook,CA
DTS Oil & Gas Service & Solutions LLC,contact@dtsoilgas.com,+18606174449,https://dtsoilgas.com/,Lebanon,CT
Crescent Aire Heating and Cooling,crescentaire@gmail.com,+17737422079,https://crescentaire.com/,Morton Grove,IL
American Sheet Metal,accounting@asmhelena.com,+14064426150,https://asmhelena.com/,Helena,MT
Builders Heating And Cooling,info@buildersheatingandcooling.com,+17083857774,https://buildersheatingandcooling.com/,Clarendon Hills,IL
Family Heating & Air Conditioning,info@familyhvac.com,+12153779090,https://familyhvac.com/,Newtown,PA
FERSA HVAC HEATING & AIR CONDITIONING,info@fersahvac.com,+12144498475,https://www.fersahvac.com/,Mesquite,TX
Sandler Heating & Air Conditioning,SandlerHVAC@att.net,+15302763755,https://sandlerhvac.com/,Yuba City,CA
"Brandt Heating, Air Conditioning, and Fireplaces",info@brandthvac.com,+15738970744,http://brandthvac.com/,Linn,MO
J&R Plumbing/ Heating and Air LLC,jrplumbingrepair@gmail.com,+12143911600,https://jrplumbingservice.com/,Forney,TX
"Mattex Heating, Cooling, Plumbing, Sewer, and Electrical",schedule@mattexservice.com,+12176153294,https://mattexservice.com/,Mahomet,IL
Polk Air Conditioning & Heating,Katina@polkairinc.com,+18639674495,https://polkairconditioning.net/,Auburndale,FL
Elite Air Conditioning and Plumbing,scheduling@eliteaustinac.com,+15126374237,https://eliteaustinac.com/,Austin,TX
Jarvis Heat & Air Conditioning,jarvisair1@gmail.com,+13864964603,https://keepinitcool.net/,Gainesville,FL
Corcoran Heating & Air Conditioning Inc.,tom@corcoranheating.com,+18473975888,https://corcoranheating.com/,Schaumburg,IL
Corcoran Heating & Air Conditioning Inc.,john@corcoranheating.com,+18473975888,https://corcoranheating.com/,Schaumburg,IL
Corcoran Heating & Air Conditioning Inc.,brenda@corcoranheating.com,+18473975888,https://corcoranheating.com/,Schaumburg,IL
Corcoran Heating & Air Conditioning Inc.,info@corcoranheating.com,+18473975888,https://corcoranheating.com/,Schaumburg,IL
Streamline Heating and Air,office.streamlineac@yahoo.com,+19413566872,http://streamlineairfl.com/,Sarasota,FL
American Technical Service,info@coolfactoryservices.com,+18888318797,https://coolfactoryservices.com/,Ashburn,VA
"Snyder Air Conditioning, Plumbing & Electric (Buckhalter Heating & AC)",Snyderman@snyderac.com,+19047473053,https://snyderac.com/,Gainesville,FL
Weather Machines Inc Air Conditioning and Heating,weathermach@cox.net,+16194439974,https://weathermachines.net/,El Cajon,CA
Ariston Heating and Cooling - HVAC Contractors,info@aristonheatingandcooling.com,+19254210888,https://www.aristonheatingandcooling.com/,Pacheco,CA
Comfort Concepts Heating & Air Conditioning,comfortconcepts@cox.net,+14054947444,https://callcomfortconcepts.com/,Yukon,OK
Mark's Heating & Cooling,marksheatingkc@gmail.com,+18163318037,https://www.marksheatingkc.com/,Belton,MO
Elevate HVAC,service@elevateks.com,+13167475536,https://elevateks.com/,Wichita,KS
"American HVAC Corp - Bronx - Heating, Commercial, Air Conditioning, Ductless Mini Split AC, Furnace Repair Installation NYC",info@americanhvaccorp.com,+13473829030,https://americanhvac.nyc/,Bronx,NY
All Weather AC Heating Refrigeration & Plumbing LLC.,1grubendirect@gmail.com,+15598719533,https://allweatherairconditioning.com/,Madera,CA
"Mattex Heating, Cooling, Plumbing, Sewer, and Electrical",schedule@mattexservice.com,+12176153294,https://mattexservice.com/,Monticello,IL
"KCK Air Conditioning & Heating Consultants, LLC",info@kckhvac.com,+12403891284,https://kckhvac.com/,Olney,MD
"Air-Tech Heating & Air Conditioning, Inc.",office@airtechwy.com,+13076829342,https://www.airtechwy.com/,Gillette,WY
Falling Star Heating and Cooling,info@fallingstarhvac.com,+17192171681,https://fallingstarhvac.com/,Colorado Springs,CO
TML Service Experts,tml@serviceexperts.com,+12084884892,https://www.tmlservice.com/,Garden City,ID
"A-1 United Heating, Air & Electrical",support@a-1united.com,+14025937500,https://www.a1united.net/,Omaha,NE
Komfort Air Service Experts,customercare@serviceexperts.com,+18663973787,https://www.serviceexperts.com/,Charlotte,NC
Cool Co Heating & Air Conditioning LLC,coolcohvac@gmail.com,+19033614766,https://coolcohvac.com/,Denison,TX
Point Heating & Cooling,office@pointheating.com,+17155040533,https://www.pointheating.com/,Plover,WI
Pardee Service Experts,customercare@serviceexperts.com,+18663973787,https://www.serviceexperts.com/,Charleston,SC
Service Experts Heating & Air Conditioning,customercare@serviceexperts.com,+18663973787,https://www.serviceexperts.com/,Miami,FL
"Stallion Heating, Plumbing, Air Conditioning",customercare@serviceexperts.com,+18663973787,https://www.serviceexperts.com/,Folcroft,PA
Top Flight Heating & Air,info@calltopflight.com,+13023298003,https://calltopflight.com/,Milton,DE
Super Dave's Comfort Systems,dave@superdaveshvac.com,+14054222080,https://superdaveshvac.com/,El Reno,OK
Ufirst Heating & Cooling,servicerequest@ufirstservice.com,+14807576234,https://ufirstheatingandcooling.com/,Glendale,AZ
Roland J. Down Service Experts,rolandjdown@serviceexperts.com,+15184172938,https://www.rolandjdown.com/,Scotia,NY
Barlow Service Experts,Barlow.UtahCounty@serviceexperts.com,+18018718425,https://www.barlowserviceexperts.com/,Springville,UT
Barlow Service Experts,Barlow.SLC@serviceexperts.com,+18018718425,https://www.barlowserviceexperts.com/,Springville,UT
Barlow Service Experts,barlow@serviceexperts.com,+18018718425,https://www.barlowserviceexperts.com/,Springville,UT
Mark Of Excellence Heating & Air Conditioning LLC,markofx2020@gmail.com,+16025125672,https://markofxheatandair.com/,Casa Grande,AZ
"J&A Heating, Cooling, Plumbing, & Electrical",info@jandahvac.com,+14123576043,https://jandahvac.com/,West Mifflin,PA
Peachtree Service Experts,peachtree@serviceexperts.com,+17704580181,https://www.peachtreeserviceexperts.com/,Kennesaw,GA
"Pro Air Heating Cooling and Electrical, HVAC Downers Grove, Naperville, Hinsdale, and Electrician",proservice@proairhce.com,+16306415489,https://www.proairhce.com/,Downers Grove,IL
Accurate Baker Elman,info@accurateheat.com,+16174446500,https://www.accurateheat.com/,Franklin,MA
Accurate Baker Elman,info@bakerelman.com,+16174446500,https://www.accurateheat.com/,Franklin,MA
Peachtree Service Experts,peachtree@serviceexperts.com,+17704580181,https://www.peachtreeserviceexperts.com/,Duluth,GA
Akshar HVAC,info@aksharhvac.com,+16094565808,https://www.aksharhvac.com/,Cranbury,NJ
Pro Comfort Control AC & Heating Installation,info@procomfortcontrol.com,+15089554776,https://procomfortcontrol.com/,Framingham,MA
Chapman HVAC,shauncmo@yahoo.com,+19182309392,https://www.chapmanhvacok.com/,Cleveland,OK
"Innovative Mechanical, LLC",info@innovativemechanicalllc.com,+17707267407,https://innovativemechanicalllc.com/,Marietta,GA
Galactic Air Incorporated,rob@galacticairinc.com,+17572802609,http://galacticair.com/,Virginia Beach,VA
Any Season Heating & Cooling Inc,HVAC847@gmail.com,+18477669654,https://anyseasonheatingcooling.com/,Des Plaines,IL
Midland Air Service Experts,midlandair@serviceexperts.com,+18033997208,https://www.midlandair.com/,Lexington,SC
Edward L Kemp Co. Heating & Air Conditioning,jbrenizer@elkemp.com,+14126737337,https://elkemp.com/,Greensburg,PA
Edward L Kemp Co. Heating & Air Conditioning,mkemp@elkemp.com,+14126737337,https://elkemp.com/,Greensburg,PA
Efficient Air HVAC & Energy Solutions,info@myefficientair.com,+16238828390,https://myefficientair.com/,Goodyear,AZ
Service Experts Heating & Air Conditioning,customercare@serviceexperts.com,+18663973787,https://www.serviceexperts.com/,Westminster,CO
Platinum Heat and Air,connect@platinumheatandair.com,+14058184093,https://platinumheatandair.com/,Yukon,OK
Filan & Conner,marketing@filanconner.com,+18567682888,https://www.filanconner.com/,West Berlin,NJ
Phillips Air Care Heating and Cooling Inc,wilmingtonoffice@phillipsair.com,+19106200096,https://phillipsair.com/,Wilmington,NC
Crouch's Heating & Cooling LLC,dcrouchhvac@reagan.com,+14053776203,https://crouchshvac.com/,Stillwater,OK
Dustin’s Mechanical LLC,dustinmechanical@gmail.com,+16094886353,https://dustinsmechanical.com/,New Egypt,NJ
CK Mechanical,chris@www.ck-mechanical.com,+14434842212,https://www.ck-mechanical.com/,Aberdeen,MD
Lakeside Heating & Air Conditioning,info@lakesideinchelan.com,+15092844265,https://www.lakesideinchelan.com/,Chelan,WA
"Albert Nahman Plumbing, Heating, and Cooling - Hayward",email@albertnahman.com,+15109734067,https://albertnahmanplumbing.com/,Hayward,CA
"Highland Heating & Air, Inc.",info@highlandheating.com,+13038480095,https://www.highlandheating.com/,Longmont,CO
Dobbs Air Conditioning & Heating,dobbsac@msn.com,+19035649429,http://dobbsac.com/,Whitesboro,TX
Eveready Service Experts,customercare@serviceexperts.com,+18663973787,https://www.serviceexperts.com/,Henrico,VA
Stevens Heating & Air Conditioning,info@stevensheatandair.com,+16314872906,https://www.stevensheatandair.com/,Quogue,NY
Cherokee Services,cherokeeservices@hotmail.com,+19368583847,https://cherokeeserviceshvac.com/,Alto,TX
Air Engineers Service Experts,airengineers@serviceexperts.com,+19044505672,https://www.airengineers.com/,Jacksonville,FL
Rolf Griffin Service Experts,rolfgriffin@serviceexperts.com,+12605571275,https://www.rolfgriffin.com/,Fort Wayne,IN
"Four Seasons Air Specialists, Inc.",info@4seasonsairwbl.com,+16514265254,https://4seasonsairwbl.com/,White Bear Lake,MN
AC Repair Garland,contact@acrepair-garland.com,+14692297740,https://acrepair-garland.com/,Allen,TX
Powell Heating & Cooling,todd@powellheatingandcooling.net,+17652699145,https://www.powellheatingandcooling.net/,Lafayette,IN
"Temp's Heating & Cooling, LLC",tempsheatingcooling@gmail.com,+16625090380,http://tempsheatingcooling.com/,Pontotoc,MS
Edward L Kemp Co,jbrenizer@elkemp.com,+14126737337,https://elkemp.com/,McKeesport,PA
Edward L Kemp Co,mkemp@elkemp.com,+14126737337,https://elkemp.com/,McKeesport,PA
Comfort Masters Service Experts,chicago@serviceexperts.com,+18472506729,https://www.comfortmasterserviceexperts.com/,Wheeling,IL
ATC Cooling & Heating,relax@atcservice.com,+14232393358,https://atcservice.com/,Kingsport,TN
Clean Climate HVAC Inc.,info@cleanclimatehvac.com,+19592410611,https://cleanclimatehvac.com/,Broad Brook,CT
Fox Family Heating and Air Conditioning,foxfamilyheatingandair@outlook.com,+19168771577,http://foxfamilyhvac.com/,Rancho Cordova,CA
GSMS Air•Heating•Plumbing,customercare@gsmsnh.com,+16036348578,https://www.gsmsnh.com/,Manchester,NH
"Yellow Dog Plumbing, Heating & Cooling",info@callyellowdog.com,+17814238652,https://callyellowdog.com/,Needham,MA
Fras-Air/General Service Experts,frasair@serviceexperts.com,+19084482154,https://www.frasair.com/,Hillsborough Township,NJ
"Vacinek Plumbing Heating & Roofing, Inc.",vacinekservice@aol.com,+17165922727,https://vacinek.net/,Hamburg,NY
"Willco Air Conditioning, Refrigeration & Heating Inc.",info@willcohvac.com,+18623456896,https://willcoairconditioning.com/,Branchville,NJ
A-Plus Service Experts,aplus@serviceexperts.com,+13017473140,https://www.aplus-hvac.com/,Capitol Heights,MD
The Best HVAC LLC,office@legit.com,+19542793291,https://thebesthvacfl.com/,Pompano Beach,FL
Davison Home Services,info@davisonheating.com,+18102159219,http://davisonheating.com/,Davison,MI
Emporia Home Services,info@emporiahomeservices.com,+13039092018,https://emporiahomeservices.com/,Littleton,CO
Exxel Mechanical Services,bob@exxelmechanical.com,+14438211040,https://exxelmechanical.com/,Mt Airy,MD
Maryland Heating & Air,service@marylandhvacr.com,+18554108324,https://marylandhvacr.com/,Essex,MD
"Hero: Plumbing, Heating, Cooling, Drains, Ducts & Electrical",customerservice@callhero.com,+16126887254,https://callhero.com/,Rochester,MN
True Fix A/C & Heating,service@truefix.com,+12813929334,https://www.truefixairconditioning.com/,Katy,TX
Geerts Plumbing & Heating Inc,info@geertsphc.com,+16413816023,https://geertsphc.com/,New Hampton,IA
Comfy Air,info@comfyair.com,+18309658127,https://comfyairtx.com/,San Marcos,TX
AH Brenner Heating & Cooling,AHBrennerHVAC@gmail.com,+18159705127,https://ahbrennerheatingcooling.com/,Sycamore,IL
Air New Solutions,airnewsolutions@gmail.com,+13059674684,http://airnewsolutions.com/,Miami,FL
Wesley Wood Service Experts,wesleywood@serviceexperts.com,+14844017577,https://www.wesleywood.com/,West Chester,PA
Air Bros Air Conditioning & Electrical,info@example.com,+18137584044,https://theairbros.com/,St. Petersburg,FL
Levy & Son Service Experts,levyandson@serviceexperts.com,+19722418503,https://www.levyandson.com/,Richardson,TX
"Scott Harrison Plumbing and Heating, Inc.",info@scottharrisonplumbing.com,+17144002725,https://scottharrisonplumbing.com/,Stanton,CA
ATS Mechanical Heating & AC - Cypress,ats@atsmech.net,+18322661531,https://ats-mechanical.com/,Cypress,TX
Patriot HVAC Services,patriothvacservicesllc@gmail.com,+19032716971,https://callpatriothvac.com/,Whitewright,TX
All American Refrigeration Heating & Cooling,allamericanrefrigeration@gmail.com,+18707412653,https://allamericanrefrigerationhvac.com/,Harrison,AR
All-Star Heating and Air Conditioning,dispatch@all-starhvac.com,+18653337827,https://all-starhvacknoxville.com/,Knoxville,TN
Allied Experts Heating & Air Conditioning,info@alliedexperts.com,+18562026058,https://alliedexperts.com/,Cherry Hill,NJ
Dragonfly Heating & Cooling,service@calldragonfly.com,+19516840880,https://calldragonfly.com/,Riverside,CA
Broad Ripple Service Experts,broadripple@serviceexperts.com,+13175270271,https://www.broadrippleheating.com/,Indianapolis,IN
Advantage AIR Heating & A/C,service@advantageair-hvac.com,+13206161282,https://advantageair-hvac.com/,Hillman,MN
Fire & Ice Heating and Air,service@fireandicepros.com,+17242403888,https://www.fireandicepros.com/,Greensburg,PA
Logic HVAC/R,logic@logichvacr.com,+17208637940,https://www.logichvacr.com/,Denver,CO
Barlow Service Experts,Barlow.UtahCounty@serviceexperts.com,+18018718425,https://www.barlowserviceexperts.com/,Ogden,UT
Barlow Service Experts,Barlow.SLC@serviceexperts.com,+18018718425,https://www.barlowserviceexperts.com/,Ogden,UT
Barlow Service Experts,barlow@serviceexperts.com,+18018718425,https://www.barlowserviceexperts.com/,Ogden,UT
"AllTech Services, Inc",careers@alltechservicesinc.com,+17032170095,http://alltechservicesinc.com/,Sterling,VA
American Heating Air Conditioning Service,ahscentral203@aol.com,+12037565040,http://americanheatingservice.com/,Waterbury,CT
JRAC Cooling & Heating Services,jraccoolingheating@gmail.com,+14696844622,https://jrachvac.com/,Garland,TX
Call The Whale (Plumbing Heating Air Electrical),info@callthewhale.com,+18029094253,https://callthewhale.com/,Williston,VT
"Advanced Air Conditioning & Heating, Inc.",service@advancedac.com,+13182225665,https://www.advancedac.com/,Bossier City,LA
"Mechanical Comfort Systems, Inc.",serviceorders@mcs-services.com,+12147719309,https://www.keepingamericacool.com/,Duncanville,TX
Knochelmann Service Experts,knochelmann@serviceexperts.com,+18599050834,https://www.knochelmann.com/,Sharonville,OH
Knochelmann Service Experts,Cincinnati@serviceexperts.com,+18599050834,https://www.knochelmann.com/,Sharonville,OH
"Comfort Living Heating & A/C, llc",office@callcomfortliving.com,+14795443514,https://www.callcomfortliving.com/,Bentonville,AR
Service Experts Heating & Air Conditioning,customercare@serviceexperts.com,+18663973787,https://www.serviceexperts.com/,Salem,VA
Colair,sales@colairinc.com,+19565815212,https://colairinc.com/,Mission,TX
Apgar Oil Energy & HVAC,apgaroilservice@aol.com,+16104345195,https://www.apgaroil.com/,Allentown,PA
Coverall Services,info@coverallservices.com,+13863842014,https://coverallservices.com/,Holly Hill,FL
Top Notch Heating & Air Conditioning,info@topnotchbg.com,+12707702665,https://www.topnotchbg.com/,Bowling Green,KY
Finch Air Conditioning and Heating,customercare@serviceexperts.com,+18663973787,https://www.serviceexperts.com/,Kingwood,TX
Redhawk Heating & Air Conditioning,redhawk@pbol.net,+14322370168,https://www.redhawkac.com/,Odessa,TX
Chilly Ben's Heating And A/C,ben@chillybens.com,+12707763691,https://chillybens.com/,Franklin,KY
All Climate Mechanical,info@allclimatehvac.com,+17635488095,https://allclimatehvac.com/,Coon Rapids,MN
Davison Home Services,info@davisonheating.com,+18102159219,http://davisonheating.com/,Troy,MI
"MDI Comfort Systems, Inc.",mechanicaldynamic@hotmail.com,+17347431817,https://www.mdicomfort.com/,Livonia,MI
"MDI Comfort Systems, Inc.",dbrewer@mdicomfort.com,+17347431817,https://www.mdicomfort.com/,Livonia,MI
Quigley Heating & Air Conditioning,customerservice@quigleyac.com,+12145268533,https://quigleyac.com/,Farmers Branch,TX
Rellaire Smart Home Systems,relax.ca@rellaire.com,+18154772600,http://rellaire.com/,Crystal Lake,IL
Rellaire Smart Home Systems,relax@rellaire.com,+18154772600,http://rellaire.com/,Crystal Lake,IL
"Downriver Climate Control, LLC",downriverclimatecontrolllc@gmail.com,+17345594688,https://downriverhvacexperts.com/,Trenton,MI
Donelson Air Service Experts,donelsonac@serviceexperts.com,+16157990427,https://www.serviceexperts.com/midstate/,Fairview,TN
"Murphy's Air Conditioning, Heating & Plumbing",mhillis@callmurphys.com,+17742311660,https://www.callmurphys.com/,South Yarmouth,MA
"Murphy's Air Conditioning, Heating & Plumbing",gthompson@callmurphys.com,+17742311660,https://www.callmurphys.com/,South Yarmouth,MA
H & E Comfort Services,office@hecomfortservices.com,+15048006261,http://hecomfortservices.com/,Belle Chasse,LA
Your Choice HVAC Services,yourchoicehvacservice@gmail.com,+12056377661,https://www.yourchoicehvac.com/,Birmingham,AL
Neal Harris Service Experts,nealharris@serviceexperts.com,+18167870500,https://www.nealharrisserviceexperts.com/,Overland Park,KS
Kent Heating and Air Conditioning,info@kentheatingandac.com,+12197360300,https://www.kentheatingandac.com/,Valparaiso,IN
Dave's Heat And Air,davesheatandair@aol.com,+14693457621,https://davesheatandair.com/,Quinlan,TX
Lashbrook Mechanical - Ann Arbor,lashbrookmechanical@gmail.com,+12483106814,https://lashbrookmechanical.com/,Ann Arbor,MI
Lashbrook Mechanical - Ann Arbor,sales@lashbrookmechanical.com,+12483106814,https://lashbrookmechanical.com/,Ann Arbor,MI
Air Care Heating & Cooling Services,info@aircarehvac.net,+13185257923,https://aircarehvac.net/,Shreveport,LA
The Heating Cooling Doctor,info@theheatingcoolingdoctor.com,+16468200196,http://theheatingcoolingdoctor.com/,Brooklyn,NY
Brodeur & Sons,info@brodeurandsons.com,+15089955151,https://brodeurandsons.com/,Dartmouth,MA
Green Apple Mechanical Plumbing Heating & Cooling Elmwood Park,info@greenapplemechanical.com,+12013005554,https://www.greenapplemechanical.com/,Garfield,NJ
"A.J. LeBlanc Heating, A/C, Plumbing & Electrical",info@leblanchvac.com,+16036230412,https://leblanchvac.com/,Bedford,NH
Ploof Heating and Air LLC,scottploof.sp@gmail.com,+17062708122,https://ploofheatingandair.com/,Bremen,GA
"Johnson Mechanical, LLC",johnsonmechanicalllc@gmail.com,+16087424328,http://johnsonmechanicals.com/,Portage,WI
Johnston Heating & Air Conditioning,johnstonhvac3@att.net,+15019223732,https://johnstonheatingandair.com/,Hot Springs Village,AR
Air Care Air Conditioning & Heating Service Inc.,cust_service@aircareservice.com,+18506782438,http://aircareservice.com/,Crestview,FL
McElroy Service Experts,mcelroy@serviceexperts.com,+13082104398,https://www.mcelroyservice.com/,Grand Island,NE
Swift Heating & Air,mrswifthvac@yahoo.com,+19254134851,https://swiftairhvac.com/,Livermore,CA
"J. C. Heating and Cooling, Inc.",info@jcheatingandcooling.com,+16087522472,https://www.jcheatingandcooling.net/,Janesville,WI
Stark Services,customercare@serviceexperts.com,+18663973787,https://www.serviceexperts.com/,Fort Worth,TX
Livonia HVAC Heating and Cooling,info@livoniahvac.com,+17348848885,https://livoniahvac.com/,Livonia,MI
Bradshaw Heating & Air Conditioning Inc.,bradshawhvac@gmail.com,+15309036061,https://bradshawheatingandairpro.com/,Rancho Cordova,CA
Stevensons Air Control,info@steveac.com,+18476359885,https://www.steveac.com/,Des Plaines,IL
Service Experts Heating & Air Conditioning,customercare@serviceexperts.com,+18663973787,https://www.serviceexperts.com/,Raleigh,NC
Absolute Comfort HVAC LLC,absolute@absolutecomfortwi.com,+12626649284,https://www.absolutecomfortwi.com/,Waukesha,WI
"Tri-R Mechanical, LLC",ac@tri-rmechanical.com,+19417878888,http://tri-rmechanical.com/,Bradenton,FL
Jim's Old Fashion Service,jofsfrontdesk@gmail.com,+14798765742,https://jimsoldfashionservice.com/,Bentonville,AR
Edison Heating & Cooling,info@edisonhvac.com,+17323727161,https://www.edisonhvac.com/,Edison,NJ
AOK Heating Air Conditioning Electrical,aokqualityservice@gmail.com,+16107807363,https://aokqualityservice.com/,Lehighton,PA
Airworks Heating & Cooling LLC,airworksmichigan@gmail.com,+19898545810,https://airworksheating.com/,Sanford,MI
AGE Heating and Cooling,ageheatingandcooling@gmail.com,+12086032210,https://www.ageheatingandcooling.com/,Sandpoint,ID
DT Air Conditioning & Heating,admin@dt-ac.com,+19726339343,https://www.dt-ac.com/,Allen,TX
Service Experts Heating & Air Conditioning,customercare@serviceexperts.com,+18663973787,https://www.serviceexperts.com/,Fort Myers,FL
Covington Air Systems Inc,dbiggers@covingtonairsystems.com,+17704625319,https://covingtonairsystems.com/,Covington,GA
Supreme Heating and Cooling,supremeheatingandcooling412@gmail.com,+14123872046,https://supremeheatingandcooling412.com/,Pittsburgh,PA
R & M Climate Control Service Experts,customercare@serviceexperts.com,+18663973787,https://www.serviceexperts.com/,Knoxville,TN
Heating Air & Water,heatingairwater@gmail.com,+13316453765,https://heatingairwater.com/,Lyons,IL
"Temp-A-Tron, Inc.",tempatroninc@aol.com,+18773384822,http://ttroninc.com/,Berryville,VA
Metro Air Conditioning Heating & Services,info@metroacs.com,+12143047658,https://www.metroacs.com/,Dallas,TX
Wolf & Sons Heating & Cooling Inc,TonyWolf618@gmail.com,+16188060518,https://www.wolfsonsheatingcooling.com/,Highland,IL
Chesapeake Heating & Air Conditioning,chesapeakeheatingandair@gmail.com,+17573000902,https://afterhoursheatandcool.com/,Chesapeake,VA
"The Comfort Doctor Heating, Air Conditioning, & Refrigeration",Brandon@thecomfortdoctor.com,+12563901615,https://thecomfortdoctor.com/,Gadsden,AL
E J's Heating & Air,MTUBBS73159@msn.com,+14056343082,https://ejsheatandair.com/,Oklahoma City,OK
Mark's Heating & Cooling Inc,marksheatingandcoolingnd@gmail.com,+17016632585,https://www.marksheatingandcoolingnd.com/,Mandan,ND
Sovereign Service and All American HVAC,support@aahvacservices.com,+13014909500,http://aahvacservices.com/,Columbia,MD
"Joiner's HVAC, Inc.",josh@joinershvac.com,+18157618445,https://joinershvac.com/,Cortland,IL
J.R.'s Heating & Cooling Repair's,service@jrshvacnc.com,+19197951898,https://jrshvacnc.com/,Garner,NC
Rock Hard Refrigeration,service@callrockhard.com,+14692907316,https://callrockhard.com/,Travelers Rest,SC
Instant Aire Heating and Cooling,turnerinstant@outlook.com,+12702992269,https://instantaire.com/,Greensburg,KY
Instant Aire Heating and Cooling,instantaire@outlook.com,+12702992269,https://instantaire.com/,Greensburg,KY
Instant Aire Heating and Cooling,iawillow@outlook.com,+12702992269,https://instantaire.com/,Greensburg,KY
Eaglette Service Company,isabella@eagletteservice.com,+18706080661,https://eagletteservice.com/,Fordyce,AR
Eaglette Service Company,paul@eagletteservice.com,+18706080661,https://eagletteservice.com/,Fordyce,AR
Green Apple Mechanical Plumbing Heating & Cooling Edgewater,info@greenapplemechanical.com,+12013005554,https://www.greenapplemechanical.com/,Edgewater,NJ
House of Heating Incorporated,houseofheatinginc@gmail.com,+17153843163,https://www.houseofheating.com/,Marshfield,WI
Advanced Cooling,info@advancedcooling.net,+19034656554,http://advancedcooling.net/,Sherman,TX
Spiker Heating and Air,spikerheatingandair@gmail.com,+13164096689,https://www.hvacwichitaks.com/,Wichita,KS
"Glanz & Buffat Plumbing, Heating and Cooling",customerservice@glanzphc.com,+15024238080,https://www.glanz-buffatphc.com/,Louisville,KY
Air Comfort Heating & Air,james@aircomfortac.com,+19106958241,https://aircomfortac.com/,Aberdeen,NC
Droegkamp Furnace Co.,droegkamp@hvacdfco.com,+12626912444,https://droegkampfurnacewi.com/,Pewaukee,WI
Service Experts Heating & Air Conditioning,customercare@serviceexperts.com,+18663973787,https://www.serviceexperts.com/,Memphis,TN
Eagle Pro Heating - Cooling - Insulation,info@eagleprollc.com,+12567675154,https://calleaglepro.com/,Muscle Shoals,AL
"Yarnell Heating & Air, LLC",info@yarnellheatingandair.com,+13174900538,https://www.yarnellheatingandair.com/,Mooresville,IN
JRB Heating & Cooling LLC,jeff.jrbheatcool@gmail.com,+14129014877,https://jrbhvac.com/,McKeesport,PA
Supreme Heating and Cooling,supremeheatingandcooling412@gmail.com,+14123872046,https://supremeheatingandcooling412.com/,Penn Hills,PA
"Perfection Heating, Air Conditioning & Refrigeration",info@perfectionhvac.com,+18125088387,http://perfectionhvac.com/,Evansville,IN
Zen Air Heating and Cooling,office@callzenair.com,+16788537440,https://callzenair.com/,Suwanee,GA
Peitz Service Experts,peitz@serviceexperts.com,+16052230307,https://www.peitzserviceexperts.com/,Pierre,SD
Total Air Solutions,ciglesias@totalairfl.com,+19415047953,https://totalairfl.com/,Tampa,FL
Total Air Solutions,ciglesias@totalairfl.com,+19415047953,https://totalairfl.com/,North Port,FL
Advantage Air Heating & Cooling,service@getadvantageair.com,+16309498600,http://advantageairheatingcooling.com/,Lisle,IL
True North Heating and Air - Pine City MN,truenorthheatingandair@gmail.com,+16514920582,https://truenorthheatingandair.com/,Pine City,MN
Teays Valley Service Experts,teaysvalley@serviceexperts.com,+13047605088,https://www.teaysvalleyserviceexperts.com/,Hurricane,WV
Becht/Givens Service Experts,customercare@serviceexperts.com,+18663973787,https://www.serviceexperts.com/,Jeffersonville,IN
Macawsome Heating & Cooling,info@macawsome.com,+19093334004,https://www.macawsome.com/,Ontario,CA
Bill's Heating & A/C,billshtgac@centurytel.net,+16083783400,https://www.billsheatingac.com/,Warrens,WI
Service Experts Heating & Air Conditioning,customercare@serviceexperts.com,+18663973787,https://www.serviceexperts.com/,Ocala,FL
Stevenson Service Experts,customercare@serviceexperts.com,+18663973787,https://www.serviceexperts.com/,Columbus,OH
Modern Air,info@modernairco.com,+14084970444,http://modernairco.com/,Morgan Hill,CA
Super Tech Heat and Air,sam@supertechheatandair.com,+15013278808,https://supertechheatandair.com/,Greenbrier,AR
Super Tech Heat and Air,jonathan@supertecheatandair.com,+15013278808,https://supertechheatandair.com/,Greenbrier,AR
All Climate Heating & Cooling,allclimatenc@gmail.com,+17049648375,https://allclimate1.com/,Charlotte,NC
"Kop's Repair, LLC",kopsrepairllc@gmail.com,+12156398114,https://kopsrepair.com/,Bensalem,PA
Strand Brothers Service Experts,strandbrothers@serviceexperts.com,+15125923072,https://www.strandbrothers.com/,Austin,TX
ATS Mechanical Heating & AC - The Woodlands,ats@atsmech.net,+18322661531,https://ats-mechanical.com/,The Woodlands,TX
Church Services,customercare@serviceexperts.com,+18663973787,https://www.serviceexperts.com/,Houston,TX
Richard's Fuel & Heating,info@richardsfuel.com,+14135270194,https://www.richardsfuel.com/,Easthampton,MA
"Albert Nahman Plumbing, Heating, and Cooling - Berkeley",email@albertnahman.com,+15109734067,https://albertnahmanplumbing.com/,Berkeley,CA
Green Apple Mechanical Plumbing Heating & Cooling Totowa,info@greenapplemechanical.com,+12013005554,https://www.greenapplemechanical.com/,Totowa,NJ
Sunbeam Service Experts,buffalo@serviceexperts.com,+17164276807,https://www.serviceexperts.com/sunbeam-heating/,Amherst,NY
Sunbeam Service Experts,customercare@serviceexperts.com,+17164276807,https://www.serviceexperts.com/sunbeam-heating/,Amherst,NY
L&S Heating & Cooling LLC,lsair@lsairllc.com,+19568441563,https://lsairllc.com/,San Juan,TX
"Kron & West, Inc",valeria@kronwest.com,+17273450317,https://www.kronwest.com/,South Pasadena,FL
"Kron & West, Inc",bryang@kronwest.com,+17273450317,https://www.kronwest.com/,South Pasadena,FL
"Kron & West, Inc",ashley@kronwest.com,+17273450317,https://www.kronwest.com/,South Pasadena,FL
"Kron & West, Inc",delecia@kronwest.com,+17273450317,https://www.kronwest.com/,South Pasadena,FL
"Kron & West, Inc",joe@kronwest.com,+17273450317,https://www.kronwest.com/,South Pasadena,FL
"Kron & West, Inc",marina@kronwest.com,+17273450317,https://www.kronwest.com/,South Pasadena,FL
"Kron & West, Inc",amy@kronwest.com,+17273450317,https://www.kronwest.com/,South Pasadena,FL
"Kron & West, Inc",danielle@kronwest.com,+17273450317,https://www.kronwest.com/,South Pasadena,FL
"Kron & West, Inc",briankron@kronwest.com,+17273450317,https://www.kronwest.com/,South Pasadena,FL
"Kron & West, Inc",bob@kronwest.com,+17273450317,https://www.kronwest.com/,South Pasadena,FL
"Kron & West, Inc",tyler@kronwest.com,+17273450317,https://www.kronwest.com/,South Pasadena,FL
"Kron & West, Inc",marc@kronwest.com,+17273450317,https://www.kronwest.com/,South Pasadena,FL
"Binder Heating and Air Conditioning, Inc",service@binderheating.com,+16514578781,https://binderheating.com/,South St Paul,MN
Airtek Heating & Cooling,airtekllc@gmail.com,+17854247232,https://www.airtekmech.com/,Lawrence,KS
"Temperature Limit Heating, Cooling & Rentals",service@temperaturelimithvac.com,+19312879431,https://temperaturelimithvac.com/,Monterey,TN
H.E.A.T. Mechanical AC And Heat,brent@heatmechanical.com,+19729370697,https://www.heatmechanical.com/,Waxahachie,TX
Chilly Ben's Heating And A/C White House,ben@chillybens.com,+12707763691,https://chillybens.com/,White House,TN
Air Changes Heating & Cooling LLC,jaredp@airchangeshvac.com,+12158520800,https://airchangeshvac.com/,Bensalem,PA
Air Changes Heating & Cooling LLC,service@airchangeshvac.com,+12158520800,https://airchangeshvac.com/,Bensalem,PA
"Innovative Heat and Air Solutions, Inc.",innovativeheatandairsolutions@gmail.com,+15017739695,http://innovativeheatandairsolutions.com/,Mabelvale,AR
Peachtree Service Experts,peachtree@serviceexperts.com,+17704580181,https://www.peachtreeserviceexperts.com/,Morrow,GA
Hubbard Heating & Cooling,hubbardcooling@aol.com,+18032852665,http://hubbardcooling.com/,Lancaster,SC
Service Experts Heating & Air Conditioning,customercare@serviceexperts.com,+18663973787,https://www.serviceexperts.com/,WARRENSVL HTS,OH
Strogen's Service Experts,strogens@serviceexperts.com,+16039234570,https://www.strogensserviceexperts.com/,Somersworth,NH
"Temp-A-Tron, Inc.",tempatroninc@aol.com,+18773384822,http://ttroninc.com/,Purcellville,VA
Glenmont Heating & Air Conditioning,info@glenmonthvac.com,+13014682665,https://glenmonthvac.com/,Rockville,MD
Professional Mechanical Services,infopromech08@gmail.com,+17633883734,https://www.furnaceacrepair.com/,Brooklyn Park,MN
Island Breeze HVAC,questions@islandbreezehvac.com,+19196934822,https://www.islandbreezehvac.com/,Clayton,NC
"All Seasons Air Conditioning, Heating, & Plumbing",AllSeasons_AC_Heat@yahoo.com,+17852422602,https://allseasons-ac-heat.com/,Ottawa,KS
Green Apple Mechanical Plumbing Heating & Cooling Hawthorne,info@greenapplemechanical.com,+12013005554,https://www.greenapplemechanical.com/,Hawthorne,NJ
Golden Seal Service Experts,goldenseal@serviceexperts.com,+16302462698,https://www.goldensealservices.com/,St. Charles,IL
Norrell Service Experts,customercare@serviceexperts.com,+18663973787,https://www.serviceexperts.com/,Irondale,AL
Ameri-Tec Mechanical,info@ameri-tec.net,+17174794950,https://www.ameri-tec.net/,Narvon,PA
Jack Nelson Service Experts,customercare@serviceexperts.com,+18663973787,https://www.serviceexperts.com/,Tulsa,OK
ATS Mechanical Heating & AC,ats@atsmech.net,+18322661531,https://ats-mechanical.com/,Tomball,TX
J-Tech Mechanical,jtechmechanical@gmail.com,+12812318768,https://www.jtechmechanical.com/,Magnolia,TX
Weikle’s Hometown Heating & Air,info@weikleshometownhvac.com,+19109310094,https://weikleshometownhvac.com/,Southport,NC
Rapid Heat & Air LLC,service@rapidheatandair.com,+15809205026,https://www.rapidheatandair.com/,Durant,OK
Conditioned Aire,conditionedaire@sbcglobal.net,+18182012673,https://www.conditionedaire.com/,Northridge,CA
"Hero: Plumbing, Heating, Cooling, Drains, Ducts & Electrical",customerservice@callhero.com,+16126887254,https://callhero.com/,Owatonna,MN
Askar Heating - Cooling - Electrical,service@askarheatingandcooling.com,+15862191979,http://askarhvac.com/,Macomb,MI
Galbreath Heating & Air,info@galbreathair.com,+19127563102,https://galbreathair.com/,Richmond Hill,GA
"A-1 American Services, Inc.",info@a-1american.com,+17575959900,https://www.a-1american.com/,Virginia Beach,VA