business_name,email,phone,website,city,state
James Hilliard & Sons Landscaping,office@hilliardlandscaping.com,+19366993215,https://www.hilliardlandscaping.com/,Lufkin,TX
EXTREME OUTDOOR RIPLEY,woxvqgsk@mailparser.io,+16628373848,http://extremeor.com/,Ripley,MS
EXTREME OUTDOOR RIPLEY,josh@extremeor.com,+16628373848,http://extremeor.com/,Ripley,MS
EXTREME OUTDOOR RIPLEY,jay@extremeor.com,+16628373848,http://extremeor.com/,Ripley,MS
EXTREME OUTDOOR RIPLEY,jeg@extremeor.com,+16628373848,http://extremeor.com/,Ripley,MS
Autmow Robotic Mowing,info@autmow.com,+18888992682,http://autmow.com/,Westerville,OH
Springer's Autmow Robotic Mowing,info@autmow.com,+18888992682,http://autmow.com/,New Bremen,OH
Planters & Designers,plantersdesigners@gmail.com,+12766697747,https://www.plantersanddesignersva.com/,Bristol,VA
Lakedale Landscape & Nursery,lakedale@frontiernet.net,+13205323594,https://lakedale.biz/,Onamia,MN
WHISPR® | Lawn Care and Landscaping Services,info@whisprinnovations.com,+12062103708,https://gowhispr.com/,Lake Stevens,WA
Gracey Landscape & Hydroseeding,office@graceylandscape.com,+13607797333,https://www.graceylandscape.com/,Kingston,WA
Pro Maintenance 4 Seasons,info@promaintc.com,+12312638192,https://www.promaintc.com/,Interlochen,MI
All Seasons Property Maintenance,Allseasonspm@yahoo.com,+14018213700,https://www.wedoitallseasons.com/,West Warwick,RI
"Aikane Nursery & Landscaping, LLC",office@aikanenursery.com,+18084308198,https://www.aikanenursery.com/,Hawi,HI
NJ Home & Garden Supply,info@njhgsupply.com,+17323020067,https://njhgsupply.com/,Martinsville,NJ
Bedford Mowers,bedford_mowers@hotmail.com,+19142412040,http://bedfordlawnmowers.com/,Bedford Hills,NY
Lawns Unlimited Ltd,info@lawnsunlimited.com,+13026455296,https://lawnsunlimited.com/,Milton,DE
Halftime Help,service@halftimehelp.com,+17204395296,https://halftimehelp.com/,Littleton,CO
"Noack Maintenance & Landscaping Co., Inc.",sales@noacklandscaping.com,+12812558756,https://www.noacklandscaping.com/,Cypress,TX
Moeller Lawn Care & More LLC.,spencer.moeller234@gmail.com,+13194938661,https://moellerlawncareandmore.org/,Evansdale,IA
Seasonal Concepts Landscaping,info@seasonalconceptscolumbus.com,+17065680463,https://seasonalconceptscolumbus.com/,Columbus,GA
Maloney's Mowing LLC,info@maloneysmowing.com,+18503612145,https://maloneysmowing.com/,Pensacola,FL
Olsen's Lawn & Landscaping,olsenslawn@verizon.net,+16094435200,https://www.olsenlawnandlandscapingnj.com/,Hightstown,NJ
Seasonal Concepts,info@seasonalconceptscolumbus.com,+17065680463,https://seasonalconceptscolumbus.com/,Columbus,GA
"S&H Farm Supply, Inc - Lockwood",sales@shfarmsupply.com,+14177534333,http://shfarmsupply.com/,Lockwood,MO
"Scooter's Lawn Care, Inc.",team@scooterslawncare.com,+12174731472,https://scooterslawncare.com/,Springfield,IL
Garden Exchange Ltd,gardenx808@gmail.com,+18089612877,https://www.gardenexchangehilo.com/,Hilo,HI
Small Engine Specialist of Texarkana,office@sesot.com,+19037931223,https://www.smallenginespecialistoftexarkana.com/,Texarkana,TX
Shook's Outdoor Power Equipment,sales@shookslandscape.com,+17067780989,https://www.shookslandscape.com/,Cornelia,GA
"Letts Hardware & Equipment, Inc.",lettshardware@gmail.com,+18125912221,https://www.lettshardware.com/,Greensburg,IN
Progressive Power Equipment & Lawncare Inc,ksparks@yadtel.net,+17045922612,https://progressivepowerequip.weebly.com/,Statesville,NC
Narrows Landscaping LLC | Lawn Care Services in Gig Harbor | Landscaper in Washington State,narrowslandscaping@gmail.com,+12535250951,https://narrowslandscaping.com/,Gig Harbor,WA
Woodchop Shop,contact@woodchopshop.com,+13153868120,http://woodchopshop.com/,Canton,NY
Red Rock Turf and Carts,bob@redrockturf.com,+14352630587,http://redrockturf.com/,Summit,UT
Burdick Street Landscape Supply & Equipment,tstoll@burdickstreet.com,+12489692800,https://www.burdickstreet.com/,Oxford,MI
Mowers Plus LLC,Mowersplusllc.ga@gmail.com,+17704829993,https://mowersplusllc.com/,Decatur,GA
KnoxBots,hello@knoxbots.com,+18653787937,https://www.knoxbots.com/,Knoxville,TN
Beard Implement Co,sales@beardimplement.com,+12174763386,http://beardimplement.com/,Arenzville,IL
Yarbrough Equipment Sales & Service,danny@yarbeq.com,+14177362303,http://yarbroughequipment.com/,Strafford,MO
Yarbrough Equipment Sales & Service,jerrina@yarbeq.com,+14177362303,http://yarbroughequipment.com/,Strafford,MO
Yarbrough Equipment Sales & Service,cole@yarbeq.com,+14177362303,http://yarbroughequipment.com/,Strafford,MO
Yarbrough Equipment Sales & Service,Brandan@yarbeq.com,+14177362303,http://yarbroughequipment.com/,Strafford,MO
Peggs Small Engines LLC,peggssmallengines@yahoo.com,+18565664597,http://peggssmallengines.com/,Somerdale,NJ
Johns Sales & Service,johnssalesmn@gmail.com,+13202350720,https://www.johnssalesmn.com/,Willmar,MN
Utah Outdoor Power Equipment,utahoutdoorpowerequipment@gmail.com,+14358668091,https://www.utahoutdoorpowerequipment.com/,Cedar City,UT
Jersey Shore Lawn Sprinkler,info@jslsinc.com,+17322238302,https://www.jerseyshorelawnsprinkler.com/,Whiting,NJ
Ramirez Landscape and Tree Service,ramirez_landscape25@yahoo.com,+17607173550,https://www.ramirezlandscape.com/,Fallbrook,CA
Local Lawn Care LLC,csprllc@yahoo.com,+13072597448,https://locallawncarecasper.com/,Casper,WY
Eugene Landscape & Irrigation,eugenelandscape@gmail.com,+15416895455,http://eugenelandscapeirrigation.com/,Eugene,OR
Automow New England,info@automownewengland.com,+15084759879,https://automownewengland.com/,Southborough,MA
Lawn Mower Club,jimf@mowergenius.com,+16297775058,https://www.lawnmowerclub.com/,Fayetteville,TN
Windmill Sprinkler & Hardware,info@windmillsprinkler.com,+15614952311,https://windmillsprinkler.com/,LaBelle,FL
"Southwest Quality Lawn | Lawn Care Service Naples, Bonita Springs, Cape coral and Fort Myers",info@southwestqualitylawn.com,+12392122501,https://southwestqualitylawn.com/,Bonita Springs,FL
DC Lawn Care LLC,office@getdclawncare.com,+15593069480,https://getdclawncare.com/,Porterville,CA
Newtown Power Equipment,sales@newtownpowerequipment.com,+12034265012,https://www.newtownpowerequipment.com/,Newtown,CT
Teton Rental Center,info@tetonrental.com,+13077334070,https://tetonrental.com/,Jackson,WY
AARO Rental Center,aarorentalcenter@gmail.com,+18032568220,https://www.aarorentalcenter.com/,Columbia,SC
Dunlap Lawn & Garden Equipment,brookville@dunlaplg.com,+18148497197,https://www.dunlaplawnandgarden.com/,DuBois,PA
Dunlap Lawn & Garden Equipment,dunlaplg@comcast.net,+18148497197,https://www.dunlaplawnandgarden.com/,DuBois,PA
Lakes & Trails Marine and Small Engine,tommycleveland@yahoo.com,+17156356111,https://lakesntrails.com/,Spooner,WI
"Service Motor Company, Inc.",sales@servicemotor.com,+17156750052,http://servicemotor.com/,New Franken,WI
MCM Outdoor Power Equipment,GOLD&GUNSPAWN@setel.net,+19042595494,https://badboymowers-parts.com/,Macclenny,FL
"Replacement Commercial Parts Warehouse, Inc.",orders@rcpw.com,+13304682641,https://www.rcpw.com/,Macedonia,OH
"Service Motor Company, Inc.",sales@servicemotor.com,+17156750052,http://servicemotor.com/,Dale,WI
Triple C Sales & Service,admin@triplecsales.com,+15013292391,https://www.triplecsales.com/,Conway,AR
"Canby Rental & Equipment, Inc. (CRE)",admin@canbyrental.com,+15032667811,https://www.canbyrental.com/,Canby,OR
Barhite's Sales and Rentals,bsr.18413@gmail.com,+15702222807,https://barhitessalesandrentals.com/,Clifford,PA
Love Power Equipment and Rentals,matt.strickland@lpechiefland.com,+13524931770,https://lpechiefland.com/,Chiefland,FL
Fords Outdoor Power Equipment,info@example.com,+17327381955,https://www.fordsope.com/,Fords,NJ
All Care Power Equipment,powerequipment@allcaresvc.com,+17815523243,https://www.allcarepowerequipment.com/,Billerica,MA
BTI Greensburg,victor.roberto@btiequip.com,+18005735606,https://www.btiequip.com/,Greensburg,KS
Mac Equipment,info@macequipmenttn.com,+19312468080,http://macequipmenttn.com/,Chapel Hill,TN
Leeper Hardware,support@leeperhardware.com,+18654753365,https://leeperhardware.com/,Jefferson City,TN
Fred's Duxbury Fix-It Shop,info@fredsduxburyfixit.com,+17815852175,http://fdfsinc.com/,Duxbury,MA
Crownstone Equipment / Bobcat of Reading,sales@bobcatofyork.com,+13013780491,http://crownstoneeq.com/,Leesport,PA
Carolina Lawn Equipment,sales@carolinalawnequipment.com,+18646491272,https://www.carolinalawnequipment.com/,Gaffney,SC
"Service Motor Company, Inc.",sales@servicemotor.com,+17156750052,http://servicemotor.com/,Seymour,WI
Ace Rental of Brunswick,brunswick@hatchethardware.com,+15182331073,https://www.hatchethardware.com/,Troy,NY
Ace Rental of Brunswick,downtowntroy@hatchethardware.com,+15182331073,https://www.hatchethardware.com/,Troy,NY
Ace Rental of Brunswick,wynantskill@hatchethardware.com,+15182331073,https://www.hatchethardware.com/,Troy,NY
Ace Rental of Brunswick,coxsackie@hatchethardware.com,+15182331073,https://www.hatchethardware.com/,Troy,NY
Ace Rental of Brunswick,sales@hatchethardware.com,+15182331073,https://www.hatchethardware.com/,Troy,NY
Ace Rental of Brunswick,colonie@hatchethardware.com,+15182331073,https://www.hatchethardware.com/,Troy,NY
Ace Rental of Brunswick,waterford@hatchethardware.com,+15182331073,https://www.hatchethardware.com/,Troy,NY
Ace Rental of Brunswick,niskayuna@hatchethardware.com,+15182331073,https://www.hatchethardware.com/,Troy,NY
Ace Rental of Brunswick,palatinebridge@hatchethardware.com,+15182331073,https://www.hatchethardware.com/,Troy,NY
Bahrns Equipment,support@bahrns.com,+18004322909,https://www.bahrns.com/,Effingham,IL
Power Place,pete@powerplaceinc.com,+19736278005,https://www.powerplaceinc.com/,Rockaway,NJ
S & S Mowers,info@ssmowers.com,+13867552957,https://www.ssmowers.com/,Lake City,FL
BTI Bucklin,victor.roberto@btiequip.com,+18005735606,https://www.btiequip.com/,Bucklin,KS
Wayde's Equipment LLC,waydesequipment@gmail.com,+16365838830,https://waydesequipment.com/,Cuba,MO
Wayde's Equipment LLC,khubenthalofweu@gmail.com,+16365838830,https://waydesequipment.com/,Cuba,MO
"Wilco Rental, INC.",wilcorental@comcast.net,+18156254323,https://wilcorental.com/,Sterling,IL
Rapids Rental & Supply Co Inc,webmaster@rrscoinc.com,+17154215500,https://www.rrscoinc.com/,Wisconsin Rapids,WI
Hilton Rentals,parts@hiltonrentals.net,+17137743245,https://www.hiltonrentals.net/,Houston,TX
"Service Motor Company, Inc.",sales@servicemotor.com,+17156750052,http://servicemotor.com/,Wausau,WI
Grand Valley Mower,GrandValleyMower@outlook.com,+14404377700,https://grandvalleymower.com/,Orwell,OH
Weisheit Engine Works Inc,sales@wewusa.com,+15187672380,https://www.wewusa.com/,Glenmont,NY
Ray's Repair,raysrepairohio@gmail.com,+14408341107,https://www.raysrepairohio.com/,Middlefield,OH
BEOman Lawn and Garden,info@beomanlawnandgarden.com,+17653544151,https://www.beomanlawnandgarden.com/,Middletown,IN
JBT Power,benw@jbtpower.com,+12517244445,http://jbtpower.com/,Daphne,AL
JBT Power,wayneg@jbtpower.com,+12517244445,http://jbtpower.com/,Daphne,AL
Voss Brothers,sales@vossbros.com,+17409653355,http://vossbros.com/,Sunbury,OH
Maxwell Turf & Supply Inc,sales@maxwellturf.com,+16316438873,https://maxwellturf.com/,Wyandanch,NY
K & H Equipment Sales Rental Service,parts@khconstructionllc.com,+18605641400,http://khconstructionllc.com/,Plainfield,CT
K & H Equipment Sales Rental Service,dumpsters@khconstructionllc.com,+18605641400,http://khconstructionllc.com/,Plainfield,CT
K & H Equipment Sales Rental Service,jenn@khconstructionllc.com,+18605641400,http://khconstructionllc.com/,Plainfield,CT
K & H Equipment Sales Rental Service,joe@khconstructionllc.com,+18605641400,http://khconstructionllc.com/,Plainfield,CT
K & H Equipment Sales Rental Service,office@khconstructionllc.com,+18605641400,http://khconstructionllc.com/,Plainfield,CT
K & H Equipment Sales Rental Service,service@khconstructionllc.com,+18605641400,http://khconstructionllc.com/,Plainfield,CT
K & H Equipment Sales Rental Service,rental@khconstructionllc.com,+18605641400,http://khconstructionllc.com/,Plainfield,CT
K & H Equipment Sales Rental Service,sales@khconstructionllc.com,+18605641400,http://khconstructionllc.com/,Plainfield,CT
Power Products Inc,markcover@att.net,+15018881102,https://www.powerproductsinclittlerock.com/,Little Rock,AR
Harry's Equipment Center,robert@harryssawshop.com,+17068635272,https://www.harryssawshop.com/,Martinez,GA
Harry's Equipment Center,sales@harryssawshop.com,+17068635272,https://www.harryssawshop.com/,Martinez,GA
Harry's Equipment Center,jeff@harryssawshop.com,+17068635272,https://www.harryssawshop.com/,Martinez,GA
Harry's Equipment Center,ginger@harryssawshop.com,+17068635272,https://www.harryssawshop.com/,Martinez,GA
Harry's Equipment Center,parts@harryssawshop.com,+17068635272,https://www.harryssawshop.com/,Martinez,GA
Piston Pioneer Small Engine Repair and Service,Owen@pistonpioneer.com,+16039700234,https://pistonpioneer.com/,Durham,NH
Bobcat of the Treasure Coast,angelat@smithb.com,+15616899880,http://sbequipment.com/,Fort Pierce,FL
Bobcat of the Treasure Coast,michaelb@smithb.com,+15616899880,http://sbequipment.com/,Fort Pierce,FL
Lawn & Golf Supply Co Inc,sales@lawn-golf.com,+16109335801,https://www.lawn-golf.com/,Phoenixville,PA
"Percy Rentals, Sales & Service, Inc.",Percyrentals@myfairpoint.net,+18022538504,http://percyrentals.com/,Stowe,VT
Jordan Garden Center,sales@jordangarden.com,+18012551374,https://www.jordangarden.com/,Midvale,UT
Waupaca Lawn & Garden,waupacalawnandgarden@outlook.com,+17152587455,https://www.waupacalawnandgarden.com/,Waupaca,WI
Macon Rental Co.,Macon.Rental@hotmail.com,+18285248911,https://maconrentalco.com/,Franklin,NC
BTI Great Bend,victor.roberto@btiequip.com,+18005735606,https://www.btiequip.com/,Great Bend,KS
Catoe's Power Equipment,catoesinc@gmail.com,+18032543711,https://catoespowerequipment.com/,Columbia,SC
4 Seasons Lawn & Garden Inc,jeremiah4slg@msn.com,+17245785435,https://www.4seasonsinc.net/,Waynesburg,PA
4 Seasons Lawn & Garden Inc,courtney@4seasonsinc.net,+17245785435,https://www.4seasonsinc.net/,Waynesburg,PA
4 Seasons Lawn & Garden Inc,4seasons1995@gmail.com,+17245785435,https://www.4seasonsinc.net/,Waynesburg,PA
Laurelwood Equipment Co,laurelwoodequipment@gmail.com,+18032780200,https://www.laurelwoodequipment.com/,North Augusta,SC
Craig's (Sales - Service - Rental),stihl14exmark@nemont.net,+17015770798,https://craigs-nd.com/,Williston,ND
The Lawnmower Hospital LLC,FIXITENGINE49Z@sbcglobal.net,+19567876107,http://lawnmowerhospitalalamo.com/,Alamo,TX
Spartan ZTR Mower - Stockyards City,sales@spartanztrmower.com,+14052313131,https://spartanztrmower.com/,Oklahoma City,OK
Honest Engine Equipment,honestengineinvoices@gmail.com,+19107919340,http://honestengineequipment.com/,Wilmington,NC
DePoalo Companies Inc,filler@godaddy.com,+18333376256,https://depoalocompanies.com/,Schenectady,NY
KCE Repair,ben@kcerepair.com,+12084775099,https://www.kcerepair.com/,Emmett,ID
The Tool Shack,info@thetoolshack.com,+18509341700,https://www.thetoolshack.com/,Pensacola,FL
BTI Ness City,victor.roberto@btiequip.com,+18005735606,https://www.btiequip.com/,Ness City,KS
Maycrest Hardware,kyle@maycresthardware.com,+19123542045,https://maycresthardware.com/,Savannah,GA
Hollywood Small Engine LLC,hollywoodsmalleng@yahoo.com,+12695561052,https://www.hollywoodsmallengine.com/,St Joseph,MI
MVP Outdoor Power Equipment,info@mvpoutdoorpowerequipment.com,+16313318100,https://mvpoutdoorpowerequipment.com/,Setauket- East Setauket,NY
"Washington Rental, Inc.",washrent@washrent.com,+13196537368,https://washrent.com/,Washington,IA
Nitro Lawnmower & Chainsaw Co,nitrolawnmower@yahoo.com,+13047275701,http://nitrolawnmower.com/,Nitro,WV
Harco Equipment Rental & Sales,Lnoonan@harcorentals.com,+17708679496,https://harcoequipment.com/,Jefferson,GA
WCTractor Jasper,chasec@wctractor.com,+12546622420,https://wctkubota.com/,Jasper,TX
WCTractor Jasper,johns@wctractor.com,+12546622420,https://wctkubota.com/,Jasper,TX
WCTractor Jasper,rainge.armentor@wctractor.com,+12546622420,https://wctkubota.com/,Jasper,TX
WCTractor Jasper,meribeth.shimshack@wctractor.com,+12546622420,https://wctkubota.com/,Jasper,TX
WCTractor Jasper,peewee@wctractor.com,+12546622420,https://wctkubota.com/,Jasper,TX
WCTractor Jasper,regan.saunders@wctractor.com,+12546622420,https://wctkubota.com/,Jasper,TX
WCTractor Jasper,marcus.mccann@wctractor.com,+12546622420,https://wctkubota.com/,Jasper,TX
WCTractor Jasper,ryan.redding@wctractor.com,+12546622420,https://wctkubota.com/,Jasper,TX
WCTractor Jasper,warren.barnett@wctractor.com,+12546622420,https://wctkubota.com/,Jasper,TX
WCTractor Jasper,clayton.fannin@wctractor.com,+12546622420,https://wctkubota.com/,Jasper,TX
WCTractor Jasper,bradl@wctractor.com,+12546622420,https://wctkubota.com/,Jasper,TX
WCTractor Jasper,jonathon.scalf@wctractor.com,+12546622420,https://wctkubota.com/,Jasper,TX
WCTractor Jasper,larry.mckissick@wctractor.com,+12546622420,https://wctkubota.com/,Jasper,TX
Pittsboro Outdoor Power Equipment,info@pittsboroope.com,+19195426288,http://pittsboroope.com/,Moncure,NC
Alamia Inc- Outdoor Power Equipment,cope1339@yahoo.com,+13037334651,https://www.coloradopowerequipment.com/,Denver,CO
Alamia Inc- Outdoor Power Equipment,broadwaytotalpower@yahoo.com,+13037334651,https://www.coloradopowerequipment.com/,Denver,CO
Alamia Inc- Outdoor Power Equipment,alamiaonline@yahoo.com,+13037334651,https://www.coloradopowerequipment.com/,Denver,CO
Cedar Street Sales & Rental,info@cedarstreetonline.com,+15853434899,http://cedarstreetonline.com/,Batavia,NY
Bill's Lawnmower & Small Engine Repair,email@billslawnmower.com,+17249668485,http://billslawnmower.com/,Carmichaels,PA
Burke Lawn Equipment,burkelawnequipment@gmail.com,+16106221271,https://burkelawnequipment.com/,Trainer,PA
First Choice Farm & Lawn - Calvert City,ewestbrook@firstchoicekubota.com,+17319252141,http://firstchoicekubota.com/,Calvert City,KY
First Choice Farm & Lawn - Calvert City,zward@firstchoicekubota.com,+17319252141,http://firstchoicekubota.com/,Calvert City,KY
First Choice Farm & Lawn - Calvert City,loconnor@firstchoicekubota.com,+17319252141,http://firstchoicekubota.com/,Calvert City,KY
First Choice Farm & Lawn - Calvert City,dhammond@firstchoicekubota.com,+17319252141,http://firstchoicekubota.com/,Calvert City,KY
First Choice Farm & Lawn - Calvert City,cwilson@firstchoicekubota.com,+17319252141,http://firstchoicekubota.com/,Calvert City,KY
First Choice Farm & Lawn - Calvert City,nconnell@firstchoicekubota.com,+17319252141,http://firstchoicekubota.com/,Calvert City,KY
First Choice Farm & Lawn - Calvert City,jjackson@firstchoicekubota.com,+17319252141,http://firstchoicekubota.com/,Calvert City,KY
First Choice Farm & Lawn - Calvert City,lscreen@firstchoicekubota.com,+17319252141,http://firstchoicekubota.com/,Calvert City,KY
First Choice Farm & Lawn - Calvert City,jbunch@firstchoicekubota.com,+17319252141,http://firstchoicekubota.com/,Calvert City,KY
First Choice Farm & Lawn - Calvert City,rparks@firstchoicekubota.com,+17319252141,http://firstchoicekubota.com/,Calvert City,KY
First Choice Farm & Lawn - Calvert City,kpotts@firstchoicekubota.com,+17319252141,http://firstchoicekubota.com/,Calvert City,KY
First Choice Farm & Lawn - Calvert City,sphipps@firstchoicekubota.com,+17319252141,http://firstchoicekubota.com/,Calvert City,KY
First Choice Farm & Lawn - Calvert City,lkohr@firstchoicekubota.com,+17319252141,http://firstchoicekubota.com/,Calvert City,KY
Crownstone Equipment / Bobcat of York,sales@bobcatofyork.com,+13013780491,http://crownstoneeq.com/,York,PA
"Bobcat of Syracuse, a Division of Upstate Equipment",sales@bobcatofbuffalo.com,+16072039299,https://www.upstateequipment.com/,East Syracuse,NY
"The Mower Store, Inc",sales@mynewmower.com,+12766662727,https://www.mynewmower.com/,Martinsville,VA
"The Mower Store, Inc",TheMowerStoreShowroom@gmail.com,+12766662727,https://www.mynewmower.com/,Martinsville,VA
Marshall Power Equipment,marshallpwr@sbcglobal.net,+14404421846,https://www.marshallmowers.com/,Lyndhurst,OH
Arco Lawn Equipment (Affton Lawn Equipment),team@arcolawn.com,+16363940044,https://www.arcolawn.com/,St. Louis,MO
Arco Lawn Equipment (Affton Lawn Equipment),team@afftonlawn.com,+16363940044,https://www.arcolawn.com/,St. Louis,MO
Harbor Equipment Company,info@harborequipco.com,+12314120110,https://www.harborequipco.com/,Harbor Springs,MI
Aztec Rental,gsorsby@aztecrentalcenters.com,+17136675651,https://aztecrentalcenters.com/,Sugar Land,TX
Aztec Rental,bnedd@aztecrentalcenters.com,+17136675651,https://aztecrentalcenters.com/,Sugar Land,TX
Aztec Rental,enedd@aztecrentalcenters.com,+17136675651,https://aztecrentalcenters.com/,Sugar Land,TX
T & M Power Equipment,service@tmpowerequipment.com,+17195612222,https://tmpowerequipment.com/,Pueblo,CO
Aaro Rental Center Inc,aarorentalcenter@gmail.com,+18032568220,https://www.aarorentalcenter.com/,Cayce,SC
Killians Hardware,contactus@killiansinc.com,+18282562147,https://www.killiansinc.com/,Hickory,NC
Woodland Equipment,WoodlandCE@gmail.com,+16166775296,https://woodlandce.com/,Grand Rapids,MI
Taylor Rental Center,info@auburntaylorrental.com,+12609253000,http://taylorrentalusa.com/,Auburn,IN
Heinold & Feller Tire & Lawn Equipment,info@heinold-feller.com,+12194625192,https://www.heinoldandfellerlawnmowers.com/,Valparaiso,IN
ARCO Lawn Equipment,team@arcolawn.com,+16363940044,https://www.arcolawn.com/,Ballwin,MO
ARCO Lawn Equipment,team@afftonlawn.com,+16363940044,https://www.arcolawn.com/,Ballwin,MO
All Seasons Equipment,juan.reyes@allseasonsequipment.net,+15414616729,http://allseasonsequipment.net/,Eugene,OR
All Seasons Equipment,bob.rice@allseasonsequipment.net,+15414616729,http://allseasonsequipment.net/,Eugene,OR
All Seasons Equipment,jon.cowley@allseasonsequipment.net,+15414616729,http://allseasonsequipment.net/,Eugene,OR
WCTractor Brenham Kubota,chasec@wctractor.com,+12546622420,https://wctkubota.com/,Brenham,TX
WCTractor Brenham Kubota,johns@wctractor.com,+12546622420,https://wctkubota.com/,Brenham,TX
WCTractor Brenham Kubota,rainge.armentor@wctractor.com,+12546622420,https://wctkubota.com/,Brenham,TX
WCTractor Brenham Kubota,meribeth.shimshack@wctractor.com,+12546622420,https://wctkubota.com/,Brenham,TX
WCTractor Brenham Kubota,peewee@wctractor.com,+12546622420,https://wctkubota.com/,Brenham,TX
WCTractor Brenham Kubota,regan.saunders@wctractor.com,+12546622420,https://wctkubota.com/,Brenham,TX
WCTractor Brenham Kubota,marcus.mccann@wctractor.com,+12546622420,https://wctkubota.com/,Brenham,TX
WCTractor Brenham Kubota,ryan.redding@wctractor.com,+12546622420,https://wctkubota.com/,Brenham,TX
WCTractor Brenham Kubota,warren.barnett@wctractor.com,+12546622420,https://wctkubota.com/,Brenham,TX
WCTractor Brenham Kubota,clayton.fannin@wctractor.com,+12546622420,https://wctkubota.com/,Brenham,TX
WCTractor Brenham Kubota,bradl@wctractor.com,+12546622420,https://wctkubota.com/,Brenham,TX
WCTractor Brenham Kubota,jonathon.scalf@wctractor.com,+12546622420,https://wctkubota.com/,Brenham,TX
WCTractor Brenham Kubota,larry.mckissick@wctractor.com,+12546622420,https://wctkubota.com/,Brenham,TX
Alpine Power Equipment,servicealpinepwr@gmail.com,+15305830600,https://alpinepowerequip.com/,Tahoe City,CA
Schlabach Engine Ltd,se@plainemails.com,+13306980229,https://www.schlabachengine.com/,Apple Creek,OH
WCTractor Dayton,bradl@wctractor.com,+12546622420,https://wctnewholland.com/,Dayton,TX
WCTractor Dayton,warren.barnett@wctractor.com,+12546622420,https://wctnewholland.com/,Dayton,TX
WCTractor Dayton,regan.saunders@wctractor.com,+12546622420,https://wctnewholland.com/,Dayton,TX
WCTractor Dayton,rainge.armentor@wctractor.com,+12546622420,https://wctnewholland.com/,Dayton,TX
WCTractor Dayton,johns@wctractor.com,+12546622420,https://wctnewholland.com/,Dayton,TX
WCTractor Dayton,chasec@wctractor.com,+12546622420,https://wctnewholland.com/,Dayton,TX
WCTractor Dayton,jonathon.scalf@wctractor.com,+12546622420,https://wctnewholland.com/,Dayton,TX
WCTractor Dayton,ryan.redding@wctractor.com,+12546622420,https://wctnewholland.com/,Dayton,TX
WCTractor Dayton,marcus.mccann@wctractor.com,+12546622420,https://wctnewholland.com/,Dayton,TX
WCTractor Dayton,clayton.fannin@wctractor.com,+12546622420,https://wctnewholland.com/,Dayton,TX
WCTractor Dayton,meribeth.shimshack@wctractor.com,+12546622420,https://wctnewholland.com/,Dayton,TX
Voss Brothers,sales@vossbros.com,+17409653355,http://vossbros.com/,Marysville,OH
BTI Pratt,victor.roberto@btiequip.com,+18005735606,https://www.btiequip.com/,Pratt,KS
Voss Brothers,sales@vossbros.com,+17409653355,http://vossbros.com/,Powell,OH
"Bobcat of Jacksonville, NC",betsyw@whitestractor.com,+12526361837,http://whitesequipmentco.com/,Jacksonville,NC
"Bobcat of Jacksonville, NC",stephanie@whitestractor.com,+12526361837,http://whitesequipmentco.com/,Jacksonville,NC
WCTractor Temple,chasec@wctractor.com,+12546622420,https://wctkubota.com/,Temple,TX
WCTractor Temple,johns@wctractor.com,+12546622420,https://wctkubota.com/,Temple,TX
WCTractor Temple,rainge.armentor@wctractor.com,+12546622420,https://wctkubota.com/,Temple,TX
WCTractor Temple,meribeth.shimshack@wctractor.com,+12546622420,https://wctkubota.com/,Temple,TX
WCTractor Temple,peewee@wctractor.com,+12546622420,https://wctkubota.com/,Temple,TX
WCTractor Temple,regan.saunders@wctractor.com,+12546622420,https://wctkubota.com/,Temple,TX
WCTractor Temple,marcus.mccann@wctractor.com,+12546622420,https://wctkubota.com/,Temple,TX
WCTractor Temple,ryan.redding@wctractor.com,+12546622420,https://wctkubota.com/,Temple,TX
WCTractor Temple,warren.barnett@wctractor.com,+12546622420,https://wctkubota.com/,Temple,TX
WCTractor Temple,clayton.fannin@wctractor.com,+12546622420,https://wctkubota.com/,Temple,TX
WCTractor Temple,bradl@wctractor.com,+12546622420,https://wctkubota.com/,Temple,TX
WCTractor Temple,jonathon.scalf@wctractor.com,+12546622420,https://wctkubota.com/,Temple,TX
WCTractor Temple,larry.mckissick@wctractor.com,+12546622420,https://wctkubota.com/,Temple,TX
Berend Turf & Tractor,sales@berendturfandtractor.com,+19406911141,https://berendturfandtractor.com/,Wichita Falls,TX
"Service Motor Company, Inc.",sales@servicemotor.com,+17156750052,http://servicemotor.com/,Stevens Point,WI
Osgood Power Equipment Inc.,orders@osgoodpower.com,+18126097200,http://osgoodpower.com/,Osgood,IN
Western Mower & Engine,marty@westernmower.com,+18587482292,https://www.westernmower.com/,Poway,CA
BTI Hoxie,victor.roberto@btiequip.com,+18005735606,https://www.btiequip.com/,Hoxie,KS
Fords Outdoor Power Equipment,service@fordsope.com,+17327381955,https://www.fordsope.com/,Piscataway,NJ
Fords Outdoor Power Equipment,AR@fordsope.com,+17327381955,https://www.fordsope.com/,Piscataway,NJ
Fords Outdoor Power Equipment,sales@fordsope.com,+17327381955,https://www.fordsope.com/,Piscataway,NJ
Fords Outdoor Power Equipment,sales@fordslawnmowernj.com,+17327381955,https://www.fordsope.com/,Piscataway,NJ
Fords Outdoor Power Equipment,marketing@fordsope.com,+17327381955,https://www.fordsope.com/,Piscataway,NJ
Fords Outdoor Power Equipment,Rentals@fordsope.com,+17327381955,https://www.fordsope.com/,Piscataway,NJ
Fords Outdoor Power Equipment,Parts@fordsope.com,+17327381955,https://www.fordsope.com/,Piscataway,NJ
Holiday Mower Shop Sales & Service,holidaymowershop@gmail.com,+17279408899,http://holidaymowershop.com/,Holiday,FL
Burke Outdoor,info@burkeoutdoor.com,+18284330158,https://www.burkeoutdoor.com/,Morganton,NC
Bobcat of Palm Beach,angelat@smithb.com,+15616899880,http://sbequipment.com/,West Palm Beach,FL
Bobcat of Palm Beach,michaelb@smithb.com,+15616899880,http://sbequipment.com/,West Palm Beach,FL
Professional Turf Services Inc.,info@ptsturf.com,+15855993118,https://www.ptsturf.com/,Corfu,NY
O'Connor's Lawn & Garden,sales@oconnorslawn.com,+14057513222,http://oconnorslawn.com/,Oklahoma City,OK
"The Boat Guy, Inc.",sales@theboatguyinc.com,+15085630103,https://www.theboatguyinc.com/,Bourne,MA
"The Boat Guy, Inc.",service@theboatguyinc.com,+15085630103,https://www.theboatguyinc.com/,Bourne,MA
Strickland's 42 Mower Sales & Service,sbsr42mower@yahoo.com,+13366290587,https://www.stricklands42mowersales.com/,Asheboro,NC
Ed's Rental and Tools Inc.,edsrental12@gmail.com,+18567832321,https://www.edsrentalandtools.com/,Sicklerville,NJ
Morgan Power Equipment,jsalters@morganpower.com,+17812936116,http://morganpower.com/,Halifax,MA
Morgan Power Equipment,bill@morganpower.com,+17812936116,http://morganpower.com/,Halifax,MA
801 Equipment Rentals,rentfromaaron@gmail.com,+18014775351,https://www.801equipmentrentals.com/,Sandy,UT
Whispering Pine Landscape Supply Corp.,info@whisperingpinelandscapesupply.com,+19142485100,https://www.whisperingpinelandscapesupply.com/,Yorktown Heights,NY
Mari Landscaping,info@marilandscaping.com,+18052269787,https://www.marilandscaping.com/,Paso Robles,CA
Phoenix Landscape Solutions,sales@phoenixlsllc.com,+17135019955,https://www.phoenixlsllc.com/,Humble,TX
VIP Foliage & Landscaping,contactus@vipfoliagelandscapes.com,+18125474054,https://www.vipfoliagelandscapes.com/,Tell City,IN
Sutton Lawn Care & Snow Removal,jsutton1009@gmail.com,+16059560174,https://www.suttonlawnandsnow.com/,Watertown,SD
Wright's Well & Irrigation,wrightswellirrigation@gmail.com,+17574094001,https://www.wrightswellandirrigation.com/,Virginia Beach,VA
Gonzalez Lawn and Landscape Services,gonzalezgg@aol.com,+15616418979,https://www.gonzalezlawnservice.com/,Lake Worth Corridor,FL
"R & L Irrigation Services, Inc.",rlservices4747@comcast.net,+13026283755,https://www.randlirrigation.com/,Seaford,DE
Land's Lawn and Pest,landslawnandpestservice@gmail.com,+18502655263,https://www.landslawn.com/,Panama City,FL
Taylor Lawn & Landscape,clay@taylorlawn.com,+19037928383,https://www.taylorlawn.com/,Texarkana,TX
Taylor Lawn & Landscape,corey@taylorlawn.com,+19037928383,https://www.taylorlawn.com/,Texarkana,TX
Taylor Lawn & Landscape,kevin@taylorlawn.com,+19037928383,https://www.taylorlawn.com/,Texarkana,TX
Taylor Lawn & Landscape,jennifer@taylorlawn.com,+19037928383,https://www.taylorlawn.com/,Texarkana,TX
Harris and Company,info@galawns.com,+14784538857,https://galawns.com/,Milledgeville,GA
ILD Innovative Landscape Design,scott@ildsc.com,+18432301036,https://ildsc.com/,Florence,SC
Irrigreen,info@irrigreen.com,+18552886426,http://irrigreen.com/,Edina,MN
Irrigreen,service@irrigreen.com,+18552886426,http://irrigreen.com/,Edina,MN
Hermes Landscaping,info@hermeslandscaping.com,+19138882400,https://www.hermeslandscaping.com/,Shawnee,KS
Hermes Landscaping,hello@hermeslandscaping.com,+19138882400,https://www.hermeslandscaping.com/,Shawnee,KS
Stoker Brother's Construction,taylor@stokerbrothers.com,+18067876342,https://stokerbrothers.com/,Shallowater,TX
Olguin Bros. Landscape and Irrigation,olguinbros@yahoo.com,+14098421665,https://olguinbroslandscaping.com/,Beaumont,TX
Aqualon,solutions@aqualoninc.com,+19378460986,https://aqualoninc.com/,Tipp City,OH
Green's Outdoor Creations,info@greensoutdoorcreations.com,+13045331730,https://greensoutdoorcreations.com/,Charleston,WV
Martinez Lawn and Irrigation Service,martinez@martinezlawn.net,+19569084180,https://martinezlawn.net/,Brownsville,TX
Martinez Lawn and Irrigation Service,mlawncare908@gmail.com,+19569084180,https://martinezlawn.net/,Brownsville,TX
F & W Lawn Care & Landscaping,lnewberry@fwlawncare.com,+13096642666,https://www.fwlawncare.com/,Bloomington,IL
F & W Lawn Care & Landscaping,accounting@fwlawncare.com,+13096642666,https://www.fwlawncare.com/,Bloomington,IL
F & W Lawn Care & Landscaping,kelli@fwlawncare.com,+13096642666,https://www.fwlawncare.com/,Bloomington,IL
F & W Lawn Care & Landscaping,bobbylee@fwlawncare.com,+13096642666,https://www.fwlawncare.com/,Bloomington,IL
F & W Lawn Care & Landscaping,aspratt@fwlawncare.com,+13096642666,https://www.fwlawncare.com/,Bloomington,IL
F & W Lawn Care & Landscaping,bobjr@fwlawncare.com,+13096642666,https://www.fwlawncare.com/,Bloomington,IL
F & W Lawn Care & Landscaping,jmcgee@fwlawncare.com,+13096642666,https://www.fwlawncare.com/,Bloomington,IL
F & W Lawn Care & Landscaping,bobsr@fwlawncare.com,+13096642666,https://www.fwlawncare.com/,Bloomington,IL
F & W Lawn Care & Landscaping,lawncare@fwlawncare.com,+13096642666,https://www.fwlawncare.com/,Bloomington,IL
Pacific Vista Landscape Services,ringfiremedia@gmail.com,+16612227525,http://pacificvistalandscape.com/,Santa Clarita,CA
A Wood Designs Landscaping,wooddesigns@hotmail.com,+19707396488,https://wooddesignslandscaping.com/,Cortez,CO
"Precision Lawn Irrigation, Inc.",office@pliservice.com,+12488533225,http://pliservice.com/,Rochester Hills,MI
Delta Pest Control & Lawn Service,deltapcl@deltaunlimited.com,+19157517500,https://deltaunlimited.com/,El Paso,TX
Bulldog Landscaping,office@bulldoglandscapingpros.com,+14252865181,https://bulldoglandscapingpros.com/,Bellingham,WA
Landscape Services-Az Angels Green,louisgarcia369@gmail.com,+16026872708,http://azangelsgreen.com/,Phoenix,AZ
AR Maintenance Solutions Inc.,services@armaintenancesolutions.com,+17866153844,https://armaintenancesolutions.com/,Lauderdale Lakes,FL
AR Maintenance Solutions Inc.,Services@armaintenancesolutions.com,+17866153844,https://armaintenancesolutions.com/,Lauderdale Lakes,FL
Hydro Dynamics Corporation,info@hydrodynamicscorp.com,+13144085939,http://hydrodynamicscorp.com/,Olivette,MO
Nature's Beauty USA LLC,naturesbeautyusa@gmail.com,+14066612010,https://naturesbeautyusa.com/,Billings,MT
Landmarc Landscape & Irrigation Contractors,marcus@landmarclandscape.com,+15082854002,https://landmarclandscape.com/,Norton,MA
GCS Outdoors,info@gcsservicesinc.com,+19783880935,https://gcsoutdoors.com/,Newbury,MA
DreamScapes,dreamscapesflorida@gmail.com,+13862372983,https://dreamscapesflorida.com/,Palm Coast,FL
Omasta Landscaping Inc,officemanager@omastalandscaping.com,+14135842550,https://omastalandscaping.com/,Hadley,MA
Quench Irrigation,service@quenchirrigation.com,+19733580226,https://www.quenchirrigation.com/,South Hackensack,NJ
Susquehanna Lawn Care,ronnie@suskylawn.com,+14436438118,https://suskylawn.com/,Elkton,MD
"Murray Landscaping Service, LLC",murraylandscapingcompany@yahoo.com,+12296494623,http://murraylandscaping.net/,Buena Vista,GA
Natures Plan LLC,dan@naturesplanllc.com,+15414802071,https://naturesplanllc.com/,Bend,OR
Hermes Landscaping,info@hermeslandscaping.com,+19138882400,https://www.hermeslandscaping.com/,Lenexa,KS
Hermes Landscaping,hello@hermeslandscaping.com,+19138882400,https://www.hermeslandscaping.com/,Lenexa,KS
"American Landscape Maintenance & Irrigation, LLC",info@americanlandscape7.com,+15039255793,https://americanlandscape7.com/,Sherwood,OR
Green-Way Pro,info@greenwaypro.com,+19709644610,https://greenwaypro.com/,Montrose,CO
Mike's Irrigation Repair Service,team.mirs@gmail.com,+15417881793,https://www.mikesirrigation.net/,Terrebonne,OR
Custom Grounds Detailing,david@cgpds.com,+13856950440,https://www.cgpds.com/,West Jordan,UT
Greenview Irrigation,greenview.pinebelt@gmail.com,+16016887394,http://greenviewirrigation.net/,Purvis,MS
Twelve Oaks Landscape Co.,info@twelveoakslandscape.com,+12569979005,https://twelveoakslandscape.com/,Fort Payne,AL
Mar Lawn & Landscape,Admin@marlandscape.com,+18056468425,https://marlandscape.com/,Ojai,CA
"Viking Lawn Care and Irrigation, LLC",info@vikinglawnservices.com,+18633776105,https://www.vikinglawnservices.com/,Winter Haven,FL
Alex Irrigation & Landscaping,info@localbusinessxyz.com,+13208527595,http://alexirrigationandlandscaping.com/,Carlos,MN
Southeast Hydroseed,info@southeasthydroseed.com,+19123261399,https://sehydroseed.com/,Register,GA
ProGreen Lawn Service,info@progreenlawnservice.com,+19529941041,https://progreenlawnservice.com/,Savage,MN
Parkway Sod and Sprinkler,parkwaysod@hotmail.com,+16053682253,https://parkwaysodandsprinkler.com/,Tea,SD
Paradise Creations LLC.,info@paradisecreations.com,+18179956854,http://paradisecreationstx.com/,Haslet,TX
Manny’s Lawn & Snow,quotes@mannyslawn.com,+17013610556,http://mannyslawn.com/,Fargo,ND
"Greenup Lawn, Landscape, & Sprinklers",greenup@greenupls.com,+14064526146,https://www.greenuplawnandsprinklers.com/,Black Eagle,MT
the GroundsMen,office@thegroundsmen.net,+19128424727,https://thegroundsmen.net/,Brooklet,GA
Comprehensive Irrigation and Lawn Services,info@comprehensiveirrigation.com,+13212856608,https://comprehensiveirrigation.com/,Davenport,FL
American Irrigation Repair LLC,info@fixmyheads.com,+15128682129,https://fixmyheads.com/,Austin,TX
"Perennial Lawn Care, LLC",taylor@perenniallawncare.com,+19734231500,https://www.perenniallawncare.com/,Midland Park,NJ
"Central Land Care - Lawn Care Tampa FL Including Landscaping, Irrigation, and Landscape Lighting",parker@centrallandcare.com,+18137655296,http://centrallandcare.com/,Tampa,FL
GREEN ENVIRONMENT LANDSCAPING & IRRIGATION CORP.,irrigation@bettergreenercleaner.com,+14012964040,https://www.bettergreenercleaner.com/,Manville,RI
Bryan Fournier Landscaping,info@bfournierlandscaping.com,+16034978339,https://bfournierlandscaping.com/,Goffstown,NH
American Irrigation Repair LLC,info@fixmyheads.com,+15128682129,https://fixmyheads.com/,Georgetown,TX
GT Landscape Solutions,info@gtllinc.com,+15036386212,https://gtlandscapesolutions.com/,Salem,OR
GT Landscape Solutions,reception@gtlminc.com,+15036386212,https://gtlandscapesolutions.com/,Salem,OR
"Aquatech Irrigation Services, LLC",larryvance66@yahoo.com,+14349601228,https://aquatechirrigationservices.com/,Howardsville,VA
NebrasCut Lawn Care & Irrigation,NEBRASCUT@gmail.com,+14026460202,https://www.nebrascut.com/,Seward,NE
Signaturescapes,info@signaturescapes.com,+17704667055,https://www.signaturescapes.com/,Conyers,GA
The Beaver's Edge,jeff@thebeaversedge.com,+15743508411,https://thebeaversedge.com/,Elkhart,IN
Augusta Irrigation and Property Maintenance,augustairrigation@yahoo.com,+16053703265,https://augustairrigation.com/,Brandon,SD
Sprinklers Grass and Landscapes,sprinklersgrassandlandscapes@gmail.com,+15128760555,http://sprinklers-grass-landscapes.com/,Georgetown,TX
"Busy Bee Landscaping, LLC - Irrigation & Landscaping Services - Bedford NH & Concord NH",busybeenh@gmail.com,+16036696945,https://busybeelandscaping.net/,Goffstown,NH
Total Landscape Management,scott@tlmllc.com,+18015121663,https://allyourlandscapingneeds.com/,Sandy,UT
Progreen G LLC,info@progreengardeners.com,+16193045163,http://progreengardeners.com/,San Diego,CA
Precision Landscaping,precisionlndscpg@aol.com,+19736943786,https://www.precisionlandscapesnj.com/,Wayne,NJ
Automatic Rain Irrigation,admin@automatic-rain.com,+18592684214,http://automatic-rain.com/,Lexington,KY
Esch Landscaping LLC,info@eschlandscaping.com,+19894532211,https://www.eschlandscaping.com/,Sand Point,MI
Memphis Landscape,johnny@memphislandscapellc.com,+19013436400,https://memphislandscapellc.com/,Memphis,TN
Trey's Lawn Service,Office@tlsmacon.com,+14783201521,http://tlsmacon.com/,Macon,GA
Blue Water Nursery & Irrigation,bluewaternursery@outlook.com,+13253883500,http://bluewaterirrigation-landscape.com/,Kingsland,TX
Environmental Designers Irrigation,svirone@irrigatesmart.com,+17323632775,https://irrigatesmart.com/,Wall Township,NJ
Environmental Designers Irrigation,office@irrigatesmart.com,+17323632775,https://irrigatesmart.com/,Wall Township,NJ
Environmental Designers Irrigation,gvirone@irrigatesmart.com,+17323632775,https://irrigatesmart.com/,Wall Township,NJ
WNC Landscaping & Christmas Trees,brian@wnclandscaping.com,+18289263224,http://wnclandscaping.com/,Waynesville,NC
WNC Landscaping & Christmas Trees,charles@wnclandscaping.com,+18289263224,http://wnclandscaping.com/,Waynesville,NC
"Celtic Landscaping,INC.",CelticLandscapingINC@gmail.com,+15032699335,https://celticlandscaping.net/,Keizer,OR
Agape Lawn Company,Brent@agapelawnco.com,+19196722509,https://agapelawnco.com/,Durham,NC
Safari Lawn & Landscape,info@safarilawnandlandscape.com,+19315105950,https://safarilawnandlandscape.com/,Cookeville,TN
"Renaud Tree Care, Inc.",info@renaudtreecareinc.com,+18022570567,https://renaudtreecareinc.com/,Dummerston,VT
Greg's Lawn & Landscaping,info@gregslawn.com,+13193375296,https://www.gregslawn.com/,Cedar Rapids,IA
"Pardoe's Lawn and Tree Service, Inc",info@pardoes.us,+14107782016,https://www.pardoes.us/,Chestertown,MD
Stars & Stripes Professional Landscaping,filler@godaddy.com,+17274206602,https://starsnstripes-landscaping.com/,St. Petersburg,FL
MTI Distributing Inc,info@mtidistributing.com,+18005551234,https://www.mtidistributing.com/,Brooklyn Center,MN
Primos Landscape,nataelm14@gmail.com,+15716417712,https://www.landscaperherndonva.com/,Herndon,VA
Cole Landscaping,info@colelandscaping.com,+18002435771,http://colelandscaping.com/,Rowley,MA
Cutters Edge Total Landscape Solutions,info@cuttersedgepro.com,+19544720622,https://cuttersedgepro.com/,Davie,FL
H & R Gardening and Landscaping,info@handrgardeningandlandscaping.com,+19097543254,https://www.handrgardeningandlandscaping.com/,San Bernardino,CA
YardWorks,payables@scyardworks.com,+18438828100,https://scyardworks.com/,Mt Pleasant,SC
YardWorks,info@scyardworks.com,+18438828100,https://scyardworks.com/,Mt Pleasant,SC
Cornerstone Partners Horticultural Services Company,info@cphort.com,+16304829950,https://cphort.com/,Elgin,IL
Crawford Landscaping,info@discovercrawford.com,+18885815151,https://www.discovercrawford.com/,Fort Myers,FL
Sterling Tree & Lawn Service,office@sterlingtree.com,+16312830906,https://sterlingtree.com/,Bridgehampton,NY
TimberPine,sales@timberpine.com,+15152072115,https://timberpine.com/,Earlham,IA
Sterling Tree & Lawn Service,office@sterlingtree.com,+16312830906,https://sterlingtree.com/,Southampton,NY
Voss Landscape & Tree Service,talktovoss@gmail.com,+15732683947,https://www.vosslandscape.com/,Columbia,MO
Clean Cut Landscape Management,noahmpaine@gmail.com,+12298940009,https://www.cclmllc.com/,Albany,GA
Willow River Company,info@willowrivercompany.com,+17153863196,https://willowrivercompany.com/,Hudson,WI
JUST GREEN LANDSCAPING INC.,justgreenlandscaping@gmail.com,+17602755676,https://justgreenlandscaping.com/,San Marcos,CA
Vision Landscape Services,info@visionlandscapeservices.com,+18885022113,https://visionlandscapeservices.com/,Bonita Springs,FL
CriXus Tree Turf & Irrigation,crixusturfsolutions@gmail.com,+14694169608,https://www.crixusturf.com/,Kemp,TX
"Goodman's Landscape Maintenance, LLC",customerservice@glmaz.com,+16028611144,https://www.goodmanslandscape.com/,Phoenix,AZ
"RDM Landscape Services, Inc.",info@rdmlandscape.com,+13052529555,http://rdmlandscape.com/,Miami,FL
Decra-Scape,info@decrascape.com,+15869794333,https://www.decrascape.com/,Sterling Heights,MI
Decra-Scape,sales@decrascape.com,+15869794333,https://www.decrascape.com/,Sterling Heights,MI
ATS&L LLC,alvareztreelandscapellc@gmail.com,+15408278192,https://atsl.online/,Locust Grove,VA
Land Disview,landdisview@gmail.com,+19495695887,https://landdisview.com/,Lake Forest,CA
Chorbie,wecare@chorbie.com,+19726975221,https://chorbie.com/,Frisco,TX
Bob's Complete Landscape and Maintenance,rrobin@bobscomplete.net,+13217251996,https://www.bobscomplete.net/,Melbourne,FL
Sterling Tree & Lawn Service,office@sterlingtree.com,+16312830906,https://sterlingtree.com/,Speonk,NY
Dombrowski Property Maintenance,contact@dombrowskipropertymaintenance.com,+17272007888,https://dombrowskipropertymaintenance.com/,Clearwater,FL
Outdoor Digs,office@outdoordigs.com,+19736275263,https://www.outdoordigs.com/,Morristown,NJ
Garden Services,robertclauss@gardenservices.us,+19546808100,https://gardenservices.com/,Davie,FL
"Prime-Scape Services, Inc.",contact@primescapeservices.com,+17274472186,https://www.primescapeservices.com/,Clearwater,FL
Phoenix Pro Landscaping,info@phoenixprolandscaping.com,+14807174943,https://phoenixprolandscaping.com/,Gilbert,AZ
Diversified Landscape Management,info@dlmaz.com,+16022756762,http://dlmaz.com/,Phoenix,AZ
Absolutely Green,absolutelygreeninc@gmail.com,+17196323063,https://www.absolutelygreenco.com/,Colorado Springs,CO
Grassland Horticulture,info@grasslandhorticulture.com,+16155958080,https://www.grasslandlawncare.com/,Franklin,TN
Equity Green Lawn & Tree Experts,educate@equitygreen.com,+16053518855,https://equitygreen.com/,Sioux Falls,SD
Low Tide Landscaping,lowtidelandscaping@gmail.com,+19107133055,https://lowtidelandscaping.com/,Shallotte,NC
"Jackson Dodds & Company, Inc.",info@jacksondoddsinc.com,+16316045693,https://jacksondoddsinc.com/,Southampton,NY
Perficut Site Management,helpdesk@perficut.com,+15159650951,http://perficut.com/,Council Bluffs,IA
Perficut Site Management,customerservice@quality-care.com,+15159650951,http://perficut.com/,Council Bluffs,IA
Aloha Gardening,aloha@alohagardening.com,+12083229069,https://alohagardening.com/,Boise,ID
Greenfield Landscape Supply Center,larry@greenfieldsupplies.com,+13133979659,https://www.greenfieldsupplies.com/,Detroit,MI
Green Valley Turf Equipment,greenvalleyturflv@gmail.com,+17024544300,https://www.greenvalleyturfeq.com/,Las Vegas,NV
"Expert Yard and Garden, LLC",eric.owens@expertyardandgarden.com,+18172757466,https://www.expertyardandgarden.com/,Arlington,TX
TLC Lawns & Landscaping,LFTS.TLC@outlook.com,+17152810466,http://tlclawnsandlandscaping.com/,Waupaca,WI
I.P.L. & Equipment Inc.,info@iplandequipment.com,+15088204444,https://www.pickiple.com/,Framingham,MA
Morrissette's Mowing and Maintenance,morrissettemowing@gmail.com,+18603828377,https://morrissettemowing.com/,Hampton,CT
Shelby Cycle,dtombrello@shelbycycle.com,+12056699979,http://shelbycycle.com/,Shelby,AL
The Lawn Amigo,the.lawnamigo@gmail.com,+12314096529,https://www.thelawnamigoservices.com/,Kingsley,MI
"J.F.D. Landscapes, Inc.",joe@jfdlandscapes.com,+14409701623,https://www.jfdlandscapes.com/,Chagrin Falls,OH
Sunrise Landscaping and Tree Removal Service LLC,howerton_he@msn.com,+13604864861,https://sunriselandscapingllc.com/,Olympia,WA
Groundsmen Landscaping Charlotte,getgroundskeeping@icloud.com,+17047077480,https://groundsmennc.com/,Charlotte,NC
Liaison Landscapes,info@liaisonlandscapes.com,+14158053404,https://www.liaisonlandscapes.com/,Concord,CA
Deep Cleaning Gardens Landscaping,dcgardens18@gmail.com,+13602028324,https://www.deep-cleaning-gardens.website/,Burlington,WA
"Mow-It-Alls, LLC",operations@mowitalls.com,+15736735634,https://mowitalls.com/,Columbia,MO
Lawn Jox,office@lawnjox.com,+19015296569,https://lawnjox.com/,Olive Branch,MS
O’Livar Landscaping,info@olivarlandscaping.com,+13463282345,https://www.olivarlandscaping.com/,Lancaster,TX
3 Brothers Lawn Service Inc,contact@3brotherslawnservicesinc.com,+15612019793,http://3brotherslawnservicesinc.com/,Loxahatchee,FL
3 Brothers Lawn Service Inc,3brotherslawnserviceinc@gmail.com,+15612019793,http://3brotherslawnservicesinc.com/,Loxahatchee,FL
Extreme Outdoor Power,wilcox@extremeoutdoorpower.com,+14027211905,https://www.extremeoutdoorpower.com/,Fremont,NE
Jack's Lawn & Landscape,info@jackslawn.pro,+19207394333,https://www.jackstreeandlandscapeservices.com/,Menasha,WI
CX Lawn Care & More,CX_LAWNMM530@mail.com,+15307361580,https://cxlawncareandmore.godaddysites.com/,Cottonwood,CA
CX Lawn Care & More,cx_lawnmm530@mail.com,+15307361580,https://cxlawncareandmore.godaddysites.com/,Cottonwood,CA
A&K Bait & Tackle.,abuse@company.site,+17157329595,http://aandksport.company.site/,Marinette,WI
"Ideal Maintenance Service, Llc",delta4.ra@gmail.com,+18153740863,http://idealmaintenanceservice.com/,Piper City,IL
John's Outdoor Performance,johnsoutdoorperformance@gmail.com,+17194403349,https://www.johnsoutdoorperformance.com/,Colorado Springs,CO
Penn Landscaping and Sunburst Nursery,gregg.pennlandscaping@gmail.com,+13096635513,https://pennlandscaping.com/,Bloomington,IL
Penn Landscaping and Sunburst Nursery,mike.pennlandscaping@gmail.com,+13096635513,https://pennlandscaping.com/,Bloomington,IL
Penn Landscaping and Sunburst Nursery,amys.pennlandscaping@gmail.com,+13096635513,https://pennlandscaping.com/,Bloomington,IL
Penn Landscaping and Sunburst Nursery,pennlandscaping@msn.com,+13096635513,https://pennlandscaping.com/,Bloomington,IL
Penn Landscaping and Sunburst Nursery,tyler.pennlandscaping@outlook.com,+13096635513,https://pennlandscaping.com/,Bloomington,IL
Penn Landscaping and Sunburst Nursery,pennlandscaping@aol.com,+13096635513,https://pennlandscaping.com/,Bloomington,IL
Penn Landscaping and Sunburst Nursery,kim.pennlandscaping@gmail.com,+13096635513,https://pennlandscaping.com/,Bloomington,IL
865 Small Engine Repair,865smallenginerepair@gmail.com,+18652020262,https://www.865smallenginerepair.com/,Clinton,TN
KD LawnCare KC LLC,kris@kdlawncarekc.com,+19133262851,https://www.kdlawncarekc.com/,Kansas City,MO
Winnebago Lawn & Landscaping LLC,info@winnebagols.com,+19202673026,https://www.winnebagolawnsnow.com/,Oshkosh,WI
Stanley Tree And Landscaping Stump Grinding Services,stanleytreeandlandscapinginc@gmail.com,+17706064073,https://stanleytreeandlandscaping.com/,Cartersville,GA
"The Greenskeeper, Inc.",service@thegreenskeeper.com,+13178048877,https://thegreenskeeper.com/,Westfield,IN
Mastership Landscaping & Construction,elvinvargas352@icloud.com,+19734623916,https://www.mastershiplandsconstruction.com/,Boonton,NJ
"Evergreen Topsoil, Sand & Gravel",evergreentopsoil@aol.com,+14258217700,https://www.evergreentopsoil.com/,Snohomish,WA
Abilene Rent-All & Sales Inc,2ara@eaglecom.net,+17852637668,https://www.abilenerent.net/,Abilene,KS
Rooster's Organic,info@roostersorganic.com,+13308527962,http://roostersorganic.com/,Dundee,OH
American Peak,info@americanpeak.com,+17152204033,https://americanpeak.rentals/,Augusta,WI
Enchanted Gardens,info@enchantedgardensny.com,+16318012814,https://enchantedgardensny.com/,Speonk,NY
Four Kings Lawn Care LLC,FourKingsMove@gmail.com,+15134008430,http://fourkingsservices.com/,Georgetown,OH
Four Kings Lawn Care LLC,ZacharyKing@fourkingslawncare.com,+15134008430,http://fourkingsservices.com/,Georgetown,OH
Lakeland Yard & Garden Center,lakelandyardandgarden@gmail.com,+16019397304,https://lakelandyardandgarden.com/,Flowood,MS
Green Acres Turf Farms LLC,sales@greenacresturfsc.com,+18036252902,https://greenacresturfsc.com/,Estill,SC
"Green Earth Landscaping, LLC",ed@greenearthlandscaping.net,+17047769058,http://greenearthlandscaping.net/,Monroe,NC
Alan Jack Lawn Service,alanjackslawnservice@gmail.com,+16612136226,https://alanjackslawnservice.com/,Bakersfield,CA
Aqua Lawn Inc,AquaLawnPerham@gmail.com,+12183463890,https://www.aqualawn.net/,Perham,MN
T & T Landscaping LLC,tandt67867@gmail.com,+16205188115,https://www.tandtlandscaping.com/,Montezuma,KS
Carr's Lawn and Landscape,carrslawn@gmail.com,+12604227252,https://carrslawnandlandscape.com/,Fort Wayne,IN
Drake Lawn & Pest Control,info@drakepest.com,+14073737607,https://www.drakepest.com/,Jacksonville,FL
Stork Landscaping,info@storklandscaping.com,+15738030046,https://storklandscaping.com/,Cape Girardeau,MO
Precision Landscape Management,info@precisiongvl.com,+18646600611,https://precisiongvl.com/,Greenville,SC
Sunflower Landscapes,info@sunflowerlandscapes.com,+18005551234,https://sunflower-landscapes.com/,Colorado Springs,CO
FireFighter Lawn Care LLC,eric@firefighter-lawncare.com,+18175506998,https://firefighterlawncare.com/,Weatherford,TX
Snow's Landscaping & Lawncare Inc,snowslandscape00@gmail.com,+19104833236,https://www.snowslandscapinglawncare.com/,Fayetteville,NC
Performance Irrigation,info@exteriordesignslandscaping.com,+15022415334,https://www.exteriordesignslandscaping.com/,Crestwood,KY
Clark's Home Fire Safety,email@clarkshomefiresafety.com,+14356500554,http://clarkshomefiresafety.weebly.com/,Wellington,UT
The green landscape service,rodrigochavez61@gmail.com,+18324099597,https://www.thegreenlandscape.net/,Houston,TX
Turfsurge,info@turfsurge.com,+19379494233,https://turfsurge.com/,Moraine,OH
DSM Property and Construction Services LLC,info@dsmproperty.net,+15156198814,https://dsm-property.net/,Urbandale,IA
"Hutchins Landscape & Lawn Maintenance, L.L.C.",jonhutchins329@hotmail.com,+19197320968,https://www.hutchins-landscape.com/,Rougemont,NC
Puebla Home Lawn Services LLC,pueblahome@hotmail.com,+17707149792,https://pueblahomelawnservicesllc.com/,Roswell,GA
The Greenwood Group,info@thegreenwoodgroup.net,+16363988800,https://thegreenwoodgroup.net/,Wentzville,MO
Landscape Workshop,info@landscapeworkshop.com,+12055473945,https://landscapeworkshop.com/,Knoxville,TN
Hugo's Gardening,hugogardening@gmail.com,+15625873330,http://hugosgardening.com/,La Habra,CA
Grow Roots,service@getgrowroots.com,+13466677851,https://getgrowroots.com/,Katy,TX
Murphy's Lawn Care & Landscaping,murphyslawncare@hotmail.com,+16097707965,https://www.murphyslawnnj.com/,Wildwood Crest,NJ
Beautiful Outdoors Landscape Services,jhperez1st@hotmail.com,+16786540016,http://beautifuloutdoorsls.com/,Jefferson,GA
Winkler's Lawn Care & Landscape,info@winklerslawncare.com,+18165886434,http://winklerslawncare.com/,Kansas City,MO
Lincoln Underground Sprinkler,contact@lincolnunderground.com,+14024355944,https://lincolnunderground.com/,Lincoln,NE
Nolte and Sons Lawn and Irrigation,ash@nolteandsons.com,+15156421651,https://www.nolteandsons.com/,Ankeny,IA
Texas Landscape Creations,tlc@txlandscaper.com,+15129929252,https://texaslandscapecreations.com/,Hutto,TX
WD Yards Inc,service@wdyards.com,+19702431229,https://wdyards.com/,Grand Junction,CO
Tanglewood Tree and Lawn LLC,contact@tanglewoodtreeandlawn.com,+17203947580,https://www.tanglewoodtreeandlawn.com/,Lakewood,CO
Robertson's Landscape and Irrigation,office@robertsonlandscape.com,+13214223844,https://www.robertsonlandscape.com/,Titusville,FL
GEORGIA HORTICULTURE,chris@georgiahorticulture.com,+16787946500,https://www.georgiahorticulture.com/,Woodstock,GA
"No Gas Lawn, Snow and Home Care",nogaslawnsnowandhome@gmail.com,+14062409649,https://www.nogaslawnsnowandhome.com/,Missoula,MT
Seeds of Change Landscaping & Lawn Care,hello@growingseedsofchange.com,+18656359412,https://www.growingseedsofchange.com/,Knoxville,TN
Yard Care Services/Logan/Bear Lake/ Garden City,yardcareservices@gmail.com,+14352323913,https://yardcareservicesutah.com/,Logan,UT
Lions Landscaping,king@lionslandscapingbr.com,+12252211590,https://www.lionslandscapingbr.com/,Baton Rouge,LA
Guardian Lawn & Landscape,Contact@guardianoforlando.com,+13219726950,https://www.guardianoforlando.com/,Orlando,FL
Guardado Landscaping,sales@guardadolandscaping.net,+18177323434,https://www.guardadolandscaping.com/,Fort Worth,TX
La Cholla Landscaping,info@landscapingintucson.com,+15202721094,https://www.landscapingintucson.com/,Tucson,AZ
Seasons West Inc,info@seasonswest.com,+12085253366,https://www.seasonswest.com/,Idaho Falls,ID
Southeastern Lawn and Pest,stuart@selawnandpest.com,+18438983455,http://selawnandpest.com/,Varnville,SC
Autumn Leaf Landscaping,kevin@autumnleaflandscaping.com,+15036785323,http://autumnleaflandscaping.com/,Aurora,OR
Johnson Lawn & Sprinkler LLC,johnsonlawnsprinkler@gmail.com,+18039796126,https://www.johnsonlawnsprinklers.com/,North Augusta,SC
Best Horticultural Services,wecare@besthort.com,+17326831212,https://besthort.com/,Marlboro,NJ
Rocky Mountain Landscape,rockymtnlandscape@yahoo.com,+19704851832,http://rockymtnlandscape.com/,Breckenridge,CO
Guerreros Landscape & Maintenance,contact@guerreroslandscapeandmaintenance.com,+17143283126,https://www.guerreroslandscapeandmaintenance.com/,Garden Grove,CA
4W Services,info@hire4wservices.com,+19035020669,https://hire4wservices.com/,Tyler,TX
Quiet Village Landscaping,info@quietvillagelandscaping.com,+13146577050,http://quietvillagelandscaping.com/,St. Louis,MO
Circle City Outdoors 9992,customerservice@circlecityoutdoors.com,+13172577518,https://www.circlecityoutdoors.com/,Indianapolis,IN
Sunrise Lawn Care & Landscaping Services,sunriselawnandsnow@gmail.com,+13135509293,http://sunriselandscapingservices.com/,Romeo,MI
"Southern Eco Scapes - Gray, GA Landscaping and Lawn Maintenance",southernecoscapes@outlook.com,+14789722350,https://southernecoscapes.com/,Gray,GA
Best Maintenance & Lawn Care,info@bestlawnmi.com,+19066354254,https://www.bestlawnmi.com/,Sault Ste. Marie,MI
Second Nature Outdoor Living and Landscaping,bridget@2noutdoor.com,+18168447733,http://secondnatureoutdoorliving.com/,Lee's Summit,MO
Second Nature Outdoor Living and Landscaping,info@secondnatureoutdoorliving.com,+18168447733,http://secondnatureoutdoorliving.com/,Lee's Summit,MO
Proffit's Lawn Care,contact@proffitslawncare.com,+13075862800,https://proffitslawncare.com/,Cody,WY
Wood Lawn & Landscaping LLC,gary@woodlawnandlandscaping.com,+12527275301,https://woodlawnandlandscaping.com/,Newport,NC
Showtime Landscaping,Wshow0@gmail.com,+13523031334,http://showtl.com/,Oxford,FL
Jenkins Landscape Co,info@jenkinslandscape.com,+17725462861,https://jenkinslandscape.com/,Hobe Sound,FL
Grasshopper Landscaping & Maintenance,customerservice@grasshopper-landscaping.com,+15204568945,http://grasshopper-landscaping.com/,Huachuca City,AZ
Big Lakes Lawncare,info@biglakeslawncare.com,+15862000855,https://biglakeslawncare.com/,Macomb,MI
"Northwest Landscape Management, Inc.",info@northwestlm.com,+18889976956,http://northwestlm.com/,Reedsport,OR
Nassar Landscaping & Irrigation,info@nassarlandscaping.com,+16038935021,https://www.nassarlandscaping.com/,Salem,NH
BAILEY LANDSCAPE SERVICES,info@baileylandscape.com,+16095042825,https://www.baileylandscape.com/,Maple Shade,NJ
Prime Landscaping & Snow Removal,info@primelandscapingparkcity.com,+14356595739,https://primelandscapingparkcity.com/,Park City,UT
Weed Warriors LLC,weedwarriorswyo@gmail.com,+13074610120,http://weedwarriors.biz/,Sheridan,WY
"Clayton Lawn Care, LLC",info@quietvillagelandscaping.com,+13146577050,http://quietvillagelandscaping.com/,St. Louis,MO
Hord Landscapes,info@hordlandscapes.com,+12707894355,http://hordlandscapes.com/,Campbellsville,KY
Agape Lawn Company,Brent@agapelawnco.com,+19196722509,https://agapelawnco.com/,Cary,NC
Gopher Lawn & Irrigation,gopherlawn@gmail.com,+12519655296,https://gopherlawnservices.com/,Magnolia Springs,AL
Rain or Shine Lawns and Landscaping,Rainorshineservice@yahoo.com,+17133631709,https://rainorshineservice.com/,Houston,TX
Designing Nature Landscaping Services,jnorman@designingnatureinc.com,+17634784565,http://designingnatureinc.com/,Hamel,MN
Designing Nature Landscaping Services,info@designingnature.com,+17634784565,http://designingnatureinc.com/,Hamel,MN
Designing Nature Landscaping Services,snotch@designingnatureinc.com,+17634784565,http://designingnatureinc.com/,Hamel,MN
Designing Nature Landscaping Services,contactus@designingnatureinc.com,+17634784565,http://designingnatureinc.com/,Hamel,MN
Designing Nature Landscaping Services,jleuer@designingnatureinc.com,+17634784565,http://designingnatureinc.com/,Hamel,MN
Designing Nature Landscaping Services,sleuer@designingnatureinc.com,+17634784565,http://designingnatureinc.com/,Hamel,MN
"Shane's Lawn, Landscaping & Sprinkler #2",shaneslawncare@yahoo.com,+15012762373,https://shaneslawnservices.com/,Hot Springs National Park,AR
Sheep Garden Landscaping LLC,charliedunn@sheepgardenlandscaping.com,+16096020111,https://sheepgardenlandscaping.com/,Ocean City,NJ
Dynamite Landscape,office@dynamitelandscape.com,+12483619732,https://dynamitelandscape.com/,Davisburg,MI
"On Hand Lawn Care, Inc.",info@onhandlawncareinc.com,+12146189273,https://www.onhandlawncareinc.com/,Aubrey,TX
Christian Brothers Lawncare & Outdoor Services,info@cboutdoorservices.com,+12313012672,https://cboutdoorservices.com/,Grant,MI
Think Outside Landscaping & Snow Removal,niki@thinkoutsidelandscaping.com,+18016418002,https://thinkoutsidelandscaping.com/,Highland,UT
Above & Beyond Lawn & Landscaping,aboveandbeyondscapes@yahoo.com,+17195437788,https://aboveandbeyondscapes.com/,Pueblo,CO
"Northwest Construction & Landscape, LLC",hello@northwestcl.com,+13606973215,https://northwestcl.com/,Poulsbo,WA
Lopez Landscaping,info@mountainlandscapingkc.com,+19133130394,https://mountainlandscapingkc.com/,Kansas City,KS
Bio Turf Lawn and Irrigation,service@bioturfnc.com,+19192634125,https://www.bioturfnc.com/,Wake Forest,NC
Main Street Home & Garden,info@mainstreethg.com,+19146933900,http://mainstreethg.com/,Hawthorne,NY
CityScapes Landscape Services,cityscapeslandscape@outlook.com,+14055210058,https://cityscapeslandscape.com/,Oklahoma City,OK
Titan Landscaping,sales@titanlandscaping.com,+14252606665,http://titanlandscaping.com/,Carnation,WA
Titan Landscaping,sarah@titanlandscaping.com,+14252606665,http://titanlandscaping.com/,Carnation,WA
Titan Landscaping,staff@titanlandscaping.com,+14252606665,http://titanlandscaping.com/,Carnation,WA
"Landscaping Lawn Maintenance Plus, Inc.",sales@mylandscapinglawn.com,+18155789996,http://mylandscapinglawn.com/,Lake Geneva,WI
Green Care Landscaping,info@greencarema.com,+15082526912,https://greencarema.com/,Rehoboth,MA
Hi-Tech Irrigation,hitechirrigation@yahoo.com,+16312732020,https://www.hitechirrigation.com/,Islandia,NY
Douglas Landscapes LLC,info@douglaslandscapes.net,+15128001935,https://www.douglaslandscapesllc.com/,Liberty Hill,TX
"A+ Lawn Care, LLC",support@aplc.us,+19893905880,https://aplc.us/index.html,Grayling,MI
The Grass Guy,grassguyllc@gmail.com,+17819256402,https://www.thegrassguy.us/,Hull,MA
Cuttin' It Close Lawn Care Inc.,info@cicpeoria.com,+13096927400,https://cicpeoria.com/,Peoria,IL
Zaharis Landscaping,info@zaharislandscaping.com,+19167225142,https://zaharislandscaping.com/,Sacramento,CA
Davis Outdoor Services,accounting@davisoutdoorservices.com,+12484320404,http://davisoutdoorservices.com/,Milford Charter Twp,MI
Four Seasons Landscaping,info@nwafourseasons.com,+14795950685,https://nwafourseasonslandscaping.com/,Springdale,AR
Qualitiscape Services Inc,service@qualitiscapeservices.com,+18179235296,https://www.qualitiscapeservices.com/,Fort Worth,TX
Johnson Landscape Company,jlc_adm@yahoo.com,+17708413032,https://www.johnsonlandscapeco.com/,Alpharetta,GA
Landscape Management & Design Inc.,luca@lmd-inc.com,+14402215523,https://www.lmd-inc.com/,Chesterland,OH
"RCM Lawn, Landscape, Sprinkler & Tree Maintenance / Services",rcmlawndog@yahoo.com,+13032325755,https://www.rcmpropertyservices.net/,Wheat Ridge,CO
Reliable Landscaping,info@reliable-landscaping.com,+19786525423,https://www.reliable-landscaping.com/,Templeton,MA
Buckeye Lawn and Landscaping / Oheil Irrigation Company,info@oheilsitesolutions.com,+19374329911,https://www.buckeyeandoheil.com/,Dayton,OH
Grow Landscaping,info@growscaping.com,+17062564888,https://growscaping.com/,Columbus,GA
Affordable Landscaping,Lisa@affordablelandscaping.info,+19786636271,https://affordablelandscaping.info/,Billerica,MA
Yorktowne Lawns Inc,info@yorktownelawns.com,+17172462667,https://www.yorktownelawns.com/,Windsor,PA
Premium Landscape Services,samuelhill@premiumlandscapeservice.com,+13605156302,https://premiumlandscapeservice.com/,Olympia,WA
Tidewater Waterworks,info@tidewaterwaterworks.com,+17576475202,https://tidewaterwaterworks.com/,Chesapeake,VA
Bytendorp Enterprises Landscaping,bytelandscaping@gmail.com,+18012533444,https://www.bytendorpenterpriseslandscaping.us/,South Jordan,UT
West Texas Pride Lawn Care,Westtexaspridelawncare@gmail.com,+13256600288,https://www.westtexaspridelawncare.com/,Abilene,TX
Levy's Lawns & Landscaping LLC,todd@levyslawnsandlandscaping.com,+13608766567,https://www.levyslandscapewashington.com/,Port Orchard,WA
Green Biz Nursery & Landscaping Inc,info@greenbiznursery.com,+19103238811,https://www.greenbiznursery.com/,Fayetteville,NC
Universal Landscape,landscapeuniversal@yahoo.com,+19547773170,http://universallandscape.net/,Lauderdale Lakes,FL
Landview Solutions LLC,contact.landview@gmail.com,+16016067530,https://landviewsolutions.com/,Hattiesburg,MS
Bautista Brothers Lawn Care,bautistabrotherslawncare@gmail.com,+18065770585,https://www.bautistapros.com/,Brownfield,TX
B&K Lawn Care,info@bklawncarecv.com,+13194156934,https://www.bklawncarecv.com/,Cedar Falls,IA
Georgia Superior Lawns,georgiasuperiorlawns@gmail.com,+16786142001,https://georgiasuperiorlawns.com/,Milner,GA
Ugarte Landscapes & Irrigation Repair,contact@ugartelandscapes.com,+17028858482,https://www.ugartelandscapes.com/,Las Vegas,NV
"Quality Lawncare, Landscaping, and Snowplowing",estimates@qlcofmichigan.com,+16164064490,https://qlcofmichigan.com/,Hudsonville,MI
"Deep Green Lawn Care - Landscaping, Weed Control, & Lawn Maintenance",growwithus@deepgreenlawncare.com,+12056601234,https://deepgreenlawncare.com/,Pelham,AL
"Deep Green Lawn Care - Landscaping, Weed Control, & Lawn Maintenance",info@deepgreenlawncare.com,+12056601234,https://deepgreenlawncare.com/,Pelham,AL
AMO Inc Outdoor Services,contact@amoinc.info,+12319327379,https://amoinc.info/,Traverse City,MI
R&A Complete Lawn Care LLC,info@racompletelawncare.com,+14327010025,https://landscapingodessa.com/,Odessa,TX
Property Landscape Services Inc. West Chester,max@propertylandscapeservicesinc.com,+16106281301,https://propertylandscapeservicesinc.com/,West Chester,PA
"Jonny Nichols Landscape Maintenance, Inc.",noah@jonnynichols.com,+13026972200,https://www.jonnynichols.com/,Dover,DE
A & J Landscaping LLC,office@ajlandscaping.net,+18604955598,https://www.ajlandscaping.net/,North Stonington,CT
Lawnovations Tulsa,lawnovations@msn.com,+19183615296,https://lawnovations.com/,Tulsa,OK
Amazing Lawn Care LLC,amazinglawncarellc@gmail.com,+18034571973,https://amazinglawncarellc.info/,Columbia,SC
ProScapes,help@usproscapes.com,+13607243220,https://usproscapes.com/,Anacortes,WA
Milligan Scapes,gary@milliganscapes.com,+15056045104,https://www.milliganscapes.com/,Albuquerque,NM
Milligan Scapes,harold@milliganscapes.com,+15056045104,https://www.milliganscapes.com/,Albuquerque,NM
C & J Lawn Care,info@cjlawncare.com,+17172927131,https://cjlawncarellc.com/,Dover,PA
"SignaturEstates Lawn & Landscape, LLC",signaturestates@gmail.com,+14233584123,http://signaturestates.com/,Spring City,TN
Lopez Landscaping and More,info@lopezlandscapingandmore.com,+13527072030,https://lopezlandscapingandmore.com/,Dunnellon,FL
Elite Lawn & Landscape LLC,info@elitelawn.us,+18038147834,https://elitelawn.us/,Columbia,SC
Grasseaters Inc,grasseatersinc@gmail.com,+18172491070,https://grasseaters.com/,Benbrook,TX
Jcs Yard Care,jcsyardcare@gmail.com,+15095408087,https://jcsyardcare.com/,Milton-Freewater,OR
All Star Sprinkler Systems,allstarsprinklersystems@gmail.com,+13186642328,https://allstarsprinklers.com/,Pineville,LA
Rich Landscaping,email@richlandscaping.com,+14252229544,https://richlandscaping.com/,Redmond,WA
Battle Creek Landscape Service,teri@battlecreeklandscapeservice.com,+12699659000,https://battlecreeklandscapeservice.com/,Battle Creek,MI
Aeroscape Property Maintenance & Landscaping,info@aeroscapeutah.com,+18015692383,https://www.aeroscapeutah.com/,Midvale,UT
"Francisco Pena Lawn Care Service, Commercial and residential, Fence contractor, irrigation system in Half Moon Bay CA",osep4157@live.com,+16506784671,http://franciscopenalawncareservice.com/,Half Moon Bay,CA
Horizon Property Services,info@gohrzn.com,+13037507868,https://www.gohrzn.com/,Denver,CO
Boulder Commercial Maintenance,support@bouldercm.com,+13034940833,https://www.bouldercm.com/,Boulder,CO
Appalachian Naturescapes,terrel@appalachiannaturescapes.com,+18284388243,https://appalachiannaturescapes.com/,Morganton,NC
Appalachian Naturescapes,carl@appalachiannaturescapes.com,+18284388243,https://appalachiannaturescapes.com/,Morganton,NC
Hughes Landscape and Irrigation LLC,melissayhughes@gmail.com,+19193700708,https://hugheslandscapeandirrigation.com/,Pittsboro,NC
S&H Landscaping,josephschaper57@gmail.com,+12604662476,https://www.snhnursery.com/,Fort Wayne,IN
Huskiez Landscaping Inc,zach@huskiezlandscaping.com,+18018036301,https://huskiezlandscaping.com/,Bluffdale,UT
Papi's Lawn Services - Landscape Company of North Florida 32097,info@wayupgraphics.com,+19048916064,https://www.papislawnservices.com/,Yulee,FL
"Warner's Outdoor Solutions, Inc.",office@warnersoutdoorsolutions.com,+16517352100,https://warnersoutdoorsolutions.com/,Woodbury,MN
"Warner's Outdoor Solutions, Inc.",RJWarner@warnersoutdoorsolutions.com,+16517352100,https://warnersoutdoorsolutions.com/,Woodbury,MN
"Warner's Outdoor Solutions, Inc.",info@warnersoutdoorsolutions.com,+16517352100,https://warnersoutdoorsolutions.com/,Woodbury,MN
Groundscapes Inc,hello@groundscapes.com,+14023975930,http://groundscapes.com/,Valley,NE
Sprinklers Plus,service@sprinklersplus.us,+18128581325,https://www.sprinklersplus.us/,Newburgh,IN
Gabriel´s Tree Service And Landscaping,gabriel@gabrieltreeservices.com,+13235155178,https://www.gabrieltreeservices.com/,Los Angeles,CA
"Sudz and Stripes, LLC",info@sudzandstripes.com,+15736907833,https://www.sudzandstripes.com/,Columbia,MO
Echelawn Complete Lawn and Landscape,info@echelawn.com,+14054738465,http://echelawn.com/,Oklahoma City,OK
Turfscapes,mike@turfscapestx.com,+19039313499,https://www.turfscapestx.com/,Gilmer,TX
Coldwater Landscapes,office@coldwaterlandscapes.com,+12563205020,https://coldwaterlandscapes.com/,Muscle Shoals,AL
Mendez Hardscaping,mendezhardscaping@gmail.com,+14237379696,https://mendezhardscaping.com/,Johnson City,TN
Integrity Outdoor Living,integrity@srt.com,+17015090155,http://integrityoutdoors.net/,Minot,ND
Wasser & Wasser Inc. Landscape Management,dwasser300@gmail.com,+15755237883,https://wasserandwasserinclandscapemanagement.com/,Las Cruces,NM
"Lyon Landscape Nursery, Inc.",alyon@lyonlandscapenursery.com,+15085334085,https://lyonlandscapenursery.com/,Franklin,MA
Sportsman Lawn & Landscape,bradmccully@sportsmanlawn.com,+16628446539,https://sportsmanlawn.com/,Tupelo,MS
Sportsman Lawn & Landscape,joshlogan@sportsmanlawn.com,+16628446539,https://sportsmanlawn.com/,Tupelo,MS
Sportsman Lawn & Landscape,frontdesk@sportsmanlawn.com,+16628446539,https://sportsmanlawn.com/,Tupelo,MS
Sportsman Lawn & Landscape,jameslowe@sportsmanlawn.com,+16628446539,https://sportsmanlawn.com/,Tupelo,MS
Sportsman Lawn & Landscape,info@sportsmanlawn.com,+16628446539,https://sportsmanlawn.com/,Tupelo,MS
LeafStone Landscapes,sales@leafstoneohio.com,+14404391302,https://www.leafstoneohio.com/,Walton Hills,OH
"Park City Landscape & Snow Removal, Inc.",office@pc-landscape.com,+14356571228,http://pc-landscape.com/,Heber City,UT
Sergio's Lawn Service & Landscaping,info@sergioslandscaping.com,+19367881219,http://sergioslandscaping.com/,Conroe,TX
Rocky Mountain Landscape & Fence,contact@rmlfidaho.com,+12086806840,https://www.rmlfidaho.com/,Idaho Falls,ID
Juniors Landscaping,jose@jrslandscaping.com,+13606008100,https://jrslandscaping.com/,Vancouver,WA
"Better Earth Solutions, LLC",brandon@betterearthirrigation.com,+14698392113,https://www.betterearthirrigation.com/,Garland,TX
The Sprinkler Guy LLC,Rich@thesprinklerguyllc.com,+17328869076,http://thesprinklerguyllc.com/,Jackson Township,NJ
Doucet’s Lawn Care and Landscape LLC,audrey@doucetsllc.com,+13376545274,https://www.doucetsllc.com/,Maurice,LA
DelliQuadri Lawn Maintenance & Landscaping Contractors,customercare@delliquadrilandscape.com,+13307593121,https://delliquadrilandscape.com/,Girard,OH
Better View Landscapes,Yourfriends@betterviewlandscaping.com,+14132563260,https://betterviewlandscaping.com/,Hadley,MA
Wintergreen Outdoor LLC,info@wintergreenoutdoorworks.com,+12065551234,https://wintergreenoutdoorworks.com/,Milltown,WI
Hobgood Landscaping,zach@hobgoodlandscaping.com,+12703169648,https://www.hobgoodlandscaping.com/,Owensboro,KY
"Dirt Works & Bobcat Service, Inc",dirtservice@bellsouth.net,+12056201818,https://dirtworksandbobcatservice.com/,Alabaster,AL
Coastal Property Maintenance,admin@cpmlawncare.com,+18502174285,https://www.cpmlawncare.com/,Fort Walton Beach,FL
"TerraCare, LLC",office@terracaremn.com,+16122906268,https://www.terracaremn.com/,Becker,MN
"TerraCare, LLC",jordan@terracaremn.com,+16122906268,https://www.terracaremn.com/,Becker,MN
"TerraCare, LLC",erran@terracaremn.com,+16122906268,https://www.terracaremn.com/,Becker,MN
Keller Caretaking Lawn care/Landscaping/Pest Control,kellercaretaking@gmail.com,+12315268420,https://kellercaretaking.com/,Harbor Springs,MI
Yellowstone Landscape,info@discovercrawford.com,+18885815151,https://www.discovercrawford.com/,Naples,FL
Leamy Lawn & Landscape,leamylawncare@gmail.com,+19183424094,https://leamylawn.com/,Claremore,OK
EV Lawn & Landscape LLC,info@evlawnandlandscape.com,+16099611832,https://www.evlawnandlandscape.com/,Pleasantville,NJ
Green Sun Landscaping and Mnc,eduardocastro1992@hotmail.com,+13606203156,http://greensunlandscaping.com/,Kingston,WA