business_name,email,phone,website,city,state
Tritan Plumbing,Service@tritan-plumbing.com,+18156301024,https://tritan-plumbing.com/,Plainfield,IL
"Bamboo Plumbing, Water Heaters & Drain Cleaning - Boca Raton",josh@bambooplumbing.com,+13058487000,https://bambooplumbing.com/,Boca Raton,FL
Western Rooter & Plumbing,service@westernrooter.com,+16266485499,https://westernrooter.com/,Arcadia,CA
Western Rooter & Plumbing,service@westernrooter.com,+16266485499,https://westernrooter.com/,Upland,CA
"Tampa Bay Plumbing LLC - Clearwater, Florida",services@tampabayplumber.com,+17272236400,https://tampabayplumber.com/,Clearwater,FL
Dom Bella Plumbing LLC,DOMBELLAPL@gmail.com,+17722003356,http://dombellaplumbing.com/,Port St. Lucie,FL
"Orcutt Plumbing, Heat & Air",orcuttplumbing@gmail.com,+14057305534,https://www.orcuttplumbingheatandair.com/,Bethany,OK
Kooline Plumbing Heating & Air,koolineplumbingllc@gmail.com,+16029206000,https://koolineplumbing.com/,Chandler,AZ
"Legacy 4, Inc.",service@legacy4plumbing.com,+14057881139,https://legacy4plumbing.com/,Norman,OK
Plumbers Near Me - Water Heater & Plumbing Services,info@plumbersnearme.services,+16026418882,https://plumbersnearme.services/,Chandler,AZ
JP Plumbing Services,javierjpplumbing@gmail.com,+14698905555,https://jpplumbingdfw.com/,Justin,TX
All In One Drain Cleaning,allinonedraincleaning@gmail.com,+17742340078,http://allinonedraincleaning.com/,Oxford,MA
Team Kuras,amanda@teamkuras.com,+14196352353,https://teamkuras.com/,Port Clinton,OH
"Williams Sewer & Drain, INC.",scott@wsdplumbing.com,+17065954712,https://williamsseweranddrain.com/,Thomson,GA
"Williams Sewer & Drain, INC.",Invoices@wsdplumbing.com,+17065954712,https://williamsseweranddrain.com/,Thomson,GA
"Williams Sewer & Drain, INC.",audra@wsdplumbing.com,+17065954712,https://williamsseweranddrain.com/,Thomson,GA
"Williams Sewer & Drain, INC.",wendy@wsdplumbing.com,+17065954712,https://williamsseweranddrain.com/,Thomson,GA
"Williams Sewer & Drain, INC.",ashton@wsdplumbing.com,+17065954712,https://williamsseweranddrain.com/,Thomson,GA
APS Environmental,info@apsenvironmental.com,+18888844277,https://www.apsenvironmental.com/,North Highlands,CA
Crotty Septic Services Palm Bay,info@crottyservicesinc.com,+13212947353,https://www.crottyservicesinc.com/,Grant-Valkaria,FL
"VA Plumbing Pros, LLC",Lholland670@gmail.com,+15712182290,https://vaplumbingpros.com/,Leesburg,VA
Master Rooter: Sewer and Drain Cleaning Service,masterrooterct@gmail.com,+12035471800,http://masterrooterct.com/,Waterbury,CT
Rapid Flush Sewer | Drain | Septic Cleaning,info@rapidflush.com,+16168425535,https://www.rapidflush.com/,Zeeland,MI
Riser Plumbing and Drain,riserplumbing253@icloud.com,+12538678318,https://www.riserplumbinganddrain.com/,Sumner,WA
A&A Septic Grand County,info@aandaseptic.com,+19705574257,https://www.aandaseptic.com/,Granby,CO
Atlas Septic Inc,atlas010@msn.com,+17324623636,https://www.atlassepticinc.com/,Freehold,NJ
"Transou's Plumbing & Septic | Emergency Plumber Winston-Salem, NC | Tankless Water Heater Repair | Septic Tank | Sewer Repair",Service@transous.com,+13368155315,https://www.plumbwithfamily.com/,Winston-Salem,NC
"ABC Sewer Service, Inc.",abcsewerservice@gmail.com,+16316629910,https://www.abcsewerservice.com/,Medford,NY
West Side Drain and Septic,info@westsidedrain.com,+15035222727,https://www.westsidedrain.com/,Gaston,OR
Roto Drains,Service@rotodrainpro.com,+13157941801,https://rotodrainpro.com/,Herkimer,NY
Quality Service Today Plumbing & Septic,info@getqualityservicetoday.com,+19843145848,https://getqualityservicetoday.com/,Durham,NC
"Brown's Septic Service, Inc. - Del Norte, CO",browns.septic.info@gmail.com,+17196573022,http://browns-septic.com/,Del Norte,CO
Transou's Septic Tank Service & Rent-A-Jon,service@transous.com,+13368936516,https://transousseptic.com/,High Point,NC
Rooter -Matic Sewer Drain and Septic,pekinrootermatic@gmail.com,+13093474501,https://www.rooter-matic.com/,Pekin,IL
North Jersey Sewer & Drain Cleaning,info@njseweranddraincleaning.com,+19735137751,https://www.njseweranddraincleaning.com/,Fairfield,NJ
A to Z Statewide Plumbing Inc.,service@atozstatewideplumbing.com,+19549812133,http://atozstatewideplumbing.com/,West Park,FL
Lentz Septic Tank Service,office.lentzseptic@gmail.com,+17048761834,https://www.lentzseptic.com/,Statesville,NC
"All PRO Services, Septic and Sitework",services@allproservicesco.com,+14078475822,http://allproservicesco.com/,Kissimmee,FL
"Septic Plus, INC",info@septicplusga.com,+17704727587,https://www.septicplusga.com/,Commerce,GA
Falkowski Sewer Service & Excavating,a.falkowski@hotmail.com,+16072591228,https://www.falkowskisewerserviceandexcavating.com/,Horseheads,NY
Affordable Waste Services,info@affordablewasteservices.com,+17403667624,https://affordablewasteservices.com/,Newark,OH
"Eastern Pipe Service Cast Iron & Clay Sewer Repair, a Wind River Environmental Company",info@easternpipeservice.com,+18006493877,https://easternpipeservice.com/,Bow,NH
"Fito Plumbers, Inc",fitoplumbers@gmail.com,+15105860212,https://www.fitoplumbers.com/,Livermore,CA
"Transou's Plumbing & Septic | Emergency Plumber Clemmons, NC | Tankless Water Heater Repair | Septic Tank | Rooter Service",Service@transous.com,+13368155315,https://www.plumbwithfamily.com/,Clemmons,NC
Stoney's Plumbing,mstone71106@gmail.com,+17037945592,https://stoneysplumb.com/,Leesburg,VA
GHJ Excavation LLC,gjodzis@gmail.com,+17246407079,https://ghjexcavation.com/,Ruffs Dale,PA
Pristine Plumbing Inc,info@pristineplumbinginc.com,+17147162935,https://pristineplumbinginc.com/,Lake Forest,CA
AAA Sewer Service,aaasewerservice@hotmail.com,+12082438422,https://www.aaasewerserviceidahofalls.com/,Idaho Falls,ID
Express Drain & Sewer Cleaning,info@expressservicesfl.com,+19547632520,http://expressdrainplumbing.com/,Hollywood,FL
A&R Wastewater Management,construction@arwwm.com,+18666745779,https://www.arwwm.com/,Elkhart,IN
A&R Wastewater Management,service@arwwm.com,+18666745779,https://www.arwwm.com/,Elkhart,IN
KRK Pumping and Plumbing,kyle@krkservices.com,+17724647323,https://www.krkservices.com/,Fort Pierce,FL
Simply Septic Services,simpleseptic@gmail.com,+16787556387,https://www.simplysepticservice.com/,Watkinsville,GA
GRAND ROOTER,grandrooter@grandrooter.com,+19544004690,https://grandrooter.com/,Miramar,FL
ASAP Advanced Septic & Drainage,info@asapadvancedseptic.com,+18136100607,https://asapadvancedseptic.com/,Lutz,FL
Pristine Plumbing Inc,info@pristineplumbinginc.com,+17147162935,https://pristineplumbinginc.com/,Irvine,CA
IBS Septic & Drain Service,info@ibsseptic.com,+15187988542,https://www.ibsseptic.com/,Queensbury,NY
Rescue Hero Plumbing & Pumping,pumping4less@att.net,+16615878260,https://rescueheroplumbing.com/,Bakersfield,CA
Rescue Hero Plumbing & Pumping,rescueheroesplumbing@gmail.com,+16615878260,https://rescueheroplumbing.com/,Bakersfield,CA
Top Choice Plumbing,office@topchoiceplumbing.com,+18437181838,http://topchoiceplumbing.com/,North Charleston,SC
Big State Plumbing,bsp@bigstateplumbing.com,+13614545001,https://bigstateplumbing.com/,Needville,TX
Roto-Rooter,rotorooter.cr@gmail.com,+13193652243,https://www.rotorootercedarrapidsiowa.com/,Cedar Rapids,IA
TideCo Septic & Services,Tidecoseptic@gmail.com,+19122308097,https://tidecosepticservicesllc.jobbersites.com/,St Simons Island,GA
ADB Construction & Septic Corp.,michelle@adbseptic.com,+18604325996,http://adbseptic.com/,Manchester,CT
Meeks Plumbing Inc.,info@meeksplumbing.com,+13527511317,http://meeksplumbing.com/,Vero Beach,FL
Prime Plumbing & Drains,primeplumbingdrains@gmail.com,+19803053848,http://primeplumbingnc.com/,Salisbury,NC
"RC3 Plumbing Services, Whittier",service@rc3plumbing.com,+16266985275,https://rc3plumbing.com/,Whittier,CA
"U T Company, LLC",utcompanyllct@aol.com,+19158580166,https://www.ut.company/,El Paso,TX
"United HVAC, Plumbing & Electrical",info@up-waterheaters.com,+14087097581,https://plumbing-united.com/,Cupertino,CA
United Plumbing & Water Heaters,info@up-waterheaters.com,+14087097581,https://plumbing-united.com/,Sunnyvale,CA
On-Call Plumbing,oncallplumbingatx@gmail.com,+15122881564,https://www.oncallplumbingatx.com/,Liberty Hill,TX
Full Spectrum Plumbing Services,thomas@fullspectrumplumbingllc.com,+18039690468,https://fullspectrumplumbingllc.com/,Fort Mill,SC
John the Plumber,info@johntheplumberfl.com,+19547814823,https://johntheplumberfl.com/,Pompano Beach,FL
"Aventra Plumbing, LLC",aventraplumbing@gmail.com,+14044273051,https://aventraplumbing.com/,Snellville,GA
Jarrod's Plumbing LLC,name@email.com,+15129247580,https://jarrodsplumbing.com/,Leander,TX
Earl's Performance Plumbing,contact@earlsplumbing.net,+15303430330,https://www.earlsplumbing.net/,Yuba City,CA
Sweetman's Plumbing Service,sweetmansplumbing@yahoo.com,+17705380727,http://sweetmansplumbingservices.com/,Dahlonega,GA
My Buddy the Plumber,info@mybuddytheplumber.co,+17208299475,https://mybuddytheplumber.co/,Westminster,CO
Reeh Plumbing,service@reehplumbing.com,+18308687711,http://reehplumbing.com/,Fredericksburg,TX
Barney's Plumbing & Sewer Services,david@barneysplumbingllc.com,+12539879304,https://barneysplumbingllc.com/,Enumclaw,WA
Diamond House Plumbing,inquiries@diamondhouseplumbing.com,+19513387799,https://diamondhouseplumbing.com/,Riverside,CA
Jack & Jill Plumbing,Admin@jacknjillplumbing.com,+15853269272,https://calljacknjill.com/,Spencerport,NY
"Express Rooter Plumbing, Natural Gas, & Roofing",expressrooteral@gmail.com,+12562860427,https://www.expressrooterplumbingal.com/,Danville,AL
Bamboo Plumbing,josh@bambooplumbing.com,+13058487000,https://bambooplumbing.com/,Hollywood,FL
About Plumbing Inc,services@aboutplumbinginc.com,+13146071126,https://aboutplumbinginc.com/,Festus,MO
Earl's Performance Plumbing,contact@earlsplumbing.net,+15303430330,https://www.earlsplumbing.net/,Chico,CA
"Knockout Plumbing, LLC",info@knockoutplumbingaz.com,+16028335903,https://knockoutplumbingaz.com/,San Tan Valley,AZ
"Wingo Services, LLC",WingoServices@gmail.com,+15406870513,https://wingoservicesllc.com/,Bealeton,VA
About Plumbing Inc.,services@aboutplumbinginc.com,+13146071126,https://aboutplumbinginc.com/,High Ridge,MO
About Plumbing Inc.,services@aboutplumbinginc.com,+13146071126,https://aboutplumbinginc.com/,Barnhart,MO
Earl's Performance Plumbing,contact@earlsplumbing.net,+15303430330,https://www.earlsplumbing.net/,Redding,CA
"Ultimate Heating, Cooling, Plumbing & Electric",Office@uhcdenver.com,+17207977080,https://ultimateheatingandcooling.com/,Commerce City,CO
"Anytime Plumbing, Sewer, Drain & Heating | Emergency Plumber, Sewer Pipelining, & Tankless Water Heater Repair Santa Fe, NM",anytimeplumbing505@gmail.com,+15054744441,https://anytimeplumbing505.com/,Santa Fe,NM
DJs Home Services,customersupport@djcares.com,+17632201721,http://djcares.com/,Howard Lake,MN
"King Rooter & Plumbing | Plumbers Denver, CO | Drain Cleaning | Sewer & Water Line | Tankless Water Heater Repair",kingrooterplumbing@gmail.com,+13039492593,https://kingrooterandplumbing.com/,Denver,CO
Real Texas Plumbing - Heating and Air,realtexasplumbing@gmail.com,+15126622949,https://realtexasplumbing.com/,Jonestown,TX
"King Rooter & Plumbing | Plumber Boulder, CO | Drain Cleaning | Sewer & Water Line | Tankless Water Heater Repair",kingrooterplumbing@gmail.com,+13039492593,https://kingrooterandplumbing.com/,Boulder,CO
Rellaire Smart Home Systems,relax.ca@rellaire.com,+18154772600,http://rellaire.com/,Crystal Lake,IL
Rellaire Smart Home Systems,relax@rellaire.com,+18154772600,http://rellaire.com/,Crystal Lake,IL
"Cisneros Brothers Plumbing, Septic, Restoration & Flood Services | Emergency Plumber & Water Heater Repair Temecula, CA",info@855gotclog.com,+19513650075,https://www.855gotclog.com/,Temecula,CA
Dick Ray Master Plumber Heating and Cooling,info@dickray.com,+19132418770,https://dickray.com/,Lee's Summit,MO
Dick Ray Master Plumber Heating and Cooling,info@dickray.com,+19132418770,https://dickray.com/,Overland Park,KS
"Metro Plumbing, Heating & Air",info@metropha.com,+14238550967,http://metropha.com/,Chattanooga,TN
JT Plumbing Heating & Air,admin@jtplumbingservicesllc.com,+19708181613,https://jtplumbingservicesllc.com/,Loveland,CO
"Metro Plumbing, Heating & Air",info@metropha.com,+14238550967,http://metropha.com/,Chattanooga,TN
"Cisneros Brothers Plumbing, Heating & AC Repair, Water Damage Restoration & Flood Services",info@855gotclog.com,+19513650075,https://www.855gotclog.com/,Hesperia,CA
"Legendary Service Heating, Cooling, & Plumbing",info@legendaryservice.com,+16085343637,https://legendaryservice.com/,Mundelein,IL
"Legendary Service Heating, Cooling, & Plumbing",info@legendaryservice.com,+16085343637,https://legendaryservice.com/,Libertyville,IL
"Kay Plumbing, Heating & Cooling",konrad@kayplumbing.com,+18034453707,https://kayplumbing.com/,Lexington,SC
"Kay Plumbing, Heating & Cooling",info@kayplumbing.com,+18034453707,https://kayplumbing.com/,Lexington,SC
Proline Plumbing & Sewer,dispatch@prolineplumbingandsewer.com,+15033964242,https://prolineplumbingandsewer.com/,Camas,WA
Proline Plumbing & Sewer,dispatch@prolineplumbingandsewer.com,+15033964242,https://prolineplumbingandsewer.com/,Battle Ground,WA
Proline Plumbing and Sewer,dispatch@prolineplumbingandsewer.com,+15033964242,https://prolineplumbingandsewer.com/,Salem,OR
Proline Plumbing,dispatch@prolineplumbingandsewer.com,+15033964242,https://prolineplumbingandsewer.com/,Portland,OR
Big State Plumbing,bsp@bigstateplumbing.com,+13614545001,https://bigstateplumbing.com/,Angleton,TX
Proline Plumbing & Sewer,dispatch@prolineplumbingandsewer.com,+15033964242,https://prolineplumbingandsewer.com/,Vancouver,WA
Joe Cool Home Services,email@joecoolhomeservices.com,+17278886962,https://joecoolair.com/,Tampa,FL
"Taylor Group Plumbing, Heating, Mechanical & Sprinkler",taylorgroup@taylorgroupplumbing.com,+18559995325,https://taylorgroupplumbing.com/,Bronx,NY
Joe Cool Air Conditioning and Plumbing,email@joecoolhomeservices.com,+17278886962,https://joecoolair.com/,Pinellas Park,FL
Thurgood Plumbing & HVAC,thurgoodplumbing1@gmail.com,+18018256407,https://thurgoodplumbing.com/,Clearfield,UT
"Taylor Group Plumbing, Heating, Mechanical & Sprinkler",taylorgroup@taylorgroupplumbing.com,+18559995325,https://taylorgroupplumbing.com/,New York,NY
Beltz Home Service Co.,info@beltzhomeservice.com,+14193187322,https://www.beltzhomeservice.com/,Findlay,OH
Everest Mechanical,info@everestmechanical.com,+19705860970,https://everestmechanical.com/,Longmont,CO
"Thompson Plumbing, Heating, and Air Conditioning",contact@thacc.net,+17606378017,https://www.thacc.net/,Oceanside,CA
"Swan Electric, Plumbing, Heating & Air",dispatch@callswan.com,+14697277904,https://www.callswan.com/,Sunnyvale,TX
Taylor Group Plumbing Heating Mechanical & Sprinkler Inc.,taylorgroup@taylorgroupplumbing.com,+18559995325,https://taylorgroupplumbing.com/,East Stroudsburg,PA
OnPoint Plumbing & HVAC,info@onpoint-hvac.com,+12482471199,https://onpoint-hvac.com/,Livonia,MI
Flamingo Plumbing & Backflow,info@flamingoplumbing.com,+15612951193,https://www.flamingoplumbing.com/,West Palm Beach,FL
ABT Plumbing & Rooter,robert@abtplumbers.com,+13108630577,http://abtplumbers.com/,Rancho Palos Verdes,CA
"Cisneros Brothers Plumbing, Heating & AC Repair, Water Damage Restoration & Flood Services",info@855gotclog.com,+19513650075,https://www.855gotclog.com/,Hesperia,CA
Wilson's Plumbing Heating HVAC & Electric,wilsonhvac26@gmail.com,+16318555832,https://www.wilsonplumbinghvac.com/,Bay Shore,NY
Lorenz Plumbing Heating and Air Conditioning,info@lorenzphac.com,+14175444430,https://www.lorenzphac.com/,Springfield,MO
Lorenz Plumbing Heating and Air Conditioning,info@lorenzphac.com,+14175444430,https://www.lorenzphac.com/,Branson,MO
"Top-Notch Plumbing, Heating & Air",office@topnotchplumbingllc.com,+19704047586,https://www.topnotchplumbingllc.com/,Greeley,CO
"Top-Notch Plumbing, Heating & Air",matt@topnotchplumbingllc.com,+19704047586,https://www.topnotchplumbingllc.com/,Greeley,CO
Pioneer Home Services,info@pioneercomfort.com,+18653510787,http://pioneercomfort.com/,Nashville,TN
National Economy Plumbers,info@nepmem.com,+19012784245,https://nationaleconomyplumbers.com/,Memphis,TN
"Time Plumbing, Heating & Electric Denver | Drains Clearing | Air Conditioning | Furnace Coupons Repair & Replacement | Sewer",service@303plumber.com,+13037586237,https://www.303plumber.com/,Denver,CO
"Time Plumbing, Heating & Electric Denver | Drains Clearing | Air Conditioning | Furnace Coupons Repair & Replacement | Sewer",info@303plumber.com,+13037586237,https://www.303plumber.com/,Denver,CO
EZ Leak Detection - San Diego Slab Leak Detection Experts | 24/7 Plumbing Services San Diego,sales@ezleakdetection.com,+17609775910,https://www.ezleakdetection.com/,Oceanside,CA
EZ Plumbing USA - Emergency Plumbing & Leak Detection San Diego,sales@ezplumbingusa.com,+17603899117,https://www.ezplumbingusa.com/,San Diego,CA
"All Star Plumbing & Restoration - Plumber San Diego, CA",info@allstarplumbingservice.com,+18587035167,https://www.allstarplumbingservice.com/,San Diego,CA
Maryland Worx Plumbing Drain Cleaning and Excavation,info@marylandworx.com,+14436751524,https://www.marylandworx.com/,Randallstown,MD
William C Diamond Plumbing and Heating,info@williamcdiamondplumbing.com,+19735775123,https://williamcdiamondplumbing.com/,East Hanover,NJ
Rocko's Plumbing,rockosplumbing@gmail.com,+18053721797,https://www.rockosplumbing.com/,Simi Valley,CA
Kooline Plumbing Heating & Air LLC,koolineplumbingllc@gmail.com,+16029206000,https://koolineplumbing.com/,Maricopa,AZ
Local Roots AC and Plumbing LLC,service@calllocalroots.com,+16027829074,https://calllocalroots.com/,Phoenix,AZ
Sewer Cleaning Company,assist@sewercleaningcompany.com,+14402906055,https://sewercleaningcompany.com/,Eastlake,OH
J. R. Sbrocco Plumbing,lynn@sbroccoplumbing.com,+12165098133,https://sbroccoplumbing.com/,Willoughby,OH
Sewer Cleaning Company,assist@sewercleaningcompany.com,+14402906055,https://sewercleaningcompany.com/,Chesterland,OH
Sewer Cleaning Company,assist@sewercleaningcompany.com,+14402906055,https://sewercleaningcompany.com/,Cleveland,OH
Sewer Cleaning Company,assist@sewercleaningcompany.com,+14402906055,https://sewercleaningcompany.com/,Perry,OH
All Rooter Hydro Jetting- Sewer & Drain Experts Inc.,info@allrooter-plumbing.com,+17086693570,https://allrooter-plumbing.com/,Chicago,IL
Suburban Plumbing Sewer and Drain Cleaning Experts,suburbanplumbingexperts@gmail.com,+18008088863,https://suburbanplumbingexperts.com/,Brookfield,IL
Sewer Cleaning Company,assist@sewercleaningcompany.com,+14402906055,https://sewercleaningcompany.com/,Highland Heights,OH
Happy Camper Drain Cleaning & Plumbing Repair,info@happycamperair.com,+18332222805,https://happycamperair.com/,Fullerton,CA
"Taylor Group Plumbing, Heating, Mechanical & Sprinkler",taylorgroup@taylorgroupplumbing.com,+18559995325,https://taylorgroupplumbing.com/,New York,NY
"McInvale Heating & Air, Inc. Plumbing & Gas",nikki@mcmech.com,+16016059564,https://airconditioningjacksonms.com/,Ridgeland,MS
Swiftline Plumbing LLC,info@swiftlineplumbing.com,+17723590005,https://swiftlineplumbing.com/,Port St. Lucie,FL
"Clarksville Plumbing, LLC",info@clarksvilleplumbing.net,+14433863499,https://www.clarksvilleplumbing.net/,Hanover,MD
"After Hours Plumbing & Drain Cleaning, LLC.",help@afterhoursplumbing.net,+19109155273,https://mushroom-soybean-fcbp.squarespace.com/,Jacksonville,NC
The Drain Fighter - Jetting & Drain Cleaning,thedrainfighter@yahoo.com,+12407041797,https://www.thedrainfighter.com/,Capitol Heights,MD
24 Hour Plumbing And Sewer Cleaning -Oceanside NY,24hrplumbingandsewer@gmail.com,+15169602735,https://24-hourplumbingandsewer.com/,Oceanside,NY
D'Agostino General Contractors,sales@dagostinogeneralcontractors.com,+18602740707,https://www.dagostinogeneralcontractors.com/,Waterbury,CT
"Eco American Pump & Plumbing, Inc.",ecoamericanpump@yahoo.com,+15705882960,https://ecoamericanpumpinc.net/,East Stroudsburg,PA
Action Sewer And Drain Cleaning LLC,actionseweranddrain@gmail.com,+14194720318,https://actionsewerllc.com/,Toledo,OH
Apax Sewer Drain & Cleaning,apaxsewer@gmail.com,+15166189906,https://apaxsewerdrain.com/,Brooklyn,NY
"Dna Plumbing, Drain Cleaning & Heating LLC",dnaplumbingllc@gmail.com,+18605159565,https://www.dnaplumbing.com/,Meriden,CT
Next Level Environmental,info@nextlevelenv.com,+16173363996,https://nextlevelenvironmental.com/,Canton,MA
L&B Mechanical | Brooklyn NY | Water Heater Installation | Plumbing,lbmechanicalny@gmail.com,+17189742720,https://lbmechanicalny.com/,Brooklyn,NY
Speedy Environmental,service@speedyenviro.com,+16313312020,http://speedyenviro.com/,Mt Sinai,NY
Royal Flush Plumbing,rfplumber@yahoo.com,+18172229777,https://royalflushplumbers.net/,Fort Worth,TX
"B & R Cesspool, Sewer & Drain",brplumbing11767@aol.com,+16315807500,http://bandrplumbingandheating.com/,Nesconset,NY
Vortex Plumbing,vortexplumbinginc@gmail.com,+12538026001,https://vortexplumbinginc.com/,Kent,WA
"A & W Plumbing and Heating, Inc.",customerservice@awplumbingil.com,+16186875862,https://www.awplumbingil.com/,Murphysboro,IL
Red Tulip Plumbing,redtulipplumbing@gmail.com,+15107304957,https://www.redtulipplumbing.com/,Union City,CA
"Proactive Plumbing, Inc.",mike@proactiveplumbinginc.com,+17607981167,https://proactiveplumbinginc.com/,San Marcos,CA
All American Sewer Service,webdev@allamericansewerservice.com,+12019338200,http://allamericansewerservice.com/,Garfield,NJ
United Plumbing & Water Heaters,info@up-waterheaters.com,+14087097581,https://plumbing-united.com/,San Jose,CA
R F Plumbing Company,rfplumbingco@gmail.com,+18886503880,https://rfplumbingco.com/,Torrance,CA
R F Plumbing Company,contact@rfplumbingco.com,+18886503880,https://rfplumbingco.com/,Torrance,CA
Knight Rooter Sewer & Drain Cleaning Services,knightrooter@gmail.com,+12062063131,https://knightrooter.com/,Bothell,WA
"Lift Stations ""R"" Us, Corporation.",info@liftstationsrus.com,+13053242121,https://www.liftstationsrus.com/,Miami,FL
Wild Water Plumbing,info@wildwaterplumber.com,+19107502312,https://www.wildwaterplumbing.com/,Jacksonville,NC
American Minuteman Sewer & Drain,info@americanminutemenseweranddrain.com,+12016642823,https://www.americanminutemenseweranddrain.com/,New City,NY
Port Orchard Plumbing,office@poplumbing.com,+13608764640,https://poplumbing.com/,Port Orchard,WA
Plumbers Midland TX,plumbersmidlandtx31@gmail.com,+14322034700,http://plumbersmidlandtx.org/,Midland,TX
Discount Air LLC,discountairllc@gmail.com,+14078447546,https://www.discountairllc.com/,Kissimmee,FL
EZ HPS Services LLC,ezhps845@gmail.com,+18458536012,https://www.ezhpsservicesllc.com/,Lake Katrine,NY
Still Waters Plumbing,hello@stillwatersdfw.com,+18779175161,https://www.stillwatersdfw.com/,Prosper,TX
Dutra Excavating & Sewer Inc,office@dutrasewer.com,+12019301229,http://dutrasewerandwater.com/,Montvale,NJ
Iwicki Plumbing Services,contact@ipsplumbingtn.com,+18652553658,https://ipsplumbingtn.com/,Clinton,TN
Iwicki Plumbing Services,mike@ipsplumbingtn.com,+18652553658,https://ipsplumbingtn.com/,Clinton,TN
Chenette Plumbing & Heating,chenetteplumbing@comcast.net,+16174797737,https://www.chenetteplumbing.com/,Quincy,MA
Dynamic Plumbing Technology,dynamicplumbingtechnology@gmail.com,+19548619753,https://dynamicplumbingtechnology.com/,Tamarac,FL
CDS Plumbing Services,support@cdsplumbingservices.com,+18135784780,https://tampasplumber.com/,Seffner,FL
5 Star Plumbing,us@5-starplumbing.com,+19167961233,https://5-starplumbing.com/,North Highlands,CA
Pioneer Plumbing Restoration,info@thepioneerplumber.com,+13145687718,https://thepioneerplumber.com/,Marine,IL
"Aloha Plumbing, Sewers, & Drains",info@alohaplumbingservices.com,+18018904616,http://alohaplumbingservices.com/,Salt Lake City,UT
Champion Septic Tank - Grease Trap Pump Out Storm Drains Lift Station,support@championseptictank.com,+17868233035,https://championseptictank.com/,Hialeah,FL
Spangler Drain and Rooter,jessica@spanglerdrainandrooter.com,+18282021473,https://www.spanglerdrainandrooter.pro/,Rutherfordton,NC
Ace Plumbing & Drain Cleaning,aceplumbingchris@yahoo.com,+17062702276,https://aceplumbingofdalton.com/,Dalton,GA
Fix Family Enterprises Ltd,info@fixfamilyenterprises.com,+15182698565,https://fixfamilyenterprises.net/,Valatie,NY
West Side Drain and Septic,info@westsidedrain.com,+15035222727,https://www.westsidedrain.com/,Tigard,OR
All American Jetting & Drain Services,allamericandrainservicesllc@gmail.com,+17033615105,https://allamericandrainservices.com/,Manassas,VA
EZ Plumbing,Service1@ez-plumbing.com,+18189082710,https://ez-plumbing.com/,North Hollywood,CA
Lights Plumbing & Drain Cleaning LLC. Lynchburg va plumber,lightsplumbing@gmail.com,+14344260707,http://lightsplumbing.net/,Lynchburg,VA
Pure Flow Plumbing,pureflowoffice1@gmail.com,+18038104501,https://pureflowplumbing.com/,York,SC
Drain Terrier,contact@drainterrier.com,+17209996120,https://drainterrier.com/,Littleton,CO
"Belknap Plumbing, Heating & Cooling",inbox@belknapsd.com,+17153947754,https://belknap-plumbing.com/,Superior,WI
A+ Plumbing & Gas,aplusplumbingok@gmail.com,+14058161055,https://www.aplusplumbingandgas.com/,Oklahoma City,OK
Herman Plumbing Co Inc,office@herman-plumbing.com,+13083823760,https://hermanplumbing.net/,Grand Island,NE
A-1 Sewer & Drain Cleaning corp,info@a-1sewerandplumbing.com,+16319685060,https://www.a-1sewerandplumbing.com/,Ronkonkoma,NY
Delaware Plumbing Professionals,general@delplumbingpros.com,+13029478185,https://delplumbingpros.com/,Wilmington,DE
Thompson & Thompson Service Group,service@tntservicegroup.com,+19125133200,https://tntservicegroup.com/,Guyton,GA
Master Rooter: Sewer and Drain Cleaning Service,masterrooterct@gmail.com,+12035471800,http://masterrooterct.com/,Middletown,CT
Neighborhood Plumbing,chadd@neighborhoodpha.com,+13857771029,https://neighborhoodpha.com/,Riverdale,UT
One Call Plumbing,csr@onecallplumbingsc.com,+18643106277,https://onecallplumbingsc.com/,Greenville,SC
Countryside Plumbing Sewer and Septic,mycountrysidecontractor@gmail.com,+18478092494,https://countrysidesewerandseptic.com/,Antioch,IL
Clean Flo Sewer and Septic,info@cleanflosc.com,+18645338233,https://cleanfloseweranddrain.com/,Anderson,SC
SewerQuest Drain Cleaning,info@sewerquest.com,+16142281775,https://www.sewerquest.com/,Columbus,OH
Mike Stern Plumbing,mikesternplumbing@gmail.com,+17475297702,https://www.sternserviceco.com/,Chatsworth,CA
Jet Cesspool Service,JetCesspoolService@gmail.com,+16314106684,https://jetcesspoolservice.com/,Holbrook,NY
Right A Way Sewer Service,rightawaytoilets@gmail.com,+14176231507,https://www.rightawaysewer.com/,Joplin,MO
West Side Drain and Septic,info@westsidedrain.com,+15035222727,https://www.westsidedrain.com/,Hillsboro,OR
Roto-Rooter plumbers and Septic services,weplumbers@gmail.com,+18002523012,https://www.weplumb.com/,Narrowsburg,NY
Draintech Plumbing Drain Cleaning Hydro Jetting,contact@drain.tech,+15152333700,https://www.drain.tech/,Ames,IA
JK Plumbing And Drain Services,info@jkplumbinganddrain.com,+15306758800,https://jkplumbinganddrain.com/,Davis,CA
Zoltan the Plumber | Sewer Installation & Drainage Service,zoltanplumber@gmail.com,+12062936890,https://zoltantheplumber.com/,Seattle,WA
Zoltan the Plumber | Sewer Installation & Drainage Service,zoltanandaniko@hotmail.com,+12062936890,https://zoltantheplumber.com/,Seattle,WA
Steve Beaton Plumbing Inc,stevebplumbing@gmail.com,+15302449727,https://stevebeatonplumbing.com/,Redding,CA
Premier Rooter and Plumbing,premierrooterandplumbing@gmail.com,+19164067034,https://premierrooterandplumbing.com/,Sacramento,CA
Clog Busterz,Dispatch@clogbusterzplumbing.com,+18594083382,https://www.clogbusterzplumbing.com/,Richmond,KY
Able & Willing Plumbing & Sewer,legendbcenterprises@gmail.com,+17087545151,https://www.ableandwillingplumbing.com/,Manteno,IL
Sewer Detectives,jp@sewerdetectives.com,+14259234958,https://sewerdetectives.com/,Snohomish,WA
Titan Plumbing,support@titanplumbing.com,+16615876014,https://roboplumbing.com/,Bakersfield,CA
Tedeschi Plumbing Services,mario.tedeschi09@gmail.com,+14124861299,https://tedeschiplumbing.com/,Allison Park,PA
Roto-Rooter Sewer & Drain,service@parotorooter.com,+15702214877,https://parotorooter.com/,Bloomsburg,PA
Allied/All-City,jmalliedallcity@gmail.com,+18004795325,https://alliedallcityinc.com/,Copiague,NY
At-Ease Plumbing Plano,steven-watson@live.com,+19726122170,https://ateaseplumbing.com/,Plano,TX
"Accurate Plumbing Services | Best Plumbers in Pearland, TX",info@accurateplumbingtx.com,+12812153294,https://accurateplumbingtx.com/,Pearland,TX
Knockout Plumbing & Mechanical LLC,info@knockoutplumbingseattle.com,+18332212875,https://knockoutplumbingseattle.com/,Seattle,WA
James Jones & Associates,sales@jonesheavy.com,+15405861800,http://jonesheavy.com/,Bedford,VA
EZ Flow Drain and Sewer Services,contact@ezflowdrains.com,+18053992313,https://ez-flow.chrone.work/,Goleta,CA
Zippy Drain,dispatch@tcgiowa.com,+15154713334,https://zippydrain.com/,Clive,IA
Bucci Advanced Plumbing Drain & Boiler Services,jimmie@bucciadvancedplumbing.com,+17245443494,http://bucciadvancedplumbing.com/,Ellwood City,PA
Grayson Sewer and Drain Services,jeremy@graysonseweranddrain.com,+18472223038,https://graysonseweranddrain.com/,Chicago,IL
Grayson Sewer and Drain Services,Graysonsewer@gmail.com,+18472223038,https://graysonseweranddrain.com/,Chicago,IL
"Heggemann, Inc.",contact@heggemanninc.com,+16364568524,https://heggemanninc.com/,Washington,MO
Al Coronado Plumbing - North,info@alcoronadoplumbing.com,+15208348400,https://alcoronadoplumbing.com/,Oro Valley,AZ
After Hours Plumbing LLC,PlumberZac@gmail.com,+17062485934,https://www.afterhoursplumbingllc.com/,Athens,GA
Mr. Rooter Plumbing of Rockwall,rockwall.owner@mrrooter.com,+14695810266,https://www.mrrooterrockwall.com/,Rockwall,TX
CMH Plumbing Solutions,info@cmhdfw.com,+14694933917,http://cmhdfw.com/,Richardson,TX
Mr. Rooter Plumbing of Fort Worth,service@mrrooterdfw.com,+18174416758,https://www.mrrooterdfw.com/,Fort Worth,TX
Pro Services Sewer Water Drains,proservicesnow1@gmail.com,+16304877879,https://totalproservices.com/,North Aurora,IL
Northwest Drains,steve@nwdrains.com,+13606886979,https://www.nwdrains.com/,Sequim,WA
Guy's Sewer & Drain,brad@guysseweranddrain.com,+17632004316,https://guysseweranddrain.com/,St Michael,MN
Guy's Sewer & Drain,info@guysseweranddrain.com,+17632004316,https://guysseweranddrain.com/,St Michael,MN
Mr. Rooter Plumbing of Palm Beach County,csr@mrrooternj.com,+19544776181,https://www.mrrooterplumber.com/,Boca Raton,FL
"ALL WAYS ROOTER LLC Sewer & Drain, Hydro Jet",info@allwaysrooter.com,+18447101720,https://allwaysrooter.com/,Bothell,WA
Roto-Rooter Sewer & Drain Service,rotorootergf@hotmail.com,+17017468947,https://rotorootergf.com/,Grand Forks,ND
"Sewer Experts Denver Sewer Line Repair & Replacement, Drain Scope, Water Lines",info@sewerex.com,+17206637473,https://sewerex.com/,Commerce City,CO
bluefrog Plumbing + Drain of Central Connecticut,ncfazzinoplumbing@gmail.com,+12039372772,https://bluefrogplumbingcentralct.com/,Meriden,CT
Cyclone Plumbing USA,contact@cycloneplumbingusa.com,+18444244290,https://cycloneplumbingusa.com/,Fullerton,CA
Only Plumbing Newnan,patrick@onlyplumbing.net,+17706831550,https://www.onlyplumbing.co/,Newnan,GA
Drain Mechanics Plumbing & Septic,septic@drainmechanics.com,+13213512033,http://drainmechanics.com/,Vero Beach,FL
Drain Mechanics Plumbing & Septic,office@drainmechanics.com,+13213512033,http://drainmechanics.com/,Vero Beach,FL
Drain Mechanics Plumbing & Septic,admin@drainmechanics.com,+13213512033,http://drainmechanics.com/,Vero Beach,FL
Drain Mechanics Plumbing & Septic,backflow@drainmechanics.com,+13213512033,http://drainmechanics.com/,Vero Beach,FL
Drain Mechanics Plumbing & Septic,sales@drainmechanics.com,+13213512033,http://drainmechanics.com/,Vero Beach,FL
"Total Enviro Services, Inc.",dispatch@totalseptic.com,+14078410400,https://www.totalseptic.com/,Orlando,FL
Savings Sewer & Drain,help@savingsseweranddrain.com,+18148683061,https://savingsseweranddrain.com/,Erie,PA
Savings Sewer & Drain,savingsseweranddrain@gmail.com,+18148683061,https://savingsseweranddrain.com/,Erie,PA
"Clean & Clear Plumbing, LLC",info@cleanclearplumbing.com,+18652520030,https://www.cleanclearplumbing.com/,Lenoir City,TN
Drain Mechanics Plumbing & Septic,septic@drainmechanics.com,+13213512033,http://drainmechanics.com/,Palm Bay,FL
Drain Mechanics Plumbing & Septic,office@drainmechanics.com,+13213512033,http://drainmechanics.com/,Palm Bay,FL
Drain Mechanics Plumbing & Septic,admin@drainmechanics.com,+13213512033,http://drainmechanics.com/,Palm Bay,FL
Drain Mechanics Plumbing & Septic,backflow@drainmechanics.com,+13213512033,http://drainmechanics.com/,Palm Bay,FL
Drain Mechanics Plumbing & Septic,sales@drainmechanics.com,+13213512033,http://drainmechanics.com/,Palm Bay,FL
Locklear Plumbing,service@locklearplumbing.com,+16782108530,https://www.locklearplumbing.com/,Woodstock,GA
The Idaho Falls Plumbing Company,yourifplumber@gmail.com,+12085699743,https://idahofallsplumbingcompany.com/,Idaho Falls,ID
Titan Plumbing & Drains,info@thetitanplumbers.com,+16144003982,https://thetitanplumbers.com/,Marion,OH
Environmental Pump & Drain Line Solutions,contactus@epadls.com,+17043956066,https://www.epadls.com/,Denver,NC
Environmental Pump & Drain Line Solutions,Kurt@epadls.com,+17043956066,https://www.epadls.com/,Denver,NC
Drain Mechanics Plumbing & Septic,septic@drainmechanics.com,+13213512033,http://drainmechanics.com/,Palm Bay,FL
Drain Mechanics Plumbing & Septic,office@drainmechanics.com,+13213512033,http://drainmechanics.com/,Palm Bay,FL
Drain Mechanics Plumbing & Septic,admin@drainmechanics.com,+13213512033,http://drainmechanics.com/,Palm Bay,FL
Drain Mechanics Plumbing & Septic,backflow@drainmechanics.com,+13213512033,http://drainmechanics.com/,Palm Bay,FL
Drain Mechanics Plumbing & Septic,sales@drainmechanics.com,+13213512033,http://drainmechanics.com/,Palm Bay,FL
Mountain Magic drain cleaning,joe72co@gmail.com,+17192932395,https://mountainmagicdraincleaning.com/,Leadville,CO
Clean-Out Kings Plumbing And Drain Cleaning,customerservice@clean-outkings.com,+18662654647,http://clean-outkings.com/,Anaheim,CA
One Call Plumbing,csr@onecallplumbingsc.com,+18643106277,https://onecallplumbingsc.com/,Spartanburg,SC
Bob Oates Sewer & Rooter,info@boboates.com,+12538380888,https://boboates.com/,Pacific,WA
Pro 1 Plumbing & Septic Services,officemanagement@pro1plumbingandsepticservices.com,+14323153136,https://midlandsepticservices.com/,Midland,TX
Real Texas Plumbing,realtexasplumbing@gmail.com,+15126622949,https://realtexasplumbing.com/,Lago Vista,TX
"Wilson Plumbing, Heating, Cooling and Electric",Service@bettercallwilson.com,+13309200225,https://www.wilsonplumbingandheating.com/,Beachwood,OH
"Streamline Plumbing | Emergency Plumber, Drain Cleaning, Sewer Line Repair, & Tankless Water Heater Repair in Pontotoc, MS",service@callstreamlineplumbing.com,+16624995353,https://callstreamlineplumbing.com/,Pontotoc,MS
Joe Castro Plumbing,joe@joecastroplumbing.com,+18325154250,https://myjoeplumber.com/,Spring,TX
Mr. Rooter Plumbing of Broward County,csr@mrrooternj.com,+19544776181,https://www.mrrooterplumber.com/,Deerfield Beach,FL
"Shelby Mechanical, LLC",info@shelbymechanical.net,+15867269444,http://shelbymechanical.net/,Shelby Township,MI
Newark Water Heaters & Drains,info@newarkwaterheaterdrain.com,+17406406659,https://newarkwaterheaterdrain.com/,Newark,OH
Kemble Brothers Plumbing,kevin@kbrosplumbing.com,+17203332502,https://kbrosplumbing.com/,Denver,CO
Coeur d'Alene Septic/Sewer/Water Systems,cdasepticsystems@gmail.com,+12082906888,https://www.cdasepticsystems.com/,Coeur d'Alene,ID
True Value Plumbing San Diego,truevalueplumbingsd@gmail.com,+16194855276,https://www.truevalueplumbingsandiego.com/,Chula Vista,CA
Nationwide Plumbing Service,info@nwpflkeys.com,+13058531848,https://www.nationwide-plumbing-service.com/,Key Largo,FL
SMART Plumbing Hawaii,smart@plumbinghawaii.com,+18083939296,https://plumbinghawaii.com/,Hilo,HI
Delta Plumbing The Educated Plumber,support@eduplumber.com,+17704745555,http://deltaplumbingatlanta.com/,Stockbridge,GA
Delta Plumbing The Educated Plumber,support@educatedplumber.com,+17704745555,http://deltaplumbingatlanta.com/,Stockbridge,GA
Total Plumbing and Electric,info@totalplumbingpros.com,+18439942000,https://totalplumbingpros.com/,Charleston,SC
"Extra Care Plumbing, LLC",ExtraCarePlumbing@gmail.com,+12055610554,http://extra-care-plumbing.com/,Birmingham,AL
Adoni Plumbing Solutions,adoniplumbingsolutions@gmail.com,+19188860563,https://www.bartlesvilleplumbingok.com/,Bartlesville,OK
ASAP POOP Company LLC,mishawakaseptic@gmail.com,+15742557667,https://254-poop.com/,Mishawaka,IN
Local Plumber - Top plumbers in Bonita springs FL,services@tampabayplumber.com,+17278007667,https://local-plumber.com/location/,Bonita Springs,FL
Local Plumber - Top plumbers in Bonita springs FL,services@local-plumber.com,+17278007667,https://local-plumber.com/location/,Bonita Springs,FL
"Connecticut Sewer Rooter & Drain Cleaning | Sewer Line Cleanout, Emergency Plumbing Services",ctsewerrooterllc@gmail.com,+12033958749,https://www.ctsewerrooter.com/,Stratford,CT
NGI Drain Cleaning & Hydro Jetting,help@northgeorgiapipelining.com,+14044184681,https://ngidrainhydrojetting.com/,Canton,GA
Tri County Rooter- Sewer & Drain Cleaning,info@tri-countyrooter.com,+17062457000,https://tri-countyrooter.com/,Dewy Rose,GA
Treasure Valley Plumbing & Drain Service,info@tvplumbdrain.com,+12084523650,https://tvplumbdrain.com/,Fruitland,ID
Stuart Plumbing,stuplumb1317@gmail.com,+17722870131,https://www.stuartplumbing.com/,Stuart,FL
Saint Pete Plumbing LLC,services@saintpeteplumbing.com,+17278007667,http://saintpeteplumbing.com/,St. Petersburg,FL
"Professional Drain Services of Southern New England, LLC",professionaldrainservices@gmail.com,+14013155450,https://www.professionaldrainservicesofsne.com/,Bradford,RI
O.G. Croteau Plumbing & Heating,ogcroteau@verizon.net,+19783423029,https://www.ogcroteauplumbing.com/,Fitchburg,MA
Mr. Rooter Plumbing,service@mrrooterdfw.com,+12143399027,https://www.mrrooterdallas.com/,Farmers Branch,TX
Handy Rentals & Septic,khbaliles@hotmail.com,+12766385240,http://handyrentalsandseptic.com/,Martinsville,VA
Mike Wilson Plumbing,email@mikewilsonplumbing.com,+18046416570,https://mikewilsonplumbing.com/,Midlothian,VA
All-Flo Plumbing LLC,office@allfloplumbing.com,+16163617800,https://allfloplumbing.com/,Comstock Park,MI
Modern Plumbing,info@modernplumbing.us,+15036916166,https://www.modernplumbingpdx.com/,Tualatin,OR
Roto-Rooter-Iowa Falls,rotorooterrobert@gmail.com,+16416489172,https://plumbingdraincleaningiowa.com/,Iowa Falls,IA
Urgent Rooter Plumbing & Hydro Jetting,urgentrooter1@gmail.com,+18447608005,http://urgentrooter.com/,Sun Valley,CA
JT Services,info@jtsepticco.com,+19184065620,https://jtserviceco.com/,Claremore,OK
Omaha Drain,contact@omahadrain.com,+14027401777,https://www.omaha-drain.com/,Omaha,NE
Elephant Plumbing,elephantplumber@gmail.com,+19038802043,https://elephantplumbingtx.com/,Canton,TX
Plomero en Phoenix,info@callplomero.com,+16025367871,https://www.miplomeroenphoenix.com/,Phoenix,AZ
Fayetteville Plumbing Services,fayettevilleplumbingservices@gmail.com,+14798885522,https://www.plumbingfayettevillear.com/,Fayetteville,AR
Johnson Environmental Services,info@johnsones.com,+18007679594,https://www.johnsones.com/,Fort Lauderdale,FL
Dr Drain Inc,sales@drdrainplumbing.com,+19199606060,http://drdrainplumbing.com/,Hillsborough,NC
Lew's Plumbing and Drain Cleaning,contact@lewsphc.com,+13173853189,https://lewsphc.com/,Noblesville,IN
"Bernhard Plumbing, Inc.",BPI@bernhardplumbing.com,+19203873935,https://bernhardplumbing.com/,Mayville,WI
Pro Rooter & Septic - Visalia Plumbing,prorooterseptic@yahoo.com,+15593481766,https://prorooterseptic.com/,Visalia,CA
"Streamline Plumbing | Emergency Plumber, Drain Cleaning, Sewer Line Repair, & Tankless Water Heater Repair in Tupelo, MS",service@callstreamlineplumbing.com,+16624995353,https://callstreamlineplumbing.com/,Tupelo,MS
Chicago Sewer and Drain Professionals,thomas@chicagoseweranddrainpros.com,+18444739377,https://www.chicagoseweranddrainpros.com/,North Riverside,IL
C.A. Taciak & Sons,sam@baltimoredrain.com,+14103396364,https://baltimoredrain.com/,Towson,MD
Brick Street Plumbing,brickstreetplumbing@gmail.com,+13019694911,http://brickstreet-services.com/,Charles Town,WV
D & D Complete Sewer Services,ddsewer@hotmail.com,+12177328137,https://danddsewer.com/,Lincoln,IL
Marcums Maintenance ——— plumbing drain specialist,marcumsmaintenance@gmail.com,+16063024407,https://www.marcumsmaintenance.com/,Middlesboro,KY
WRS Drain Cleaning,belinda@wrsdraincleaning.com,+13343362772,https://wrsdraincleaning.com/,Panama City,FL
WRS Drain Cleaning,walt@wrsdraincleaning.com,+13343362772,https://wrsdraincleaning.com/,Panama City,FL
The Sewer Surgeon,info@casewersurgeon.com,+18556507867,https://casewersurgeon.com/,Glendora,CA
Superior Sewer & Drain Service,superiordrainsct@gmail.com,+18606398944,https://superiordrainservice.com/,Mystic,CT
Spicewood Plumbing,spicewoodplumbing@yahoo.com,+18302516215,https://www.spicewoodplumbing.com/,Spicewood,TX
Action Plumbing,service@actionplumbinglawrence.com,+17858435670,https://www.actionplumbinglawrence.com/,Lawrence,KS
Royal Flush Environmental Services,info@royalflushenv.com,+15416876764,http://royalflushservices.com/,Eugene,OR
Ready Rooter Inc,custsvc@readyrooter.com,+15088886055,https://www.readyrooter.com/,Sandwich,MA
American Sewer LLC,Service@americansewerllc.com,+16122464800,https://www.americansewers.com/,Bloomington,MN
"LiningWorks, LLC",info@liningworks.com,+13364773218,https://liningworks.com/,Mocksville,NC
Heritage Plumbing Inc,customerservice@heritageplumbinginc.com,+17062533855,https://heritageplumbinginc.com/,Ball Ground,GA
Rollie's Rooter Service,Justin.Ledvina@gmail.com,+19202551192,http://rolliesrooterservice.com/,Luxemburg,WI
SMK Plumbing & Electric,smkplumbingtn@gmail.com,+18652790062,https://smkplumbing-electric.com/,Knoxville,TN
Dee's Drain Cleaning & Plumbing,service.deesdraincleaning@gmail.com,+17046686205,https://deesdraincleaning.com/,Locust,NC
Star Septic Service,starsepticinc2003@gmail.com,+16062487134,http://starsepticservice.com/,Middlesboro,KY
Tim's Pipes Unplugged Drain Service LLC,timcarlson01@gmail.com,+12183918973,https://www.tpusewerdrainservice.com/,Two Harbors,MN
"Local Plumber - Tampa, FL",services@tampabayplumber.com,+17278007667,https://local-plumber.com/location/,Tampa,FL
"Local Plumber - Tampa, FL",services@local-plumber.com,+17278007667,https://local-plumber.com/location/,Tampa,FL
G and I Plumbing,e.b198006@gmail.com,+12106123597,https://www.gniplumbing.com/,San Antonio,TX
NGI Trenchless Pipe & Sewer Repair,help@northgeorgiapipelining.com,+14048602022,https://northgeorgiapipelining.com/,Woodstock,GA
Mr. Rooter Plumbing of Bradenton,mrrootertampabay@yahoo.com,+19417572595,https://www.mrrootersarasota.com/,Bradenton,FL
Craig's Quality Plumbing Inc.,info@craigsqualityplumbing.com,+14355634748,https://cachevalleyplumbing.com/,Smithfield,UT
Local Plumber of Sarasota,services@tampabayplumber.com,+17278007667,https://local-plumber.com/location/,Bradenton,FL
Local Plumber of Sarasota,services@local-plumber.com,+17278007667,https://local-plumber.com/location/,Bradenton,FL
1st Plumber To Call,help@getflywheel.com,+14047586237,https://1stplumbertocall.com/,Canton,GA
Top Tier LLC,team@toptierplumber.com,+16084950445,https://www.toptierplumber.com/,Reedsburg,WI
Josh Short Plumbing & Remodeling,jshortplumbing@yahoo.com,+15804015157,https://www.plumbingponcacity.com/,Ponca City,OK
Blackwater Septic Service,blackwatersepticfl@gmail.com,+18505093596,http://blackwater-septic.com/,Crawfordville,FL
Pro Solutions Plumbing and Rooter,Ajarias83@gmail.com,+18058899290,https://www.prosolutionsplumbingrooter.com/,Camarillo,CA
Parson Plumbing and Drains,parsondrainsllc@yahoo.com,+16148059466,https://www.parson-plumbing.com/,Columbus,OH
Budd's Plumbing | Heating | Cooling,info@buddsplumbing.com,+16096047805,https://www.buddsplumbing.com/,Cape May Court House,NJ
Plumbing Express,info@plumbingexpress.net,+16784399540,https://www.plumbingexpress.com/,Atlanta,GA
"ACME Plumbing, Drain & Septic Service",service@acmeplumbingservice.com,+13174237289,https://www.acmeplumbingservice.com/,Indianapolis,IN
Custom Plumbing - Redding Plumber,info@customplumbingpros.com,+15302411526,https://www.customplumbingpros.com/,Redding,CA
"Sampsell's Plumbing, Inc.",sampsellsplumbing@gmail.com,+18143649209,https://sampsellsplumbinginc.com/,Centre Hall,PA
Code 3 Plumbing and Drain,Code3plumbinganddrain@gmail.com,+14058606888,https://code3plumbinganddrain.com/,Oklahoma City,OK
Suburban Sewer & Septic Inc.,kim4suburban@gmail.com,+18153566833,https://www.sewertroubles.com/,Union,IL
A-Plus Septic And Drain,cs@brandrep.com,+18447312410,http://septicservicetwentyninepalms.com/,Yucca Valley,CA
Ziegler Plumbing & Sewer,office@zieglerplumbing.com,+17578772054,https://zieglerplumbing.com/,Newport News,VA
Rubber Duck Plumbing Inc.,info@rubberduckplumbinginc.com,+16313333825,https://rubberduckplumbinginc.com/,Copiague,NY
Drain Terrier Plumbing,contact@drainterrier.com,+17209996120,https://drainterrier.com/,Wheat Ridge,CO
Redwood Rooter,redwoodrooter@gmail.com,+17079729348,http://redwoodrooter.com/,Redwood Valley,CA
Roto-Rooter Plumbing & Water Cleanup of Delmarva,dispatch@edsroto.com,+18883377686,http://rotorooter-delmarva.com/,Denton,MD
GMP Septic And Sewer,install@gmpseptic.com,+13104569110,https://gmpseptic.com/,Rancho Palos Verdes,CA
Roto-Rooter Sewer & Drain Service,galesburgrotorooter@gmail.com,+13093436913,http://rotorootergalesburg.com/,Cameron,IL
Fast Flow Plumbing,fastflowky@gmail.com,+18338758947,https://fastflowky.com/,Lexington,KY
EcoClean,info@ecoclean1.com,+12073108429,https://ecoclean1.com/,Scarborough,ME
EcoClean,newengland@zoomdrain.com,+12073108429,https://ecoclean1.com/,Scarborough,ME
Ready Dig Excavation,readydigexcavation@gmail.com,+15865337225,https://www.readydigexcavation.com/,Roseville,MI
Hotshots Drain Cleaning,hotshotsdraincleaning@gmail.com,+18008584799,http://hotshotsdraincleaning.com/,Petoskey,MI
Harry Hayes Plumbing,contact@harryhayesplumbing.com,+19047235609,http://harryhayesplumbing.com/,Jacksonville,FL
Jack Ward & Sons Plumbing Company,MACLAIN@wardp-m.com,+16152272811,https://jackwardandsonsplumbing.com/,Nashville,TN
Fast Flow Plumbing,fastflowky@gmail.com,+18338758947,https://fastflowky.com/,Florence,KY
Fast Flow Plumbing,fastflowky@gmail.com,+18338758947,https://fastflowky.com/,Somerset,KY
Plumber Mike's,mike@plumbermikes.com,+19546309717,https://www.plumbermikes.com/,West Park,FL
"Advantage Plumbing and Drain, LLC & Advantage Electrical Contractors",service@advantageplumbinganddrain.com,+12699450300,https://www.advantageplumbinganddrain.com/,Hastings,MI
Vaquero Plumbing-Leander Plumber,office@vaqueroplumbing.com,+15128938705,https://vaqueroplumbing.com/,Leander,TX
Marquis Plumbing & Heating,info@marquisplumbing.com,+12485551234,https://www.marquisplumbing.com/,Rosedale,NY
V&S Wastewater Management,info@vanderveenandsawyer.com,+16166765538,https://www.vanderveensawyer.com/,Ada,MI
Roto-Rooter Plumbers,rotorooter2011@gmail.com,+19316473068,https://www.rotorooterclarksvilletn.com/,Clarksville,TN
Pataskala Water Heaters & Drains,info@pataskalawaterheaterdrain.com,+17406406650,https://pataskalawaterheaterdrain.com/,Pataskala,OH
Hansen's Plumbing & Remodeling,info@hansensplumbing.com,+18056470113,https://hansensplumbing.com/,Ventura,CA
All Clear Sewer And Drain LLC,allclearseweranddrains@gmail.com,+14752839979,https://www.allclearsewerdrain.com/,Stratford,CT
APEX Underground - Sewer & Septic,info@apexundergroundkc.com,+18162232400,https://www.apexundergroundkc.com/,Raymore,MO
Pros Plumbing & Rooter,info@prosplumbing.com,+18775447767,https://prosplumbing.com/,Naples,FL
Owens Plumbing,service@owensplumbing.works,+15305035350,https://owensplumbing.works/,Somerset,CA
"Colette & Ano Plumbing, Inc.",coletteandano@gmail.com,+18473956600,https://www.coletteandano.com/,Antioch,IL
Original 718 Sewer & Drain Inc.,info@plumberinqueens.com,+17187294995,http://plumberinqueens.com/,Middle Village,NY
JB Septic Sewer,info@jbsepticsewer.com,+18155319955,https://jbsepticsewer.com/,Manhattan,IL
MIAMI SERVICE PLUMBERS | Plumbers In Homestead,service@miamiserviceplumbers.com,+13054401734,https://miamiserviceplumbers.com/,Florida City,FL
"Scour plumbing, drain and sewer",info@scourllc.com,+17154603337,https://scourllc.com/,Clintonville,WI
"Millennium Plumbing Specialist, Inc",office@mpsdigsyourdirt.com,+19168777737,https://www.mpsdigsyourdirt.com/,Sacramento,CA
Dooley Service Pro Septic & Plumbing Repairs,services@dooleyservicepro.com,+19373231703,https://www.dooleyservicepro.com/,Springfield,OH
Flush and Go Drain & Septic Cleaning LLC,info@flushandgoservices.com,+14079155222,https://www.flushandgoservices.com/,Sanford,FL
Michael Jr Plumbing,MichaelJrPlumbing@gmail.com,+16156704049,https://michaeljrplumbing.com/,Gallatin,TN
"Discount Plumbing Service, INC.",discountplumb@hotmail.com,+14356733277,https://discountplumbingserviceinc.com/,St. George,UT
Al Coronado Plumbing,info@alcoronadoplumbing.com,+15208348400,https://alcoronadoplumbing.com/,Tucson,AZ
ATC/Hilyer Services,info@hilyerservices.com,+13342796533,https://www.hilyerservices.com/,Montgomery,AL
"Super Rooter Sewer & Drain Cleaning, Inc.",jodylvetter@hotmail.com,+17012223393,https://www.superrootersewer.com/,Bismarck,ND
Cave Creek Septic Service,cavecreekseptic@gmail.com,+16025502022,https://cavecreekseptic.com/,Cave Creek,AZ
Integrated Plumbing Solutions,Jenny@ipsplumber.com,+17707959522,https://www.ipsplumber.com/,Kennesaw,GA
Integrated Plumbing Solutions,Service@ipsplumber.com,+17707959522,https://www.ipsplumber.com/,Kennesaw,GA
Total Plumbing Mooresville,info@totalplumbingpros.com,+18439942000,https://totalplumbingpros.com/,Mooresville,NC
Colonial Capital Plumbing and Septic LLC,newbernplumber@gmail.com,+12526351710,https://newbernplumber.com/,New Bern,NC
Finest Rooter & Plumbing,finestrooterplumbing@gmail.com,+16266968298,https://finestrooter.com/,Covina,CA
Beep Me Plumbing & Heating,office@beepmeplumbing.com,+15048228349,https://www.beep-meplumbing.com/,New Orleans,LA
Performance Plumbing & Drain,performanceplumbing@ymail.com,+15736603555,https://plumberlakeoftheozarks.com/,Eldon,MO
Elite Plumbing & Home Services,info@eliteplumbingmd.com,+14433432284,https://eliteplumbingmd.com/,Pasadena,MD
"Marc Francis Plumbing, LLC",marcfrancisplumbing@yahoo.com,+14239159260,https://www.marcfrancisplumbing.com/,Johnson City,TN
"Lanham's Plumbing, LLC",info@lanhamsplumbing.com,+19728256906,https://lanhamsplumbing.com/,Canton,TX
Bullseye Home Services,info@callbullseye.com,+19412596767,https://callbullseye.com/,Bradenton,FL
Fort Worth Rescue and Restore Plumbing LLC,1plumber@rescuefortworth.com,+18176919249,https://www.rescuefortworth.com/,Benbrook,TX
Lenear Plumbing,info@lenearplumbing.com,+14809154749,https://lenearplumbing.com/,Queen Creek,AZ
Inception Plumbing,email@inceptionplumbing.com,+18164953425,http://inceptionplumbing.com/,Kansas City,MO
Redfin Plumbing Co,ContactUs@redfinplumbing.com,+12818843632,https://redfinplumbing.com/,Houston,TX
Plumber In DC,dcplumbing@gmail.com,+12028100624,https://plumberindc.com/,Washington,DC
Millennium Plumbing,millenniumplumbing@yahoo.com,+14102658833,https://millenniumplumbingheating.com/,Baltimore,MD
JVS Plumbing,servicejvs123@gmail.com,+12092295487,https://jvsplumb.com/,Livermore,CA
A&N Plumbing and More LLC,anplumbingleads@gmail.com,+15092466976,http://anplumbingwenatchee.com/,Wenatchee,WA
The Toilet Whisperer,Elijah@catoiletwhisperer.com,+19167969576,https://www.catoiletwhisperer.com/,Davis,CA
Inception Plumbing,email@inceptionplumbing.com,+18164953425,http://inceptionplumbing.com/,Independence,MO
Mr. Rogers Neighborhood Plumbing,mrrogersplumber@gmail.com,+17602951319,https://mrrogersplumbing.com/,Oceanside,CA
Avid Plumbing LLC,info@avidplumbing.com,+16088025691,https://avidplumbing.com/,Madison,WI
Holman Plumbing,holmanplumbingservices@gmail.com,+17076910774,https://holmanplumbingca.com/,Santa Rosa,CA
Barci Plumbing & Heating,KevinBarci@gmail.com,+12674212638,https://barciplumbingandheating.com/,North Wales,PA
Home Run Plumbing,info@homerunplumbing.com,+15159691556,https://homerunplumbing.com/,De Soto,IA
On Point Plumbing,onpointplumbing1@yahoo.com,+15752632482,http://onpointplumbing-nm.com/,Hobbs,NM
Prescher Plumbing Service,PrescherPlumbing@gmail.com,+16782065033,https://www.prescherplumbing.com/,Lawrenceville,GA
JK Plumbing,contact@jkplumbingsf.com,+14153594588,https://jkplumbingsf.com/,Burlingame,CA
Jason The Plumber,jasondubois@jasontheplumber.net,+18704214292,http://jasontheplumber.net/,Flippin,AR
T & T Plumbing,tandtconstruction1@yahoo.com,+12056852673,https://tandtplumbingllc.com/,Alabaster,AL
CLt Plumbing and Rooter Inc,cltplumbingandrooter@gmail.com,+12136666008,http://cltplumbingandrooter.com/,Arleta,CA
Casco Plumbing And Well Pump Service,fixyerplumbing@gmail.com,+15407738076,https://cascoplumbingva.com/,Winchester,VA
V-Max Plumbing Bellflower,operations@vmaxplumbing.com,+13106143579,https://vmaxplumbing.com/,Bellflower,CA
Coy's Plumbing,coysplumbing@gmail.com,+15093962064,http://coysplumbingwa.com/,Prosser,WA
S.E. Tradesmen Plumbing and Gas,admin@setradesmen.net,+18507382023,https://setradesmen.net/,Pensacola,FL
Bullseye Home Services,info@callbullseye.com,+19412596767,https://callbullseye.com/,Osprey,FL
Vern's Plumbing,admin@vernsplumbing.com,+15405073689,https://vernsplumbing.com/,Bealeton,VA
Kings Plumbing LLC,office@callkingsplumbing.com,+17262009004,https://callkingsplumbing.com/,Boerne,TX
Kings Plumbing LLC,support@callkingsplumbing.com,+17262009004,https://callkingsplumbing.com/,Boerne,TX
504 Parish Plumbing LLC,joel@504parishplumbing.com,+15042729361,http://504parishplumbing.com/,Metairie,LA
John The Plumber,JohnthePlumber59@gmail.com,+17603737050,https://johntheplumberca.com/johntheplumberca.com/index.html,Tehachapi,CA
"Small Jobs Plumbing, Inc.",info@smalljobsplumbinginc.com,+17078280504,https://smalljobsplumbinginc.com/,Rohnert Park,CA
Moore Plumbing and Drains,moorepnd@gmail.com,+17608405360,https://www.mooreplumbinganddrains.com/,San Marcos,CA
"Iconic Plumbing Services, LLC",admin@iconicplumbingservices.com,+14804425644,https://iconicplumbingservices.com/,Mesa,AZ
Sean Fixes Johns Plumbing,seanfixesjohns@yahoo.com,+17572433013,https://seanfixesjohns.com/,Virginia Beach,VA
Chesapeake Bay Plumbing LLC,bj@chesapeakebayplumbing.com,+14432495616,https://chesapeakebayplumbing.com/,Stevensville,MD
Blue Collar Plumbing Inc.,bluecollarreedmoistner@gmail.com,+17654875862,https://www.bluecollarplumbinginc.com/,Hartford City,IN
"Evolved Plumbing and Mechanical, LLC",info@evolvedplumbing.com,+16143007384,http://evolvedplumbing.com/,Columbus,OH
Hydro Brothers Jetter & Drains,admin@hydrobrother.com,+16265335923,https://thehydrobrothers.com/,Claremont,CA
Beis Plumbing,office@beisplumbing.com,+13149164024,https://beisplumbing.com/,Valley Park,MO
Beavers Plumbing & Rooter,beaversplumbingservice@gmail.com,+19099490529,https://www.beaversplumbing.com/,Ontario,CA
BayBreeze Plumbing & Gas,rdw51358@yahoo.com,+17574487758,http://baybreezeplumbingandgas.com/,Virginia Beach,VA
AAM Plumbing Services LLC,aamplumbingservices@yahoo.com,+15203166732,https://www.maricopaplumbers.com/,Maricopa,AZ
Kud-Pro Plumbing & Drain Cleaning LLC,info@kudpro.com,+18608030381,https://kudpro.com/,Newington,CT
Definitive Mechanical,info@definitivemechanical.com,+13016795849,https://definitivemechanical.com/,Largo,MD
Mr. Plumber,mrplumbernyc@gmail.com,+13475655130,https://mrplumber.nyc/,Bronx,NY
"Ehrhardt Brothers Quality Plumbing, Inc.",office@columbiaplumber.net,+14109978414,https://columbiaplumber.com/,Columbia,MD
"McGinnis Plumbing Service, LLC",info@mcginnisplumbingservice.com,+17046924679,https://mcginnisplumbingservice.com/,Shelby,NC
"Tony & Son Plumbing, LLC",k2vi@cox.net,+17576756266,https://tonyandsonplumbingva.com/,Virginia Beach,VA
Otterwise Plumbing and Drain Cleaning,otterwiseplumbing@gmail.com,+18018376622,https://otterwiseservices.com/,American Fork,UT
J Rowe Plumbing,jroweplumbing@gmail.com,+19032354877,https://www.jrowe-plumbing.com/,Longview,TX
Red River Plumbing & Mechanical LLC,rrplumbingmechanical@gmail.com,+15016585198,https://redriverplumbingmechanical.com/,Searcy,AR
Mason's Plumbing,masonsplumbingok@gmail.com,+19183330349,https://www.masonsplumbingok.com/,Bartlesville,OK
"Full Force Plumbing | Emergency Plumber, Drain Cleaning, Tankless Water Heater Repair & Replacement in Forney, TX",fullforceplumbing@yahoo.com,+14692133632,https://fullforceplumbing.com/,Forney,TX
Leak Wranglers Plumbing,contact@leakwranglers.com,+18179362282,https://leakwranglers.com/,Haltom City,TX
Agape Plumbing Service,services@agapeplumbingservice.com,+16195136149,https://agapeplumbingservice.com/,Chula Vista,CA
ASAP Plumbing and Drain LLC,contact@asapplumbingdrain.com,+14045974179,https://asapplumbingdrain.com/,Cumming,GA
HorVer Gas Piping & Repair,service@horverllc.com,+17085523852,https://www.horverllc.com/,Chicago,IL
A-Atlantic Plumbing & Drain Service INC. Drain Cleaning Service's Pipe Bursting Emergency,info@a-atlantic.com,+17035603366,http://4-plumber.com/,Annandale,VA
The Plumber Guys,info@theplumberguys.net,+14106987863,https://www.theplumberguys.net/,Aberdeen,MD
"Jordan Plumbing Company, LLC",jordanplumbingTN@yahoo.com,+17316990536,https://jordanplumbingtn.com/,Martin,TN
"Hardy Plumbing | Emergency Plumber, Drain Cleaning, Pipe Repair, Tankless Water Heater Repair and Replacement in Towson MD",info@callhardyplumbing.com,+14437072969,https://callhardyplumbing.com/,Towson,MD
"Alpine Plumbing, Drains & Sewer | Salt Lake City Plumber",info@alpine-plumbing.com,+18019288961,https://www.alpine-plumbing.com/,Salt Lake City,UT
Plumbtastic Solutions LLC,info@plumbtasticsolutions.com,+14056059525,https://www.plumbtasticsolutions.com/,Edmond,OK
Wood's Plumbing Enterprises LLC,info@woodsplumbing.com,+15203294893,https://woodsplumbing.com/,Marana,AZ
Pro-Tech Home Solutions,contact@goprotechsolutions.com,+15133418947,https://www.goprotechsolutions.com/,Cincinnati,OH
"Pete's Plumbing and Heating, Inc.",Melanie@petesplumbingnola.com,+15042885867,https://www.petesmasterplumbing.com/,New Orleans,LA
James Armstrong Plumbing,jamesarmstrongplumbing@gmail.com,+12149186109,https://www.jamesarmstrongplumbing.com/,Mesquite,TX
Mac's Plumbing Repair,macsplumbingrepair@gmail.com,+13373848852,https://macsplumbingrepair.com/,Rayne,LA
"Simple Service Plumbing, Heating & Air",support@simpleserviceplumbing.com,+12103460288,https://callsimpleservice.com/,San Antonio,TX
Sheehan Connection LLC,info@sheehanconnection.com,+18566274495,https://sheehanconnection.com/,Atco,NJ
Diamond Plumbing,contact@diamondplumbingok.com,+15803327668,https://www.diamondplumbingok.com/,Ada,OK
MyGuy Plumbing & Drain,contact@myguyplumbingnj.com,+17324923968,https://www.myguyplumbingnj.com/,Wall Township,NJ
Kerwin Plumbing & Heating,info@kerwinplumbing.com,+13034663581,https://kerwinplumbing.com/,Broomfield,CO
Holloway Plumbing,service@hollowayplumbing.net,+18775984544,https://www.hollowayplumbing.net/,Kerrville,TX
Precision Plumbing Solutions LLC,support@ppsokc.com,+14052304000,https://ppsokc.com/,Edmond,OK
"HAPPY PLUMBING, INC",info@happyplumbing.com,+16196030269,https://happyplumbing.com/,Santee,CA
Plumbing 360,plumbing360@gmail.com,+15208892900,http://plumbingtucson.com/,Tucson,AZ
Pierson Plumbing Sewer & Drain L.L.C,pierson_plumbing@yahoo.com,+13146918066,https://www.piersonplumbingstl.com/,St Charles,MO
Flow-Rite Plumbing & Drain Service,customerservice@flowritenc.com,+19104664419,https://flowriteplumbinganddrain.com/,Fayetteville,NC
M.D. Plumbing & Mechanical,info@mdplumbingco.com,+17047701823,https://mdplumbingco.com/,Matthews,NC
R&R PLUMBING -N- MINUTES,pipedoc49@gmail.com,+19094193978,https://rrplumbing-perris.com/,Adelanto,CA
Primo Plumbing,primoplumber@gmail.com,+15098228299,https://www.primoplumbinganddrain.com/,Spokane,WA
"Affordable Plumbing Solutions, Inc",contact@affordyourplumbing.com,+14783656958,https://affordyourplumbing.com/,Perry,GA
Plumbing Masters,info@myplumberaz.com,+16026710583,https://plumbingmastersaz.com/,Peoria,AZ
MAX Plumbing,service@maxplumbing-nc.com,+13368148844,https://maxplumbing-nc.com/,Clemmons,NC
Precision Plumbing & Gas,precisionplumbingngas@gmail.com,+15715527392,https://www.precisionpg.com/,Woodbridge,VA
King Rooter & Hydrojet INC.,kingrooter626@gmail.com,+16266893031,https://kingrooterhydrojet.com/,Pasadena,CA
"Golden Rule Plumbing & Contracting, LLC",tlasco@goldenruleph.com,+16107013371,https://www.goldenruleph.com/,West Chester,PA
Bueno Plumbing and Rooter,kbuenoplumbing@gmail.com,+14084402728,https://buenoplumbing.com/,San Jose,CA
Emergency Plumbing service,office@emergencyplumbing.biz,+12247541984,https://emergencyplumbing.biz/,Highland Park,IL
V-Max Plumbing,operations@vmaxplumbing.com,+13106143579,https://vmaxplumbing.com/,Seal Beach,CA
S & B Plumbing,sbputah@gmail.com,+18015284999,https://www.sbplumbingutah.com/,Millcreek,UT
Rooter Champion Sewer & Drain Experts,ROOTERCHAMPIONTECH@gmail.com,+17143059263,https://rooterchampion.net/,La Habra,CA
Ford's Plumbing and Heating,service@fordsplumbing.com,+13108151515,https://www.fordsplumbingandheating.com/,Culver City,CA
Plumb Rite Plumbing,plumbingbyplumbrite@gmail.com,+19099452887,https://www.plumbriteplumbing.com/,Huntington Beach,CA
Dinosaur Plumbing,dinosaurplumbing@gmail.com,+15209557700,https://dinosaurplumbing.com/,Tucson,AZ
CITY PLUMBER,info@sandiegocityplumber.com,+18582307154,https://www.sandiegocityplumber.com/,San Diego,CA
Plumb Rite Plumbing,plumbingbyplumbrite@gmail.com,+19099452887,https://www.plumbriteplumbing.com/,Rancho Cucamonga,CA
MyGuy Plumbing & Drain,contact@myguyplumbingnj.com,+17324923968,https://www.myguyplumbingnj.com/,Toms River,NJ
LaCassa Plumbing INC,info@lacassaplumbing.com,+16308802126,https://lacassaplumbing.com/,Westmont,IL