business_name,email,phone,website,city,state
"Andres Marin Pereira - REALTOR - KW Realty, Inc",andresmarin@kw.com,+17862604900,https://andresmarin.kw.com/,Miami,FL
Castle Gate Real Estate Group,crystal@castlegategroup.com,+17045339387,https://castlegategroup.com/,Cornelius,NC
"Tarapani Banther & Associates, LLC. TBAbrokerage",office@tbabrokerage.com,+17272010085,https://tarapanibanther.com/,Tarpon Springs,FL
One Alliance Companies,info@onealliancecompanies.com,+17047654620,https://onealliancecompanies.com/,Charlotte,NC
EJG Property Management LLC,ejg@ejgpropertymanagement.com,+16034322345,https://ejgpropertymanagement.com/,Derry,NH
Round Room Property Management & Real Estate,info@roundroomboston.com,+16174878082,https://roundroomboston.com/,Brookline,MA
McCormack Realty & Renters Choice Homes,info@renterschoicehomes.com,+14079332367,http://renterschoicehomes.com/,Kissimmee,FL
Dream Big Realty Group | Real Estate and Property Management Las Vegas,sales@dreambigrealtygroup.com,+17025385868,https://dreambigrealtygroup.com/,Las Vegas,NV
Dream Big Realty Group | Real Estate and Property Management Las Vegas,info@dreambigrealtygroup.com,+17025385868,https://dreambigrealtygroup.com/,Las Vegas,NV
COMANDIS Residential Sales & Property Management,info@comandis.com,+17734537515,https://comandis.com/,Chicago,IL
RZ Realty,sales@rzrealty.com,+16144867070,https://www.rzrealty.com/,Columbus,OH
RZ Realty,info@rzrealty.com,+16144867070,https://www.rzrealty.com/,Columbus,OH
Valley Executives Real Estate & Property Management LLC,info@vepmaz.com,+14807564281,http://vepmaz.com/,Mesa,AZ
REdefine Property Management,info@redefinepropertymanagement.com,+18042562446,http://redefinepropertymgmt.com/,Richmond,VA
Property Management - Alborz Real Estate Company,tim.ghaemi@alborzrealestate.com,+13033327344,https://www.propertymanagerdenver.com/,Greenwood Village,CO
PMI Palm Beaches,info@propertymanagementinc.com,+18014071301,https://www.propertymanagementinc.com/,Jupiter,FL
A to B Property Management - San Jose Property Management Company,info@atobpropertymanagement.com,+18005072862,https://atobpropertymanagement.com/,San Jose,CA
Shamrock Property Management,sean@shamrockpropertymanagement.net,+13012024302,https://shamrockpropertymanagement.net/,Frederick,MD
Shamrock Property Management,ian@shamrockpropertymanagement.net,+13012024302,https://shamrockpropertymanagement.net/,Frederick,MD
SPiRALNY NYC 100% Commission Brokerage,info@spiralny.com,+12123810596,https://spiralny.com/,New York,NY
Asterra,info@asterra.com,+18889339930,https://asterra.com/,Austin,TX
A+ Property Management,info@apluspropertymgmt.net,+18657709201,https://apluspropertymgmt.net/,Vonore,TN
S&S Property Management,info@sspropmgmt.com,+16182331222,https://www.sspropmgmt.com/,Mascoutah,IL
LAMB Property Management in Houston,awatkins@lambpm.com,+12819145709,https://www.lambpm.com/,Houston,TX
"Vero Beach Rent, LLC Real Estate and Property Management Company",Rent@verobeachrent.com,+17722281414,https://www.verobeachrent.com/,Vero Beach,FL
"CORE Commercial Properties, Inc.",info@corecommercialproperties.com,+12063813800,http://corecommercialproperties.com/,Seattle,WA
ProSolutions Property Management and Real Estate,slslemons@gmail.com,+12817465088,https://prosolpm.com/,Spring,TX
First Capitol Real Estate,info@firstcapitolrealestate.com,+17172160991,https://www.firstcapitolrealestate.com/,Manchester,PA
Home Basics Real Estate,office@homebasicsrealestate.com,+18018027253,https://www.homebasicspm.com/,Orem,UT
Joiner & Associates Realtors Inc,Christopher@gojoiner.com,+17065497371,https://www.gojoiner.com/,Athens,GA
Joiner & Associates Realtors Inc,Gonzalo@gojoiner.com,+17065497371,https://www.gojoiner.com/,Athens,GA
Joiner & Associates Realtors Inc,Franco@gojoiner.com,+17065497371,https://www.gojoiner.com/,Athens,GA
Joiner & Associates Realtors Inc,Leasing@gojoiner.com,+17065497371,https://www.gojoiner.com/,Athens,GA
Joiner & Associates Realtors Inc,Ap@gojoiner.com,+17065497371,https://www.gojoiner.com/,Athens,GA
Joiner & Associates Realtors Inc,Lexi@gojoiner.com,+17065497371,https://www.gojoiner.com/,Athens,GA
Joiner & Associates Realtors Inc,Tip@gojoiner.com,+17065497371,https://www.gojoiner.com/,Athens,GA
Joiner & Associates Realtors Inc,Keith@gojoiner.com,+17065497371,https://www.gojoiner.com/,Athens,GA
Joiner & Associates Realtors Inc,Grant@gojoiner.com,+17065497371,https://www.gojoiner.com/,Athens,GA
Joiner & Associates Realtors Inc,amelia@gojoiner.com,+17065497371,https://www.gojoiner.com/,Athens,GA
PadMatch Realty,info@padmatchre.com,+16175055977,https://padmatchre.com/,Boston,MA
Town and Country Property Management,info@tcpropertyservices.net,+18304913025,https://tcpropertyservices.net/,Marble Falls,TX
"American Stages Realty & Management, INC",luis@americanstages.com,+18058190911,http://americanstages.com/,Lompoc,CA
"American Stages Realty & Management, INC",leasing@americanstages.com,+18058190911,http://americanstages.com/,Lompoc,CA
Archer Crown Property Management,info@archercrownco.com,+18634380033,https://www.acresidential.com/,Winter Haven,FL
Azari Property Management,manzar@azaripm.com,+19252396131,https://azaripm.com/,San Francisco,CA
"Property Services Group, Inc.",info@psgcondos.com,+13178379860,https://www.psgcondos.com/,Plainfield,IN
James E. Hanson Management Company,info@hansonmgt.com,+12014885848,https://www.hansonmgt.com/,Hackensack,NJ
James E. Hanson Management Company,office@hansonmgt.com,+12014885848,https://www.hansonmgt.com/,Hackensack,NJ
Plaza 53,info@oxfordrealtygroup.com,+17327452263,http://oxfordrealtygroup.com/,North Bergen,NJ
"Property Alliance, Inc.",info@propalliance.com,+17205800466,https://propalliance.com/,Park City,UT
Lotus West Property Management,info@lotusproperties.com,+13234872650,https://lotusproperties.com/,Los Angeles,CA
"Property Alliance, LLC",info@propalliance.com,+17205800466,https://propalliance.com/,Denver,CO
Advanced Solutions Property Management,rentals@reddingaspm.com,+15302464543,https://www.reddingaspm.com/,Redding,CA
Executive Management Inc.,info@emi-mgmt.com,+16082425566,https://emi-mgmt.com/,Madison,WI
Millville Industrial Plaza,jankosandco@gmail.com,+18482857268,https://www.jankosandco.com/,Millville,NJ
David Basher - Pinecrest Real Estate Management,david@pinecrestmanagement.com,+14075366636,http://pinecrestmanagement.com/,Winter Park,FL
Parker-Holsman Co.,contact@parkerholsman.com,+17734932525,https://parkerholsman.com/,Chicago,IL
Liton Properties by Keller William Realty,josh@litonproperties.com,+17038504619,https://www.litonproperties.com/,Alexandria,VA
Loose Leaf Properties,Management@looseleafproperties.com,+18315959066,http://looseleafproperties.com/,Fremont,CA
Loose Leaf Properties,Leasing@looseleafproperties.com,+18315959066,http://looseleafproperties.com/,Fremont,CA
Loose Leaf Properties,JoseAlbornoz@looseleafproperties.com,+18315959066,http://looseleafproperties.com/,Fremont,CA
"Painted Desert Realty, LLC Real Estate Agency",kperry4golf@aol.com,+17026553435,https://www.painteddesertrealty.com/,Las Vegas,NV
"Painted Desert Realty, LLC Real Estate Agency",lee@painteddesertrealty.com,+17026553435,https://www.painteddesertrealty.com/,Las Vegas,NV
Bell Properties,info@bellpropertymgmt.com,+18003413281,https://www.bellprop.com/,Arcadia,CA
Atlis Property Management,info@atlispm.com,+15615106772,https://atlispm.com/,Jupiter,FL
Home Concepts International Realty - Immobilier / Real Estate,info@homeconceptsinternationalrealty.com,+13057266336,https://homeconceptsinternationalrealty.com/,Miami Beach,FL
RFD Property Management Services LLC,office@rfdrents.com,+15414762464,https://rfdrents.com/,Grants Pass,OR
Affordable Rental Arrangements,info@ararrangements.com,+18024484272,https://www.ararrangements.com/,Laurel,MD
VRM Mortgage Services,marketing@vrmco.com,+18558438334,https://www.vrmco.com/,Carrollton,TX
VRM Mortgage Services,training@vrmco.com,+18558438334,https://www.vrmco.com/,Carrollton,TX
VRM Mortgage Services,info@vrmco.com,+18558438334,https://www.vrmco.com/,Carrollton,TX
VRM Mortgage Services,vendors@vrmco.com,+18558438334,https://www.vrmco.com/,Carrollton,TX
Proper Management,info@managedproper.com,+18886766552,http://managedproper.com/,Newport Beach,CA
Pride Street Realty,info@pridestreetrealty.com,+17132015257,https://www.pridestreetrealty.com/,Katy,TX
LZ Realty & Management LLC,office@lzrealtyfl.com,+17862707962,https://www.lzrealtyfl.com/,Davie,FL
Marin Realty & Prop. Mgmt. Group @ KW Heritage,jmarin@kw.com,+12104933030,https://marinrealty.kw.com/,San Antonio,TX
Marbella Properties,christina@marbellapm.com,+14156522348,https://marbellapm.com/,Palo Alto,CA
Marbella Properties,dion@marbellapm.com,+14156522348,https://marbellapm.com/,Palo Alto,CA
Marbella Properties,rachel@omniproperties-re.com,+14156522348,https://marbellapm.com/,Palo Alto,CA
Windermere Commercial/ERES,michelsen@windermere.com,+12067805007,http://windermerecommercial-eres.com/,Bainbridge Island,WA
Windermere Commercial/ERES,mstockman@windermere.com,+12067805007,http://windermerecommercial-eres.com/,Bainbridge Island,WA
Windermere Commercial/ERES,torid@windermere.com,+12067805007,http://windermerecommercial-eres.com/,Bainbridge Island,WA
Windermere Commercial/ERES,danielsn@windermere.com,+12067805007,http://windermerecommercial-eres.com/,Bainbridge Island,WA
Windermere Commercial/ERES,kelly@muldrow.net,+12067805007,http://windermerecommercial-eres.com/,Bainbridge Island,WA
ORION PROPERTY MANAGEMENT LLC,OrionPropertyMgmt@outlook.com,+14435663382,http://orionpropertymgmt.com/,Elkton,MD
ORION PROPERTY MANAGEMENT LLC,orionpropertymgmt@outlook.com,+14435663382,http://orionpropertymgmt.com/,Elkton,MD
McNeff Commercial Real Estate,info@mcneff.com,+19724374777,https://mcneff.com/,Richardson,TX
Lohn/Paulno Property Management,jay@tc-investments.com,+17634589542,https://www.tc-investments.com/,Champlin,MN
"C² Realty Group & Management, LLC",manager@c2realty-mtg.com,+18282283438,https://c2realty-mtg.com/,Lenoir,NC
z'Up North Realty,info@zupnorthrealty.com,+12182298888,http://zupnorth.com/,Babbitt,MN
Team Yazbeck,robert@teamyazbeck.com,+19708467686,https://teamyazbeck.com/,Steamboat Springs,CO
Doherty Real Estate Group - eXp Realty of California,Devin@dohertyrealestategroup.com,+19496294400,https://dohertyrealestategroup.com/,Mission Viejo,CA
"GC Realty & Development, LLC ®",contactus@gcrealtyinc.com,+12242081400,https://www.gcrealtyinc.com/,Roselle,IL
Peterson Bros Realty,hello@petersonbrosrealty.com,+14023978700,http://petersonbrosrealty.com/,Omaha,NE
Landmark Property Management,Office@landmarkrgc.com,+13123138553,http://chicagospropertymanagement.com/,Chicago,IL
Landmark Property Management,Admin@landmarkrgc.com,+13123138553,http://chicagospropertymanagement.com/,Chicago,IL
PMI Realty Management NW,info@pmirealtymgnw.com,+14064261916,https://www.kalispellpropertymanagementinc.com/,Kalispell,MT
"Managed BY Equinox, Inc",ManagedbyEquinox@gmail.com,+16108822000,https://managedbyequinox.com/,Bethlehem,PA
TierOne Real Estate and Property Management,Admin@tieronere.com,+13859933751,https://www.tieronerents.com/,Salt Lake City,UT
Stone Property Management,office@stoneprop.com,+18642714442,https://www.stoneprop.com/,Greenville,SC
Elite Class Property Management & Real Estate Company | Multifamily Apartment Leasing,Broker@localpmc.com,+12019524665,https://www.localpropertymanagementcompany.com/,Palm Bay,FL
All County® Premier Property Management,contact@allcountypremier.com,+14076015493,https://www.allcountyprop.com/locations/florida/doctor-phillips/,Orlando,FL
Robinson Realty & Management,michael@rarealty.net,+17024357355,https://www.robinsonpropertymanagement.net/,Las Vegas,NV
Re/Max Unlimited Property Management & Sales,ushaikh@remax-unlimited.net,+16095182277,https://southjerseypropertymanagement.com/,Rancocas,NJ
New Age Property Management,info@newagere.com,+17202552162,https://www.newagere.com/,Boulder,CO
Asset Realty Management,marie@armtn.com,+18652470027,https://www.knoxvilleproperty.management/,Knoxville,TN
Asset Realty Management,Mike@armtn.com,+18652470027,https://www.knoxvilleproperty.management/,Knoxville,TN
Asset Realty Management,contacts@armtn.com,+18652470027,https://www.knoxvilleproperty.management/,Knoxville,TN
Asset Realty Management,eric@armtn.com,+18652470027,https://www.knoxvilleproperty.management/,Knoxville,TN
Asset Realty Management,mikeyarbrough@armtn.com,+18652470027,https://www.knoxvilleproperty.management/,Knoxville,TN
Central Management Realty,rentmesb@gmail.com,+15743145112,https://michianare.com/,South Bend,IN
BlakeHill Real Estate - Alex Blake & Max Hill (DRE 02189362),max@blakehillteam.com,+17075920225,https://www.blakehillteam.com/,Sacramento,CA
BlakeHill Real Estate - Alex Blake & Max Hill (DRE 02189362),alex@blakehillteam.com,+17075920225,https://www.blakehillteam.com/,Sacramento,CA
Winsor Brook Property Advisors,info@winsorbrook.com,+16037507501,https://www.winsorbrook.com/,Dover,NH
Awni and Chantell Abbas,info@buyandrentaz.com,+14807884118,https://www.cenphxliving.com/,Phoenix,AZ
Amber Jordan - Mac's Pro Real Estate,amber@macsprorealestate.com,+15203369565,https://macsprorealestate.com/,Tucson,AZ
Stella Kalogirou • Let’s Talk Real Estate NJ • Coldwell Banker,stella.kalogirou@coldwellbankermoves.com,+12013275050,http://letstalkrealestatenj.com/,Allendale,NJ
Home Property Management,broker@624home.com,+15616244663,https://www.homepropertymanagement.com/,West Palm Beach,FL
Blackwell Nelson Companies Real Estate,info@blackwellnelson.com,+12056370281,https://bncteam.io/,Birmingham,AL
IBERO PROPERTY MANAGEMENT & REAL ESTATE SERVICES,info@iberopropertymgmt.com,+15614200640,https://iberopropertymgmt.com/,West Palm Beach,FL
"The Hills Property Management Group, REALTOR",eric@thehillspmgroup.com,+18309977564,http://fbgrentals.com/,Fredericksburg,TX
High-End Realty LLC,manager@highendrealtyflorida.com,+14078009233,https://highendrealtyflorida.com/,Gotha,FL
"Cool Realty, LLC",d.cool@coolrealtyllc.com,+19046028005,https://propertymanagerjacksonville.com/,Orange Park,FL
Martin Investment Properties,info@miprops.com,+19497094420,https://miprops.com/,Mission Viejo,CA
The Mor Group Real Estate and Property Management,cassie@themorgroup.com,+17025011085,http://themorgroup.com/,Henderson,NV
Bird Dog Real Estate Group,M.Michelle@birddogrealestategroup.com,+19049034637,https://www.seeknsellflhomes.com/,Jacksonville,FL
"Renshaw Company, REALTORS",info@renshawcompany.com,+19018204367,https://www.renshawcompany.com/,Memphis,TN
"Southern Realty & Property Management, LLC",info@southernrealtypm.com,+13342397200,https://www.southernrealtypm.com/,Montgomery,AL
"Crich Realty, LLC",acrichrealty@gmail.com,+17242340452,https://crich-realty.com/,Wilkes-Barre,PA
RowCal,info@rowcal.com,+15125804212,https://www.rowcal.com/,Malvern,PA
RowCal,careteam@rowcal.com,+15125804212,https://www.rowcal.com/,Malvern,PA
Morgan Property Management,info@morganpm.com,+19042120285,https://www.morganpm.com/,Jacksonville Beach,FL
IDEAL PROPERTY INVESTMENTS,kelli@idealpropertiesmn.com,+16124773355,https://idealpropertiesmn.com/,Minneapolis,MN
Superior Property Group,office@superiorpropertygroup.org,+18333878737,https://www.superiorpropertygroup.org/,Madison,WI
Preservation Properties,info@preservationproperties.com,+16175272050,https://www.preservationproperties.com/,Newton,MA
Allegiant Management Group,support@amgrents.com,+14075573164,http://amgrents.com/,Kissimmee,FL
Real Estatement NY,info@realestatementny.com,+17184731238,http://realestatementny.com/,Brooklyn,NY
Evernest Property Management Tampa,support@evernest.co,+16787106110,https://www.evernest.co/,Tampa,FL
Bay Area Property Management of Tampa,info@bayareapropertymanagement.com,+18138864433,https://bayareapropertymanagement.com/,Tampa,FL
"DeANNA Fulco, REALTOR",deannafulco1@gmail.com,+12319479800,http://ibuyandsellmichigan.com/,Traverse City,MI
Balanced Property Solutions,info@balancedprop.com,+15137319472,https://balancedprop.com/,Cincinnati,OH
PhillyLiving Management Group,info2@phillyliving.com,+12157636300,https://www.phillyliving.com/,Philadelphia,PA
PhillyLiving Management Group,management@phillyliving.com,+12157636300,https://www.phillyliving.com/,Philadelphia,PA
PhillyLiving Management Group,info@phillyliving.com,+12157636300,https://www.phillyliving.com/,Philadelphia,PA
Beal Properties,info@bealproperties.com,+17738620100,https://www.bealproperties.com/,Chicago,IL
DHC Property Management,info@dhcpropertymanagement.com,+16788881219,https://dhcpropertymanagement.com/,Atlanta,GA
Premier Property Management Investment LLC,office@ppmillc.com,+14105221079,https://ppmillc.com/,Baltimore,MD
The Renken Company,TRC@renkenco.com,+19094821060,http://renkenco.com/,Claremont,CA
PACE Property Management,admin@pacemgmt.com,+13194818848,https://www.pacemgmt.com/,Iowa City,IA
Eighty-Six West Asset Management,info@86-west.com,+12693869378,https://www.86-west.com/,Holland,MI
Kouri Management - Council Bluffs,mainoffice@kourimanagement.com,+15153696000,https://www.kourimanagement.com/,Council Bluffs,IA
The Premier Concierge - Home Watch & Home Management,info@thepremierconcierge.com,+17046591143,https://www.thepremierconcierge.com/,Cornelius,NC
"Sundance of Florida C.F., Inc.",info@sundanceflorida.com,+14073485678,http://sundanceflorida.com/,Kissimmee,FL
TGA Management & Investment,leasing@tgamanagement.com,+13109534770,https://www.tgamanagement.com/,Los Angeles,CA
Cutler Management Corp,cheryl@cutlermanagement.com,+15087921111,https://cutlermanagement.com/,Worcester,MA
MCP Unlimited LLC,info@mcprent.com,+14132853627,https://mcprent.com/,Ludlow,MA
Bay State Property Management,office@baystatepm.com,+16172295066,https://baystatepm.com/,Quincy,MA
Bay State Property Management,sbarrett@baystatepm.com,+16172295066,https://baystatepm.com/,Quincy,MA
Bay State Property Management,ktrainor@baystatepm.com,+16172295066,https://baystatepm.com/,Quincy,MA
Bay State Property Management,jwhitney@baystatepm.com,+16172295066,https://baystatepm.com/,Quincy,MA
Sparrow Solutions,info@sparrowseveryday.com,+13033211230,https://sparroweveryday.com/,Denver,CO
Buffalo Property Management,Buffalomanagement@outlook.com,+12082423995,https://buffalomanagementllc.com/,Rexburg,ID
Glaser Property Management,info@glaserpm.com,+13109059479,https://glaserpropertymanagementinc.com/,Los Angeles,CA
"Huntsville Property Managers, LLC",info@myhsvpm.com,+12566672300,https://huntsvillepropertymanagers.com/,Huntsville,AL
"Huntsville Property Managers, LLC",kym@myhsvpm.com,+12566672300,https://huntsvillepropertymanagers.com/,Huntsville,AL
"Huntsville Property Managers, LLC",darinbashaw@gmail.com,+12566672300,https://huntsvillepropertymanagers.com/,Huntsville,AL
Kouri Management - Des Moines,mainoffice@kourimanagement.com,+15153696000,https://www.kourimanagement.com/,Des Moines,IA
McGrath Management LLC,bmcgrath@mcgrathrealtyinc.com,+18452416222,https://mcgrathmanagementllc.com/,Pawling,NY
McGrath Management LLC,rmcgrath@mcgrathny.com,+18452416222,https://mcgrathmanagementllc.com/,Pawling,NY
"Berry Pointe Luxury Apartments | Apartments For Rent In Tomah, WI",patriotpropertiesleasing@gmail.com,+16088496500,https://www.patriotpropertieswisconsin.com/,Tomah,WI
Fresno Management Company,info@fresnopmc.net,+15594389411,https://www.fresnomanagementcompany.com/,Fresno,CA
Keyrenter Property Management Metro,info@keyrentermetro.com,+13018183000,https://www.keyrentermetro.com/,Largo,MD
Wellington Maintenance,info@wellingtonmaintenanceservices.com,+15612492674,http://wellingtonmaintenance.com/,Wellington,FL
Jeffries Property Management,jeffriespm@gmail.com,+18168421100,https://jeffriespm.managebuilding.com/Resident/public/home,Liberty,MO
Daugherty Management,stay@staysandpoint.com,+12082631212,https://www.staysandpoint.com/,Sandpoint,ID
Charleston Property Company,info@charlestonpc.com,+18437376034,https://www.charlestonpc.com/,Charleston,SC
CAG Property Management,cs@cagpropertymanagement.com,+12674490053,https://www.cagpropertymanagement.com/,Philadelphia,PA
Shoreline Property Management - Property Manager - Residential/Commercial/Multi-family,leasing@shorelineidaho.biz,+12089854393,https://www.shorelineidaho.com/,Eagle,ID
Boyer Partners Property Management,info@boyerpartnersllc.com,+16314647614,https://boyerpartnersllc.com/,Brooklyn,NY
Torrington Properties,info@torprops.com,+16038685400,https://www.torprops.com/,Boston,MA
Mercantile Property Management Corporation,mpm@mercantileproperty.com,+15087595555,https://mercantileproperty.com/,Bourne,MA
Urban Coast Properties,info@urbancoastproperties.com,+16197976733,https://www.urbancoastproperties.com/,San Diego,CA
Frontier Property Management,frontiersupport@314rent.com,+13149327004,https://www.frontierpropertymgmt.com/,Brentwood,MO
Coastal Property Management - Stuart & Port St. Lucie,info@cpmfl.com,+15617818030,https://www.cpmfl.com/,Stuart,FL
IVEY PUNCH - Project Punch solutions,inquiry@iveypunch.com,+13058506858,https://iveypunch.com/,Aventura,FL
APM Property Management,info@apmlease.com,+18332767368,https://www.apmlease.com/,La Mirada,CA
Commercial Properties Management,info@cpm207.com,+12077741885,http://cpm207.com/,Falmouth,ME
National Field Representatives,info@nfronline.com,+16035431000,https://nfronline.com/,Claremont,NH
HomeWave - Property Management & Home Watch,info@gethomewave.com,+19783820256,https://www.gethomewave.com/,Cape Coral,FL
TSG Property Management,info@tsgpropertymanagement.com,+13474546264,http://tsgpropertymgmt.com/,New York,NY
Casa Property Management,info@lincolncasa.com,+14024995511,https://www.lincolncasa.com/,Lincoln,NE
LOCAL Real Estate Co.,sales@localreco.com,+15612105485,https://www.localreco.com/,Boca Raton,FL
Montameda Rental Properties,montameda@gmail.com,+14062720362,https://milescitymtrentals.com/,Miles City,MT
Charles Burt Realtors,info@charlesburt.com,+14174552878,https://charlesburt.com/,Joplin,MO
Emerald Coast Beach Homes,jessica@ecbeachhomes.com,+18504241148,https://www.ecbeachhomes.com/,Miramar Beach,FL
Van Vlissingen and Co - Commercial Real Estate Agents & Property Management,info@vvco.com,+18476342300,https://www.vvco.com/,Lincolnshire,IL
PGM Real Estate and Property Management,info@pgmrealestate.com,+16103440600,http://pgmassociates.com/,West Chester,PA
A-Line Realty Management LLC,info@alinerealty.com,+12676258707,https://alinerealty.com/,Philadelphia,PA
Shorebird Properties Tampa Real Estate,ShorebirdRealty@outlook.com,+18133100959,https://shorebirdproperties.com/,Tampa,FL
Quality Property Management,rentqpm@outlook.com,+12076050321,https://www.rentqpm.com/,Hermon,ME
Terry & Terry Co. Property Management + Real Estate Services,info@terryrealtyteam.com,+17863258335,http://terryterry.co/,Miami,FL
PRISM Commercial Real Estate,alan.beyke@prismne.com,+14024364663,https://www.prismne.com/,Lincoln,NE
"The Jander Group, Inc.",Accounting@jandergroup.com,+14076282500,https://www.jandergroup.com/,Winter Park,FL
"The Jander Group, Inc.",Leasing@jandergroup.com,+14076282500,https://www.jandergroup.com/,Winter Park,FL
"The Jander Group, Inc.",Maintenance@jandergroup.com,+14076282500,https://www.jandergroup.com/,Winter Park,FL
High Desert Hosting,highdesertpropmgmt@gmail.com,+14808770180,https://highdesertpropertymanagement.com/,Cottonwood,AZ
GRK Property Management LLC,info@grkproperties.com,+15713546941,https://grkproperties.com/,Fairfax,VA
BARRIOS REALTY CONSULTANTS,JessicaBrealtor@yahoo.com,+12093037971,https://barriosrealtyconsultants.com/,Modesto,CA
PMI Wiregrass,will@pmiwiregrass.com,+13345459045,https://www.dothanpropertymanagementinc.com/,Ozark,AL
"David Israel, REALTOR – Coldwell Banker Vanguard Realty",davidisrael@cbvfl.com,+19047084616,https://buyandsellwithdavidisrael.com/,Jacksonville,FL
Gilbert Group Real Estate & Property Management,Meghan@gilbertgroup-llc.com,+12074801612,https://gilbertgroup-llc.com/,Augusta,ME
Gilbert Group Real Estate & Property Management,info@gilbertgroup-llc.com,+12074801612,https://gilbertgroup-llc.com/,Augusta,ME
Gilbert Group Real Estate & Property Management,Realtors@gilbertgroup-llc.com,+12074801612,https://gilbertgroup-llc.com/,Augusta,ME
Pursuit Real Estate,contact@pursuitrealestate.com,+19044486771,https://pursuitrealestate.com/,Jacksonville,FL
"Debi Durzi, Real Estate Broker, Certified Probate and Trust Realtor",debidurzi@gmail.com,+18184702304,https://thevalleyrealtors.com/,Chatsworth,CA
The Matthews Group at Berkshire Hathaway Lifestyle Properties,info@bhhslifestyle.com,+19493087168,https://www.bhhslifestyle.com/,Dana Point,CA
Omni Real Estate,christinavillegashomes@gmail.com,+15102097887,http://omniproperties-re.com/,San Francisco,CA
Omni Real Estate,rachel@omniproperties-re.com,+15102097887,http://omniproperties-re.com/,San Francisco,CA
Omni Real Estate,dion@omniproperties-re.com,+15102097887,http://omniproperties-re.com/,San Francisco,CA
ERA New Age Real Estate and Property Management,info@newagere.com,+17202552162,https://www.newagere.com/,Centennial,CO
RNB Property Management,info@rnbpropertmanagement.com,+19162022200,https://www.rnbrentals.com/,Rocklin,CA
HCM Property Management,info@hcmpm.com,+15622641099,https://hcmpm.com/,Irvine,CA
KRS Property Management,support@propertymanagerwebsites.com,+19197458997,https://www.raleighproperty.management/,Raleigh,NC
ESCAPE AZ Home Watch and Services,Hi@escapeazpm.com,+14805679755,https://escapeazpm.com/,Cave Creek,AZ
"Cardinal Management Group, LLC.",Cardinal@cmgflorida.com,+17035911818,https://www.cardinalmanagementgroup.com/,Naples,FL
"Cardinal Management Group, LLC.",Cardinal@cardinalmanagementgroup.com,+17035911818,https://www.cardinalmanagementgroup.com/,Naples,FL
"Johnson Property Management, LLC",info@jpmidaho.com,+12088841726,https://jpmidaho.com/,Meridian,ID
BZH Properties Inc.,office@bzhproperties.com,+13235105920,https://bzhproperties.com/,Los Angeles,CA
GM Property Solutions Inc. - York,support@gmpsllc.com,+17174926656,http://gmpsllc.com/,York,PA
"Terra Residential Services, Inc. CRMC®",info@terraresidential.com,+17138959966,https://www.terraresidential.com/,Houston,TX
R D Hinkley & Associates Inc,staff@rdhinkley.com,+14024661686,http://rdhinkley.com/,Lincoln,NE
Grow Properties Management & Investments,contact@growproperties.com,+19164524679,http://growproperties.com/,Sacramento,CA
Smythe and Associates Realty,info@smytheandassociatesrealty.com,+18136050649,https://smytheandassociatesrealty.com/,Lutz,FL
"NashDom Realty, LLC",info@nashdomrealty.com,+18885201707,https://nashdomrealty.com/,Erie,PA
Moss Real Estate,support@mossrealestategroup.com,+12516629192,https://www.mossrealestategroup.com/,Bakersfield,CA
GM Property Solutions Inc. - Lancaster,support@gmpsllc.com,+17174926656,http://gmpsllc.com/,Lancaster,PA
North Jersey Properties LLC,info@walkersealtyllc.com,+12015805252,https://walkersrealtyllc.com/,Denville,NJ
North Jersey Properties LLC,chris@walkersrealtyllc.com,+12015805252,https://walkersrealtyllc.com/,Denville,NJ
EMLAK HOMES,emlakteam@gmail.com,+16312131183,https://emlakhomes.com/,Lake Ronkonkoma,NY
EMLAK HOMES,sales@longislandemlak.com,+16312131183,https://emlakhomes.com/,Lake Ronkonkoma,NY
S&S Pro Management Services,contact@sspromanage.com,+14075889420,http://sspromanage.com/,Orlando,FL
Amelia Coastal Realty,info@acrfl.com,+19042612770,https://www.acrfl.com/,Fernandina Beach,FL
BlackBrix Property Management,info@blackbrixpm.co,+12018750004,https://blackbrixpm.co/,Newark,NJ
Krieger Property Management,info@kriegerre.com,+14844602668,https://www.kriegerre.com/,Allentown,PA
Tower Property Management,towermail@gmail.com,+18057367359,https://www.towerpm.org/,Lompoc,CA
Costa Miami Homes,natalia@costamiamihomes.com,+18772590149,https://www.costamiamihomes.com/,North Bay Village,FL
Costa Miami Homes,contact@costamiamihomes.com,+18772590149,https://www.costamiamihomes.com/,North Bay Village,FL
"Red Door Investment Grp., LLC",info@rdigfl.com,+13219721172,https://reddoorfl.com/,Winter Park,FL
BlueSky Property Management,hello@blueskypm.com,+14349511059,http://blueskypm.com/,Charlottesville,VA
Kalispell Property Management,info@rentingkalispell.com,+14068580245,https://rentinkalispell.com/,Kalispell,MT
"Applegate, Inc.",nicholas@applegateproperties.com,+16512300762,https://applegatecommercial.com/#/,Stillwater,MN
Elite Property Management & Realty LLC,EliteTopHomesOffice@gmail.com,+17656074663,https://www.topelitehomes.com/,Lafayette,IN
Metro Detroit Simply Managed Rentals,Chris@simplymanaged.rentals,+13133554458,https://metrodetroit.simplymanaged.rentals/,Berkley,MI
"CRI, Inc.",info@casarealtyinvestments.com,+18338368880,http://casarealtyinvestments.com/,Redondo Beach,CA
Edge Realty Services,edgerealtyservices@gmail.com,+12052911277,https://www.edgerealtyservices.com/,Birmingham,AL
Kensinger Donnelly,dwayne@kd-llc.com,+17137843300,http://kensingerdonnelly.com/,Houston,TX
Kensinger Donnelly,Jared@kd-llc.com,+17137843300,http://kensingerdonnelly.com/,Houston,TX
Kensinger Donnelly,Frank@kd-llc.com,+17137843300,http://kensingerdonnelly.com/,Houston,TX
Kensinger Donnelly,Henry@kd-llc.com,+17137843300,http://kensingerdonnelly.com/,Houston,TX
Kensinger Donnelly,Rosanna@kd-llc.com,+17137843300,http://kensingerdonnelly.com/,Houston,TX
Kensinger Donnelly,Steven@kd-llc.com,+17137843300,http://kensingerdonnelly.com/,Houston,TX
Kensinger Donnelly,marilyn@kd-llc.com,+17137843300,http://kensingerdonnelly.com/,Houston,TX
"The Overton Group, LLC",support@overtongroup.net,+19106858788,http://overtongroup.net/,Greenville,NC
Blanq Real Estate,clifford@blanqrealestate.com,+17047276202,https://www.blanqrealestate.com/,Charlotte,NC
Chrisman Commercial,steve@chrismanc.com,+13038188201,https://chrismancommercial.com/,Louisville,CO
Chrisman Commercial,byron@chrismanc.com,+13038188201,https://chrismancommercial.com/,Louisville,CO
Chrisman Commercial,michele@chrismanc.com,+13038188201,https://chrismancommercial.com/,Louisville,CO
Wishtan HomeServices Property Management,contact@wishtan.com,+12175929400,https://www.wishtan.com/,Quincy,IL
Wishtan HomeServices Property Management,rileyl@wishtan.com,+12175929400,https://www.wishtan.com/,Quincy,IL
Wishtan HomeServices Property Management,kristianna@wishtan.com,+12175929400,https://www.wishtan.com/,Quincy,IL
Wishtan HomeServices Property Management,dakota@wishtan.com,+12175929400,https://www.wishtan.com/,Quincy,IL
Wishtan HomeServices Property Management,carlos@wishtan.com,+12175929400,https://www.wishtan.com/,Quincy,IL
Wishtan HomeServices Property Management,rileyb@wishtan.com,+12175929400,https://www.wishtan.com/,Quincy,IL
Wishtan HomeServices Property Management,kelsey@wishtan.com,+12175929400,https://www.wishtan.com/,Quincy,IL
Beggs Property Management LLC,Office@beggs-pm.com,+18167815600,https://www.beggs-pm.com/,Liberty,MO
MATCH Property Managers,info@matchpropertymanagers.com,+18438089800,https://matchpropertymanagers.com/,Myrtle Beach,SC
Wishtan HomeServices Property Management,contact@wishtan.com,+12175929400,https://www.wishtan.com/,Macomb,IL
Wishtan HomeServices Property Management,rileyl@wishtan.com,+12175929400,https://www.wishtan.com/,Macomb,IL
Wishtan HomeServices Property Management,kristianna@wishtan.com,+12175929400,https://www.wishtan.com/,Macomb,IL
Wishtan HomeServices Property Management,dakota@wishtan.com,+12175929400,https://www.wishtan.com/,Macomb,IL
Wishtan HomeServices Property Management,carlos@wishtan.com,+12175929400,https://www.wishtan.com/,Macomb,IL
Wishtan HomeServices Property Management,rileyb@wishtan.com,+12175929400,https://www.wishtan.com/,Macomb,IL
Wishtan HomeServices Property Management,kelsey@wishtan.com,+12175929400,https://www.wishtan.com/,Macomb,IL
Forbes Management LLC,help@forbesmanagement.net,+14124411211,https://www.forbesmanagement.net/,Pittsburgh,PA
"Torrente Property Management, Inc.",torrenteproperties@gmail.com,+18315828916,https://torrenteproperties.com/,Monterey,CA
Prime Properties,thomas@primepropertiesaustin.com,+15123429566,https://www.austinpropertymanagement.com/,Austin,TX
Chattanooga Property Management LLC,office@chattanoogapm.com,+14232089444,https://www.chattanoogapm.com/,East Ridge,TN
Keyrenter Property Management Chattanooga,info@keyrenterchattanooga.com,+14234606000,https://www.keyrenterchattanooga.com/,Chattanooga,TN
Elevate Luxury Living,Ronen@laelevate.com,+18186202244,https://laelevate.com/,Encino,CA
Torres Turn Key Property Management,RENTALS@torresturnkey.com,+15859784775,https://www.torresturnkey.com/,Rochester,NY
Torres Turn Key Property Management,PROPERTYMANAGEMENT@torresturnkey.com,+15859784775,https://www.torresturnkey.com/,Rochester,NY
Torres Turn Key Property Management,sales@torresturnkey.com,+15859784775,https://www.torresturnkey.com/,Rochester,NY
Barker & Co Real Estate,info@barkerandcorealestate.com,+15048846593,https://barkerandcorealestate.com/,Metairie,LA
Uptown Properties,uptown@uptownpm.com,+15039410276,https://www.uptownpm.com/,Portland,OR
The Butler Villa,kbutler@butlervilla.com,+13173312940,https://butlervilla.com/,Indianapolis,IN
Circle Point Homes,info@circlepointhomes.com,+12067293540,https://circlepointhomes.com/,Seattle,WA
WestCorp Management Group,info@westcorpmg.com,+17023072881,https://westcorpmg.com/,Las Vegas,NV
YOU ME HIM AND HER,info@youmehimandher.com,+14243330085,https://www.youmehimandher.com/,Beverly Hills,CA
MKB Realtors - Franklin County,angie@franklincountyhometeam.com,+15405375918,https://franklincountyhometeam.com/,Rocky Mount,VA
MKB Realtors - Franklin County,franklincountyhometeam@gmail.com,+15405375918,https://franklincountyhometeam.com/,Rocky Mount,VA
Clearwater Property Hub,djones@sunsetpalmspmc.com,+17274921282,https://sunsetpalmspmc.com/,Clearwater,FL
"Charles L. Moles Real Estate, LLC",info@chasmoles.com,+16102752050,https://www.chasmoles.com/,Norristown,PA
Wiser Real Estate Team,WiserHomeSearch@gmail.com,+18019300214,https://www.wiserhomesearch.com/,South Jordan,UT
Coldwell Banker Caine,info@cbcaine.com,+18642504605,https://coldwellbankercaine.com/,Greenville,SC
DALLIEN,info@dallien.com,+12122572127,http://dallien.com/,New York,NY
Demeter Properties Inc,info@thedemetergroup.com,+17272333132,https://thedemetergroup.com/,St. Petersburg,FL
VR Universal Realty,HotBiz@hotmail.com,+14073890100,https://vrur.biz/,Altamonte Springs,FL
LA Real Estate Services*,lare@lare.services,+13109169880,https://lare.services/,Glendale,CA
Destination AZ Vacations,moreinfo@destinationarizona.com,+16026770441,https://destinationarizona.com/,Phoenix,AZ
Preferred Real Estate,Homes@preferredrealestateusa.com,+16619492477,https://www.preferredrealestateusa.com/,Newport Beach,CA
Academe Real Estate and Property Management,admin@academerealestate.com,+18054610888,https://www.academerealestate.com/,Atascadero,CA
"Creative Real Estate & Projects, LLC",assistant@creativerealestatepro.com,+19546388066,https://creativerealestatepro.managebuilding.com/Resident/public/home,Fort Lauderdale,FL
Wilkins & Co. Realtors,homes@wilkinsandco.com,+14347974007,https://www.wilkinsandco.com/,Danville,VA
Montgomery Whiteley Realty,elaina@mwrrealty.com,+18704237965,https://mwrrealty.com/,Berryville,AR
Montgomery Whiteley Realty,marty@mwrrealty.com,+18704237965,https://mwrrealty.com/,Berryville,AR
Montgomery Whiteley Realty,norasum@icloud.com,+18704237965,https://mwrrealty.com/,Berryville,AR
Montgomery Whiteley Realty,sherry@mwrrealty.com,+18704237965,https://mwrrealty.com/,Berryville,AR
Montgomery Whiteley Realty,soldbytabi@gmail.com,+18704237965,https://mwrrealty.com/,Berryville,AR
Montgomery Whiteley Realty,jeneanne@mwrrealty.com,+18704237965,https://mwrrealty.com/,Berryville,AR
Montgomery Whiteley Realty,ambersellstheozarks@gmail.com,+18704237965,https://mwrrealty.com/,Berryville,AR
Montgomery Whiteley Realty,rebekah@mwrrealty.com,+18704237965,https://mwrrealty.com/,Berryville,AR
Montgomery Whiteley Realty,ronnie@mwrrealty.com,+18704237965,https://mwrrealty.com/,Berryville,AR
Montgomery Whiteley Realty,info@mwrrealty.com,+18704237965,https://mwrrealty.com/,Berryville,AR
Montgomery Whiteley Realty,rachellewilliams090614@gmail.com,+18704237965,https://mwrrealty.com/,Berryville,AR
Montgomery Whiteley Realty,jagger@mwrrealty.com,+18704237965,https://mwrrealty.com/,Berryville,AR
Montgomery Whiteley Realty,shoptheozarks@gmail.com,+18704237965,https://mwrrealty.com/,Berryville,AR
Montgomery Whiteley Realty,christy@mwrrealty.com,+18704237965,https://mwrrealty.com/,Berryville,AR
Matthew Stewart Real Estate Team,matthewstewartrealestate@gmail.com,+19166595646,https://www.matthewstewartrealestate.com/,Fair Oaks,CA
Rowlett Realty Inc,larry@rowlettrealty.com,+15015142356,http://rowlettrealty.com/,Greenbrier,AR
Rowlett Realty Inc,rhonda@rowlettrealty.com,+15015142356,http://rowlettrealty.com/,Greenbrier,AR
Lake and Village Realty,info@lakeandvillage.com,+17049608135,https://www.lakeandvillage.com/,Cornelius,NC
"Emily Wang Real Estate Agent in Seattle, Washington | Windermere Midtown | BEST REALTOR",emily.wang@windermere.com,+12062279264,https://emilywangrealestate.com/,Seattle,WA
"White Water Realty, Inc.",sharon@whitewaterrealty.com,+19494987873,https://www.whitewaterrealty.com/,San Clemente,CA
CMG Realty and Property Management LLC,chicago@cmg-mgmt.com,+13126029590,https://www.cmg-mgmt.com/,Chicago,IL
Salem Real Estate,dick@salemrealestate.biz,+17122244101,https://salemrealestate.biz/,Sioux City,IA
Coldwell Banker Argus Real Estate - Ventnor,coldwellbankerargusinfo@gmail.com,+16098223700,https://coldwellbankerargus.com/,Ventnor City,NJ
Address Real Estate LLC,addressmiami@gmail.com,+17865549199,https://www.addressmiami.com/,Coral Gables,FL
Encore Real Estate Services,lgwproperties@gmail.com,+17409638042,https://encorerealestateservices.org/,Etna,OH
Lauer Real Estate Group,info@lauerrealestategroup.com,+18509422980,https://www.lauerrealestategroup.com/,Tallahassee,FL
Carnahan Dexter Property Management,info@carnahandexter.com,+18189992101,https://www.carnahandexter.com/,Woodland Hills,CA
United Real Estate East Carolina,unitedreec@gmail.com,+12523553129,http://unitedrealestateec.com/,Greenville,NC
Tatum Realty,info@tatumrealty.com,+19104933543,https://tatumrealty.com/,Elizabethtown,NC
Vashon Hargrove Group of Keller Williams Preferred Properties,vashon.hargrove@example.com,+12407375000,http://tagandsold.com/,Upper Marlboro,MD
LIX REAL ESTATE,email@lixrealestate.com,+17183957700,http://lixre.com/,Brooklyn,NY
Century 21 1st Choice Realty,info@c211stchoice.com,+14355903030,https://c21first.com/,Cedar City,UT
"R H Cooke & Associates, Inc., Real Estate",info@rhcooke.com,+18006696856,http://rhcooke.com/,Spokane,WA
Birdsong Real Estate & Insurance,info@birdsongrealtors.com,+19792974200,http://birdsongrealestate.com/,Casa Grande,AZ
Hart Properties,info@hartproperties.com,+15128345678,https://hart-properties.com/,San Marcos,TX
"Alleghany High Country Realty, LLC",alleghanyhighcountryrealty@gmail.com,+13363721599,https://www.alleghanyhighcountryrealty.com/,Sparta,NC
"Prince William Realty, Inc.",info@pwrealty.com,+17035809090,https://www.pwrealty.com/,Woodbridge,VA
Generations Realty Group,info@genrealtygroup.net,+19853005010,https://www.genrealtygroup.net/,Belle Chasse,LA
ONE Sotheby's International Realty,info@onesothebysrealty.com,+17864533170,http://onesothebysrealty.com/,Melbourne,FL
Nesbitt Realty,info@nesbittrealty.com,+17037650300,https://nesbittrealty.com/,Alexandria,VA
Lost Dutchman Realty,info@lostdutchmanrealty.com,+14809828000,https://lostdutchmanrealty.com/,Apache Junction,AZ
"Huber-Thomas Properties, LLC DBA Huber Real Estate",info@huberrealestate.com,+15096635143,https://huberrealestate.com/,East Wenatchee,WA
Hinton Real Estate,homefinders@teamhinton.com,+18108441495,https://www.teamhinton.com/,Ypsilanti,MI
Hinton Real Estate,realtoronduty@teamhinton.com,+18108441495,https://www.teamhinton.com/,Ypsilanti,MI
Keller Williams Realty Half Moon Bay - Glen Mitchell Group,team@glenmitchellgroup.com,+16502156401,https://www.gmgroupbayarea.com/,Half Moon Bay,CA
ONE Sotheby's International Realty,info@onesothebysrealty.com,+17864533170,http://onesothebysrealty.com/,Indialantic,FL
Whitehill Estates And Homes,steven@whitehillestatesandhomes.com,+16037336696,https://whitehillestatesandhomes.com/,Burlington,MA
Cornerstone Realty Consultants LLC,info@cornerstone-property.com,+19546955203,https://www.cornerstone-property.com/,Coral Springs,FL
MI PROPERTY XPERTS,righthouserealty@gmail.com,+12487900004,https://righthouserealtyco.com/,Lathrup Village,MI
John Cooke Realtor,johncooke@keyes.com,+15612316416,https://johncooke.keyes.com/,Tequesta,FL
MovingRochester.com,info@movingrochester.com,+15855377656,https://movingrochester.com/,Rochester,NY
Alliance Realtors,christinehomes@hotmail.com,+18012220210,https://www.buyautahhouse.com/,Orem,UT
Space City Team,info@spacecityteam.com,+18324187587,https://spacecityteam.com/,Sugar Land,TX
BORELLI REAL ESTATE SERVICES,info@borellirealestate.com,+12097227761,https://borellirealestate.com/,Los Banos,CA
King Realty Advisors,info@kingrealtyadvisors.com,+13145881900,https://kingrealtyadvisors.com/,St. Louis,MO
"Anderson Real Estate, LLC",Carroll@andersonrealestate.org,+17049616109,https://andersonrealestate.org/,Wadesboro,NC
"Anderson Real Estate, LLC",Dru@andersonrealestate.org,+17049616109,https://andersonrealestate.org/,Wadesboro,NC
"Anderson Real Estate, LLC",Amy@andersonrealestate.org,+17049616109,https://andersonrealestate.org/,Wadesboro,NC
"Berkshire Hathaway HomeServices Clyde Hendrick, REALTORS",office@bhhsclydehendrick.com,+16168425970,https://www.bhhsclydehendrick.com/,Grand Haven,MI
Evergreen Investments,connect@evergreeninvestments.co,+18773186342,http://evergreeninvestments.co/,Duluth,GA
Coldwell Banker Preferred Properties,info@cbppi.com,+12393696161,http://cbppi.com/,Lehigh Acres,FL
Paradise Properties,info@paradisep.com,+14153313509,http://paradisep.com/,Sausalito,CA
Elite Living Realty,info@elitelivingrealty.com,+12145060634,https://www.elitelivingrealty.com/,Dallas,TX
Elite Living Realty,info@dfweliteliving.com,+12145060634,https://www.elitelivingrealty.com/,Dallas,TX
"Places Realty, LLC",admin@placesrealtyllc.com,+19704728165,http://placesrealtyllc.com/,Fort Collins,CO
"Redberry Realty- Best Real Estate Agents in San Antonio, TX",info@redberryrealty.com,+12102049663,http://redberryrealty.com/,San Antonio,TX
"San Carlos Agency, Inc.",info@sancarlosagency.com,+18316243846,https://www.sancarlosagency.com/,Carmel-By-The-Sea,CA
Ninetta Wandler - Re/Max Integrity Realty,ninetta@ninettawandler.com,+17012604278,https://ninettawandler.com/,Dickinson,ND
Realty 1 Maryland,enochmoon1@gmail.com,+14106962268,http://realty1md.com/,Ellicott City,MD
Premier Properties of Dublin LLC,info@premierpropertiesofdublin.com,+14782741606,https://premierpropertiesofdublin.com/,Dublin,GA
Boutique One Properties,grbenner@ptd.net,+16106281107,https://boutiqueoneproperties.com/,Bethlehem,PA
Berkshire Hathaway Crosby Starck Real Estate,info@bhhscrosby.com,+18153974040,https://www.bhhscrosby.com/,Rockford,IL
Sherrie's South Shore Realty Inc.,ssrealty@bellsouth.net,+19048196500,https://www.ssshorerealty.com/,St. Augustine,FL
"Jeremy Ganse, RE/MAX Realtor",jeremy@jeremyganse.com,+17172080789,https://jeremyganse.com/,Lancaster,PA
Olentangy Commercial Real Estate | Columbus Small Office Space Rentals,info@7rent.com,+16147255777,http://7rent.com/,Columbus,OH
Mary Danna - Keller Williams Realty Metairie,mary@salepending.com,+15045176533,https://salepending.com/,Metairie,LA
Cindy Shearin/The Shearin Group,cindy@theshearingroup.com,+13102008318,https://cindyshearin.com/,Manhattan Beach,CA
CENTURY 21 Coastland Realty,info@coastland.com,+12523542131,https://coastland.com/,Emerald Isle,NC
Davis Bartels Realtor,davis@davisbartels.com,+18053416125,https://davisbartels.com/,Westlake Village,CA
The Neil Company Real Estate,realestate@neilco.com,+18009823497,http://neilco.com/,Roseburg,OR
CENTURY 21 Perry Real Estate,c21mena.ar@gmail.com,+18003946521,https://c21perry.com/,Mena,AR
Jamar My Realtor,jamarjohnson@kw.com,+19723828882,https://jamar-johnson.kw.com/,Celina,TX
Figs Real Estate Group,eddiefigs@figsrealestategroup.com,+16319260180,https://figsrealestategroup.com/,Miller Place,NY
The Virtual Realty Group of Arkansas,ryan@hogproperties.com,+15012221438,https://www.hogproperties.com/,Fayetteville,AR
Century 21 Hi-Alta,info@c21hialta.com,+18285759002,http://c21hialta.com/,Asheville,NC
"Las Vegas Investments & Realty, Inc",info@investintolv.com,+17023312800,http://investintolv.com/,Las Vegas,NV
Buxmont Property Management,mike@buxmontpropertymanagement.com,+12153948322,http://buxmontpropertymanagement.com/,Hatboro,PA
Buxmont Property Management,fran@hatborores.com,+12153948322,http://buxmontpropertymanagement.com/,Hatboro,PA
"Felicia Mackey, local real estate agent Realtor",Feliciamackey@bhhsnwre.com,+12067718008,https://feliciamackey.bhhsnw.com/,Federal Way,WA
"Four Point Realty, LLC",info@fourpointrealty.com,+14049056030,https://www.fourpointrealty.com/,Woodbridge,NJ
Wedgewood Properties,info@wedgewoodre.com,+12547780196,https://wedgewoodre.com/,Temple,TX
The Jana Caudill Team NW Indiana,info@janacaudillteam.com,+12196611256,https://www.janacaudillteam.com/,Crown Point,IN
CENTURY 21 Connected,info@century21connected.com,+18283480222,https://century21connected.com/,Asheville,NC
Jonathan Leaman,jon@jonazhomes.com,+16027504285,https://jonazhomes.com/,Scottsdale,AZ
Whitehill Estates and Homes - New Hampshire Real Estate,steven@whitehillestatesandhomes.com,+16037336696,https://whitehillestatesandhomes.com/,Center Conway,NH
Keller Williams Realty Affinity,esme@theaffinityrealtors.com,+15758870155,https://www.carlsbadnmrealtor.com/,Carlsbad,NM
Watts Auction Realty Appraisal,info@wattsara.com,+14348215263,https://www.wattsara.com/,Rustburg,VA
CRER,info@crer.com,+17733279300,https://www.crer.com/,Chicago,IL
ERA Advantage Realty,office@eraportcharlotte.com,+19412555300,https://www.eraportcharlotte.com/,Port Charlotte,FL
Silver Home Real Estate Services LLC,info@thesilverhometeam.com,+15203273350,https://www.thesilverhometeam.com/,Tucson,AZ
Batra Group Real Estate,info@batrany.com,+16462021877,http://batrany.com/,New York,NY
PMI Properties,info@pmiprop.com,+18453977766,https://www.rocklandpropertymanagementinc.com/,New City,NY
"The Real Estate Collection, REALTORS®",info@therealestatecollection.com,+14076567814,https://www.therealestatecollection.com/,Winter Garden,FL
Irina Stoyan Real Estate Agent,realtorstoyan@gmail.com,+12532244350,https://stoyanhomes.com/,Puyallup,WA
Mary Lynn Realty,info@marylynnrealty.com,+13863345075,https://marylynnrealty.com/,Daytona Beach,FL
Beatus Realty,hello@beautsrealty.com,+17722020733,https://www.beatusrealty.com/,Stuart,FL
"NNY Homes, Inc",wleepy@nnyhomes.com,+13157824476,https://www.nnyhomes.com/,Watertown,NY
"7rent.com, Ltd. Rental Property Management & Realty Columbus",info@7rent.com,+16147255777,http://7rent.com/,Columbus,OH
Welcome Home Real Estate,info@welcomehomerealestate.biz,+17187060957,https://welcomehomerealestate.biz/,Sunnyside,NY
"Ruben Vela, REALTOR | Bison Creek Real Estate",ruben@explorecentraltx.com,+12549105647,https://explorecentraltx.com/,Belton,TX
Better Homes and Gardens Real Estate Elevate,bhgreelevate@gmail.com,+19152252266,https://bhgelevate.com/,El Paso,TX
"Kurt Ragsdale, REALTOR® - Carol Goff & Associates",kurtragsdale@gmail.com,+17407041294,http://southeastohiorealestate.com/,New Concord,OH
CENTURY 21 Legacy,relocation@c21legacy.com,+14232478107,https://c21legacy.com/,Maryville,TN
Revelle Realty,elicia@revellerealty.com,+12523961244,https://revellerealty.com/,Murfreesboro,NC
Elevate Real Estate Group,info@elevate-mo.com,+14174131132,https://elevate-mo.com/,Springfield,MO
Century 21 Prestige,info@c21prestige.com,+15733364377,https://c21prestige.com/,Cuba,MO
WHRG Commercial,tony@welcomehomefrederick.com,+12406748757,https://www.welcomehomefrederick.com/,Frederick,MD
WHRG Commercial,info@welcomehomefrederick.com,+12406748757,https://www.welcomehomefrederick.com/,Frederick,MD
Real Estate Eastvale,info@realestateeastvale.com,+19092551126,https://www.realestateeastvale.com/,Eastvale,CA
Generations Realty Group,info@genrealtygroup.net,+19853005010,https://www.genrealtygroup.net/,Mandeville,LA
"Great Locations - Realty • Sales, Management, & Leasing",management@mygreatlocations.com,+15128782233,https://www.mygreatlocations.com/,San Marcos,TX
Legacy Properties Sotheby's International Realty,info@legacysir.com,+12075632775,https://www.legacysir.com/,Portland,ME
Legacy Properties Sotheby's International Realty,info@legacysir.com,+12075632775,https://www.legacysir.com/,Northeast Harbor,ME
Boogaard Properties,office@boogaardproperties.com,+18309462400,http://boogaardproperties.com/,New Braunfels,TX
Continental Real Estate,creoffice@crerealestate.com,+18772734663,https://crerealestate.com/,Dickinson,ND
Jeff Stineback | Long Island Home Team | Compass,jeff.stineback@compass.com,+16316271780,http://thelongislandhometeam.com/,Huntington,NY
Cossou International Team: Buy Sell or Invest in Raleigh Durham NC Homes,info@cossouinternationalteam.com,+19197986983,http://raleighdurhambilingualrealtors.kw.com/,Raleigh,NC
Moses Lake Realty Group,MLRGRentals@gmail.com,+15097640008,https://moseslakerealtygroup.com/,Moses Lake,WA
Moses Lake Realty Group,info@moseslakerealtygroup.com,+15097640008,https://moseslakerealtygroup.com/,Moses Lake,WA
"Jack Keller Inc., Realtors",support@jackkeller.com,+13059853726,https://jackkeller.com/,Largo,FL
Legacy Properties Sotheby's International Realty,info@legacysir.com,+12075632775,https://www.legacysir.com/,Brunswick,ME
"Watts Realty Company, Inc.",contact@wattsrealty.com,+12052511267,https://www.wattsrealty.com/,Birmingham,AL
Ubico Sales Group @ RESF,vernonu@bellsouth.net,+17865130971,https://www.ubicohomes.com/,Coral Gables,FL
Downtown Condo Guys ?,hello@downtowncondoguys.com,+16198404463,https://downtowncondoguys.com/,San Diego,CA
"ERA Wilder Realty, Inc. - Sumter",info@erawilderrealty.com,+18037650211,https://erawilderrealty.com/,Sumter,SC
Batra Group Real Estate,info@batrany.com,+16462021877,http://batrany.com/,Miami,FL
Equity Real Estate - Utah The Kenny Parcell Team,monica@kennyparcell.com,+18016690383,https://kennyparcell.com/,Spanish Fork,UT
Equity Real Estate - Utah The Kenny Parcell Team,april@kennyparcell.com,+18016690383,https://kennyparcell.com/,Spanish Fork,UT
Equity Real Estate - Utah The Kenny Parcell Team,kenny@kennyparcell.com,+18016690383,https://kennyparcell.com/,Spanish Fork,UT
Equity Real Estate - Utah The Kenny Parcell Team,eric@kennyparcell.com,+18016690383,https://kennyparcell.com/,Spanish Fork,UT
Equity Real Estate - Utah The Kenny Parcell Team,ted@kennyparcell.com,+18016690383,https://kennyparcell.com/,Spanish Fork,UT
Equity Real Estate - Utah The Kenny Parcell Team,ty@kennyparcell.com,+18016690383,https://kennyparcell.com/,Spanish Fork,UT
Equity Real Estate - Utah The Kenny Parcell Team,nichole@kennyparcell.com,+18016690383,https://kennyparcell.com/,Spanish Fork,UT
Legacy Properties Sotheby's International Realty,info@legacysir.com,+12075632775,https://www.legacysir.com/,Damariscotta,ME
Dorazio Real Estate,info@doraziorealestate.com,+12245054072,https://www.doraziorealestate.com/,Chicago,IL
"Capital Management Realty, Inc",arlene@cmrealty.com,+17142022525,https://cmrealty.com/,Garden Grove,CA
"ERA Wilder Realty, Inc. - Charleston",info@erawilderrealty.com,+18037650211,https://erawilderrealty.com/,Charleston,SC
CENTURY 21 Signature Properties,mikeslacktish@gmail.com,+15707604961,https://c21signature.com/,Shavertown,PA
Box Real Estate LLC,ikeadamsrealtor@gmail.com,+19545263900,https://boxrealestate.net/,Coral Springs,FL
Box Real Estate LLC,dedgecombrealestate@gmail.com,+19545263900,https://boxrealestate.net/,Coral Springs,FL
Box Real Estate LLC,jchamely@boxrealestate.net,+19545263900,https://boxrealestate.net/,Coral Springs,FL
Box Real Estate LLC,johnnycarreon@yahoo.com,+19545263900,https://boxrealestate.net/,Coral Springs,FL
Box Real Estate LLC,bennierealproperty@gmail.com,+19545263900,https://boxrealestate.net/,Coral Springs,FL
Box Real Estate LLC,lnr.kim@gmail.com,+19545263900,https://boxrealestate.net/,Coral Springs,FL
Box Real Estate LLC,greenbaumfm@gmail.com,+19545263900,https://boxrealestate.net/,Coral Springs,FL
Box Real Estate LLC,nataliatomlins@gmail.com,+19545263900,https://boxrealestate.net/,Coral Springs,FL
Box Real Estate LLC,tinavort@gmail.com,+19545263900,https://boxrealestate.net/,Coral Springs,FL
"R.E.M.S, Inc.",doris@wemanageproperty.com,+13107939500,https://www.wemanageproperty.com/,Torrance,CA
Kimberly Adams Realty,K@karealty.us,+18177036513,https://kimberlyadamsrealty.com/,Arlington,TX
Kimberly Adams Realty,info@kimberlyadamsrealty.com,+18177036513,https://kimberlyadamsrealty.com/,Arlington,TX
WPI Real Estate Services Inc,info@wpirealestate.com,+12065228172,https://www.wpirealestate.com/,Seattle,WA
Clear Choice Enterprises,info@ccerealty.com,+17246020414,http://clearchoiceenterprises.com/,Butler,PA
Domain Realty,info@domainrealty.com,+12393014301,https://domainrealty.com/,Bonita Springs,FL
Besaw Properties LTD,administrator@besawrealty.com,+19203388080,https://besawrealty.com/,Green Bay,WI
Hansen Rental,hansenrental@gmail.com,+16417510510,http://hansenrental.net/,Marshalltown,IA
AYS (AT YOUR SERVICE) Realty,nirav@aysrealty.com,+17022906678,https://aysrealty.com/,Las Vegas,NV
Secured Properties Management Group Inc. / SP Residential Inc.,info@securedproperties.com,+12133895888,https://www.securedpmg.com/,Los Angeles,CA
Risse Realty,contact@risserealty.com,+17656548892,https://www.risserealty.com/,Frankfort,IN
CENTURY 21 Lifetime Realty,office@c21lifetime.com,+16606655678,https://www.c21kirksville.com/,Kirksville,MO
Cheryl&Co. Real Estate,frontdesk@cherylchandler.com,+19706254441,https://cherylcorealestate.com/,Rifle,CO
"Parigi Property Management, LTD.",sherry@parigiproperty.com,+14098339555,https://parigiproperty.com/,Beaumont,TX
"Parigi Property Management, LTD.",repairs@parigiproperty.com,+14098339555,https://parigiproperty.com/,Beaumont,TX
"Parigi Property Management, LTD.",stephanie@parigiproperty.com,+14098339555,https://parigiproperty.com/,Beaumont,TX
Joel Ward Homes,nick@joelwardhomes.com,+12173553909,https://joelwardhomes.com/,Champaign,IL
Joel Ward Homes,darrin@joelwardhomes.com,+12173553909,https://joelwardhomes.com/,Champaign,IL
Joel Ward Homes,gene@joelwardhomes.com,+12173553909,https://joelwardhomes.com/,Champaign,IL
Joel Ward Homes,joel@joelwardhomes.com,+12173553909,https://joelwardhomes.com/,Champaign,IL
Joel Ward Homes,molly@joelwardhomes.com,+12173553909,https://joelwardhomes.com/,Champaign,IL
Joel Ward Homes,mike@joelwardhomes.com,+12173553909,https://joelwardhomes.com/,Champaign,IL
Joel Ward Homes,erika@joelwardhomes.com,+12173553909,https://joelwardhomes.com/,Champaign,IL
Joel Ward Homes,appraisehomes@comcast.net,+12173553909,https://joelwardhomes.com/,Champaign,IL
Joel Ward Homes,wendy@joelwardhomes.com,+12173553909,https://joelwardhomes.com/,Champaign,IL
Joel Ward Homes,john@joelwardhomes.com,+12173553909,https://joelwardhomes.com/,Champaign,IL
Joel Ward Homes,admin@joelwardhomes.com,+12173553909,https://joelwardhomes.com/,Champaign,IL
"The Wallick Team Realtors, Kirkland, Washington Real Estate Agent",tammy@wallickrealestate.com,+14258219483,http://wallickrealestate.com/,Kirkland,WA
SunWorld Group Property Management,leasing@sunworldgroup.com,+13605740210,https://www.sunworldgroup.com/,Vancouver,WA
SunWorld Group Property Management,accounting@sunworldgroup.com,+13605740210,https://www.sunworldgroup.com/,Vancouver,WA
SunWorld Group Property Management,info@sunworldgroup.com,+13605740210,https://www.sunworldgroup.com/,Vancouver,WA
SunWorld Group Property Management,documents@sunworldgroup.com,+13605740210,https://www.sunworldgroup.com/,Vancouver,WA
SunWorld Group Property Management,residents@sunworldgroup.com,+13605740210,https://www.sunworldgroup.com/,Vancouver,WA
SunWorld Group Property Management,owners@sunworldgroup.com,+13605740210,https://www.sunworldgroup.com/,Vancouver,WA
Legacy Properties Sotheby's International Realty,info@legacysir.com,+12075632775,https://www.legacysir.com/,Kennebunk,ME
Legacy Properties Sotheby's International Realty,info@legacysir.com,+12075632775,https://www.legacysir.com/,Camden,ME
"Active Agent Realty, LLC",info@activeagentrealty.com,+13522288910,https://www.activeagentrealty.com/,Crystal River,FL
"REALTY 618, LLC",realty618@gmail.com,+16189644740,https://www.realty618.com/,Marion,IL
Quest Real Estate,Pedram@questrealestate.com,+16503434824,http://questrealestate.com/,San Mateo,CA
Quest Real Estate,Team@questrealestate.com,+16503434824,http://questrealestate.com/,San Mateo,CA
Quest Real Estate,Bijan@questrealestate.com,+16503434824,http://questrealestate.com/,San Mateo,CA
Quest Real Estate,Dion@questrealestate.com,+16503434824,http://questrealestate.com/,San Mateo,CA
C Edwards Real Estate,chad@cedwardsrealestate.com,+18664969975,https://cedwardsrealestate.com/,Plainfield,IL
CENTURY 21 Adams-Harvey & Associates,customerservice@c21adamsharvey.com,+17066472100,http://c21adamsharvey.com/,Thomaston,GA
Ascendia Group Property Management,sales@ascendiagroup.com,+19413064242,https://www.ascendiagroup.com/,Siesta Key,FL
Ascendia Group Property Management,rentals@ascendiagroup.com,+19413064242,https://www.ascendiagroup.com/,Siesta Key,FL
Premier Utah Real Estate,tooeleadmin@gmail.com,+14358824111,https://www.homesintooele.com/,Tooele,UT
Fisher Real Estate and Rentals,FisherRealtors@gmail.com,+18054811959,https://fishersells.com/,Grover Beach,CA
Lee And Harrell Real Estate Professionals,jasonharrellrealtor@yahoo.com,+12523478520,https://relocateeasternnc.com/,Greenville,NC
Rochelle Moon Realty,rochellemoonrealty@gmail.com,+19194960444,https://rochellemoon.com/,Louisburg,NC
Country Squire Realty,contact@countrysquirerealty.net,+16073697355,http://countrysquirerealty.net/,Unadilla,NY
Coastal Living Realty Group,abottroff@coastallivingcc.com,+13612257900,https://coastallivingcc.com/,Corpus Christi,TX
Coastal Living Realty Group,info@coastalivingrealtygroup.com,+13612257900,https://coastallivingcc.com/,Corpus Christi,TX
Coastal Living Realty Group,krain@coastallivingcc.com,+13612257900,https://coastallivingcc.com/,Corpus Christi,TX
Coastal Living Realty Group,rgilson@coastallivingcc.com,+13612257900,https://coastallivingcc.com/,Corpus Christi,TX
Coastal Living Realty Group,jjordan@coastallivingcc.com,+13612257900,https://coastallivingcc.com/,Corpus Christi,TX
Coastal Living Realty Group,cjordan@coastallivingcc.com,+13612257900,https://coastallivingcc.com/,Corpus Christi,TX
"Home Alliance Realty, LLC",info@homealliancerealty.com,+16099789009,https://www.homealliancerealty.com/,Manahawkin,NJ
Guardian Real Estate,info@guardianre.com,+16613978770,https://www.guardianre.com/,Bakersfield,CA
"DoorLife Property Management - Chester County, PA",support@doorgrow.com,+14845021440,https://doorlifepropertymanagement.com/,West Chester,PA
"Andrew Davis, Berkshire Hathaway NE Prop.",andrewdavis@bhhsne.com,+12032492111,http://andrewdavisct.com/,Stamford,CT
Bright Future Realty Inc.,homes@brightfuturerealty.net,+17736541360,https://brightfuturerealty.net/index.html,Chicago,IL
Victory Home Team,info@victoryhometeam.com,+16514474041,https://www.victoryhometeam.com/,Golden Valley,MN
Properties &c.,sean@propertiesandparadise.com,+13058946418,https://propertiesandpads.com/,Miami Beach,FL
Mita Kapadia Real Estate Team -RE/MAX Gold- San Francisco Peninsula,mita@mitakapadia.com,+16504546594,https://mitakapadia.com/,Redwood City,CA
CENTURY 21 Arizona West,c21azwest@gmail.com,+19286842222,http://arizonawest.sites.c21.homes/,Wickenburg,AZ
Mossy Oak Properties of Alaska-Soldotna,info@alaskalandguide.com,+19075671052,https://alaskalandguide.com/,Soldotna,AK
"Windermere Real Estate/Central Basin, LLC Ephrata",ephrata@windermere.com,+15097874536,http://ephrata.withwre.com/,Ephrata,WA
Tunnera Real Estate,rtunnera@gmail.com,+15084140838,https://tunnerarealestate.com/,Marlborough,MA
"STL Buy & Sell, REALTORS",info@stlbuyandsell.com,+16364421333,http://stlbuyandsell.com/,St Peters,MO
ERA Valley Realty,ERA.Valley@era.com,+15404592123,https://www.eravalley.com/,Woodstock,VA
"Double G Realty, LLC",realtydoubleg.llc@gmail.com,+16624194348,https://www.doublegrealty.com/,Pontotoc,MS
Corken + Company,sales@corken.co,+17202221988,https://www.corken.co/,Greenwood Village,CO
Corken + Company,corprelocation@corken.co,+17202221988,https://www.corken.co/,Greenwood Village,CO
Corken + Company,info@corken.co,+17202221988,https://www.corken.co/,Greenwood Village,CO
Corken + Company,leasing@corken.co,+17202221988,https://www.corken.co/,Greenwood Village,CO
John W. Hansen & Associates Real Estate D.B.A. JWH Real Estate,info@johnwhansen.com,+18014791500,https://jwhre.com/,Ogden,UT
Williams & Williams Realtors,contact@wandwrealtors.com,+19403207653,https://www.williamsandwilliamsrealtors.com/,Denton,TX
Unit Realty Group,hello@unitboston.com,+16173948648,https://www.unitboston.com/,Boston,MA
"RE/MAX Town & Country, The Ailion Team",bruce@locationlocationlocation.com,+14049782281,https://www.locationlocationlocation.com/,Marietta,GA
Legends Real Estate Team,legends@keytoidaho.com,+12084202876,https://legendsidaho.com/,Twin Falls,ID
Barhite And Holzinger: Westchester Real Estate Team and Property Management,mgmt@barhiteandholzinger.com,+19143371312,https://www.barhiteandholzinger.com/,Bronxville,NY
CDRS LLC & Capital Development Realty Services Inc,Requests@mycdrs.org,+17602434406,https://www.mycdrs.org/,Victorville,CA
"Michelle Fleming, REALTOR®",mffloridarealtor@gmail.com,+17724758397,https://mffloridarealtor.com/,Port St. Lucie,FL
Garrison Realty Group,agent@info.com,+12124312100,https://www.garrisonrealty.group/,Mt Dora,FL
Lloyd Companies,admin@lloydcompanies.com,+16053232820,http://lloydcompanies.com/,Sioux Falls,SD
SNSHN Management & Realty - Milwaukee,team@snshn.co,+12627355989,https://www.snshn.co/,Milwaukee,WI
Lisa Serratos-McGregor - Sold by Synergy Properties,admin@synergyproperties.info,+12532888034,https://www.synergyproperties.info/,Auburn,WA
The Boulevard | Property Management,realtor@arthurvalera.com,+18086503325,https://www.theboulevardpm.com/,Honolulu,HI
RYDER Real Estate Services Inc.,shawna@ryderrealestate.services,+18052864549,http://ryderrealestate.services/,Paso Robles,CA
Florida Luxury Homes Group,Debbie@floridaluxuryhomesgroup.com,+19545795720,https://floridaluxuryhomesgroup.com/,Fort Lauderdale,FL
Angelina Keck Properties,angelina.keck@energyrealty.com,+17133004024,https://www.har.com/web/angelina,Houston,TX
FS Houses,ashley@fshouses.com,+13174929025,https://fshouses.com/,Louisville,KY
FS Houses,ryan@fshouses.com,+13174929025,https://fshouses.com/,Louisville,KY
FS Houses,david@fshouses.com,+13174929025,https://fshouses.com/,Louisville,KY
FS Houses,blease317@gmail.com,+13174929025,https://fshouses.com/,Louisville,KY
JMK Property Management,info@jmkpropertymanagement.com,+17865095206,https://jmkpropertymanagement.com/,Miami Beach,FL
Cornerstone Realty Group,support@cornerstone-realtygroup.com,+14793082724,https://www.cornerstone-realtygroup.com/,Fort Smith,AR
Kelly Niles Realtor - Maxim LLC,Kelly@nilesrei.com,+13862872221,https://kellyniles.com/,De Leon Springs,FL
Galactic Realty Group,contact@galacticrg.com,+16036374818,https://www.galacticrealtygroup.com/,Manchester,NH
5 Star Property Management,customer.experience@5starpropertymanage.com,+19159965775,https://5starpropertymanage.com/,El Paso,TX
Sanders Real Estate AZ,Melanie@sandersrealestateaz.com,+14805705203,https://www.sandersrealestateaz.com/,Scottsdale,AZ
Shoreline Reality,matthew@shorelinedaytona.com,+13865855571,http://shorelinedaytona.com/,Daytona Beach,FL
The Brantingham Group of KW Heartland - Real Estate Team - Elizabethtown KY,brittany-jackson@kw.com,+12706687668,https://thebrantinghamgroup.com/,Elizabethtown,KY
Mountain Valley Property Management,info@mvpmvail.com,+19704764464,http://mvpmvail.com/,Avon,CO
Royal Palm Property Management Inc.,managers@royalpalmpm.com,+12392232116,https://www.royalpalmpm.com/,Fort Myers,FL
Imperial Alliance Realty,fg@imperialalliancerealty.com,+17862383464,https://imperialalliancerealty.com/,Miami,FL
Innovative Properties,info@innovprop.com,+14102688400,https://innovativeproperties.biz/,Annapolis,MD
Modern Choice Realty & Property Management,greatervegashouses@gmail.com,+17027108335,https://yourdreamhomeispossible.com/,Las Vegas,NV
Creative Property Solutions of the Southeast,link@nobodypaysmore.com,+17042847220,https://nobodypaysmore.com/,Kings Mountain,NC
NOHCO Real Estate,sales@nohco.com,+12138047647,https://nohco.com/,Los Alamitos,CA
NOHCO Real Estate,brian@nohco.com,+12138047647,https://nohco.com/,Los Alamitos,CA
Hogan Real Estate,hoganrealestate@hogandev.com,+15024261050,https://www.hogandev.com/,Louisville,KY
QFC Real Estate,info@qfcre.com,+16192438454,https://qfcre.com/,San Diego,CA
Clear Integrity Group,invest@clearintegritygroup.com,+12103304999,https://www.clearintegritygroup.com/,San Antonio,TX
Prroperties,support@vekser.com,+14158731161,https://prroperties.com/,Beaumont,CA
Lisa D. Moesel | Broker Associate | Palm Beach County | Coldwell Banker Realty,lisa.moesel@cbrealty.com,+15618016668,https://ilovethepalmbeaches.com/,Boynton Beach,FL
Bradley Company - Fort Wayne,info@bradleyco.com,+16162540005,https://www.bradleyco.com/,Fort Wayne,IN
Bradley Company - Fort Wayne,careers@bradleyco.com,+16162540005,https://www.bradleyco.com/,Fort Wayne,IN
illi Commercial Real Estate - Pasadena,info@illicre.com,+18185012212,https://illicre.com/,Pasadena,CA
Paley Commercial Real Estate - Brokers San Fernando Valley,info@paleycommercialrealestate.com,+18182251300,https://www.paleycommercialrealestate.com/,Woodland Hills,CA
Unire Real Estate Group,info@uniregroup.com,+17149902100,http://unirerealestategroup.com/,Mountain View,CA
Aloha Property Management Inc,apmmaui@gmail.com,+18088910053,https://www.apmhawaii.com/,Kihei,HI
"Bridge Property Management Group, LLC",info@bpmg.us,+14234798721,https://www.bridgepropertymanagementgroup.com/,Cleveland,TN
Unire Real Estate Group,info@uniregroup.com,+17149902100,http://unirerealestategroup.com/,Brea,CA
Epic Management Solutions LLC,epic@epicmgmts.com,+13056757978,https://epicmgmts.com/,Doral,FL
"KDM Property Management, LLC",info.kdmpm@gmail.com,+13344707814,https://kdm-pm.com/,Enterprise,AL
Paramount Property Management,rent@paramountpm.com,+12083337767,https://www.paramountpm.com/,Meridian,ID
"Rentomatic Property Management | Property Manager Herriman, Sandy, Draper, Riverton",hello@rentomatic.us,+18015564640,https://rentomatic.us/,Herriman,UT
Nomadic Real Estate,support@nomadicrealestate.com,+12022239019,http://nomadicrealestate.com/,Washington,DC
Select Leasing & Management,Rentals@selectleasingstl.com,+13144007876,https://www.selectleasingstl.com/,St. Louis,MO
All County Southern Shores Property Management,contact@allcountyss.com,+18434927255,https://www.allcountyprop.com/locations/south-carolina/myrtle-beach/,Myrtle Beach,SC
Augusta Rental Homes,office@augustarentalhomes.net,+17625854663,https://www.augustarentalhomes.net/,Augusta,GA
"Revitalize Realty, LLC",leasing@revitalizerealty.com,+12516076008,https://www.revitalizerealty.com/,Mobile,AL
Rogers Group Property Management,info@rogersgroupnc.com,+12524926571,https://www.rentnc.net/,Kittrell,NC
SouthCoast Properties,contact@callsouthcoast.com,+19129259925,https://callsouthcoast.com/,Savannah,GA
"Integrity Management Systems, LLC",reservations@integritymgmtsystems.com,+18888109184,https://www.integritymgmtsystems.com/,Myrtle Beach,SC
Bell Property Management,BellRentals@bellmgmt.com,+18597572080,https://bellpropertymanagement.org/,Fort Mitchell,KY
"Lotus Property Services, Inc.",info@lotuspropertyservices.net,+16265828001,https://www.lotuspropertyservices.net/,Arcadia,CA
Real Estate Management Solutions LLC,info@remsmbe.com,+16083565050,https://remsmbe.com/,Baraboo,WI
Rentomatic Property Management | Property Management Utah | Salt Lake City | Draper,hello@rentomatic.us,+18015564640,https://rentomatic.us/,Sandy,UT
High Desert Property Management,info@highdesertpm.com,+15415480383,https://www.highdesertpm.com/,Redmond,OR
Belgium Management LLC - A Property Management Company,bm@propertymanagementnyc.co,+19294722943,http://propertymanagementnyc.co/,New York,NY
Book It Vacation Rentals,info@bookitrental.com,+14252708476,https://bookitvacationrentals.com/,Renton,WA
Classic Property Management,inquiries@classicpm.com,+18176402064,https://www.classicpm.com/,Arlington,TX
Platinum Management NJ,info@platinummngmt.com,+17329944303,https://platinummngmt.com/,Lakewood,NJ
Emerald Property Management,support@emeraldpropertymgt.com,+18153904449,https://emeraldpropertymgt.com/,Rockford,IL
JLS Property Management,office@jlspropertymanagement.biz,+13202590859,https://centralminnesotaproperties.com/,St Cloud,MN
Tiner Property Management,info@tiner.com,+19169746003,https://www.tiner.com/,Carmichael,CA
"West Point Property Management, Inc. - #1 Huntington Beach Property Management Company",john@westpointproperty.com,+17145013783,https://www.westpointproperty.com/,Huntington Beach,CA
Mountain Escapes Property Management and Cabin Rental,bryan@mecabins.com,+14234964901,https://www.mountainescapesproperties.com/,Ducktown,TN
Housewise.in - Property Management in India,sales@housewise.in,+918448440693,https://housewise.in/,Anaheim,CA
SDMG Property Management San Diego,info@sandiegopmg.com,+16194530005,https://propertymanagementsandiegoca.com/,San Diego,CA
Chambers Property Management,info@559pmc.com,+15594200500,https://559pmc.com/,Fresno,CA
Damelecia Inc,damelecia@gmail.com,+19548607493,https://damelecia.com/,Plantation,FL
Atlanta Property Management Solutions,info@atlantapropertymanagementsolutions.com,+14048898369,https://www.atlantapropertymanagementsolutions.com/,Atlanta,GA
Mila Realty Property Management,info@milarealty.com,+14075698899,https://milarealty.com/,Kissimmee,FL
Next Level Rentals,apmnextlevelrentals@gmail.com,+13013398851,https://www.nextlevelrentals.net/,Rockville,MD
Next Level Rentals,rnrosales88@gmail.com,+13013398851,https://www.nextlevelrentals.net/,Rockville,MD
Next Level Rentals,nurithberstein@msn.com,+13013398851,https://www.nextlevelrentals.net/,Rockville,MD
Next Level Rentals,rosales-berstein@outlook.com,+13013398851,https://www.nextlevelrentals.net/,Rockville,MD
Pioneer Enterprises,Ahmed@renturhome.com,+14103541111,http://renturhome.com/,Glen Burnie,MD
Royal York Property Management - Fort Lauderdale,Europe@royalyorkpm.com,+14165085288,https://royalyorkpropertymanagement.ca/,Fort Lauderdale,FL
Royal York Property Management - Fort Lauderdale,Canada@royalyorkpm.com,+14165085288,https://royalyorkpropertymanagement.ca/,Fort Lauderdale,FL
United Property Management,RentUPM@outlook.com,+19097962897,https://www.united-pm.com/,Loma Linda,CA
Rent In Alaska,info@rentinalaska.com,+19074827368,http://rentinalaska.com/,Wasilla,AK
PropertyZar - Cloud Based Property Management Software,sales@propertyzar.com,+18332771327,https://www.propertyzar.com/,Cleveland,TN
Leasing Baltimore Property Management,info@leasingbaltimore.com,+14103571707,https://www.leasingbaltimore.com/,Baltimore,MD
Eisenberger Home Watch,info@eisenbergerhomewatch.com,+19415312575,https://eisenbergerhomewatch.com/,Port Charlotte,FL
Sun Palm Villas,sam@samguidesyouhome.com,+14073966991,https://sunpalmvillas.com/,Kissimmee,FL
KT Rents - Your Rental. Your Way.,info@ktrents.com,+16083122009,https://ktrents.com/,Janesville,WI
New Foundations Property Management,541shelly@gmail.com,+15416901550,https://newfoundationspm.com/,Medford,OR
"CAA Real Property Services, Inc.",amcinfo@caarps.com,+18642926787,https://www.caarps.com/,Greenville,SC
"CAA Real Property Services, Inc.",shasty@carolinalifestylerealty.com,+18642926787,https://www.caarps.com/,Greenville,SC
"CAA Real Property Services, Inc.",appraisals@caarps.com,+18642926787,https://www.caarps.com/,Greenville,SC
National Real Estate Management Group | NREMG,info@nremg.com,+18334667364,http://nremg.com/,Grosse Pointe Park,MI
MyPerfectWorkplace.com,info@myperfectworkplace.com,+18885189168,https://myperfectworkplace.com/,Pasadena,CA
Coldwell Banker Argus Real Estate,coldwellbankerargusinfo@gmail.com,+16098223700,https://coldwellbankerargus.com/,Northfield,NJ
Renters Realty,admin@rentersrealtyonline.com,+17272653121,https://www.rentersrealtyonline.com/,Huntsville,AL
"Brian Rich, MBA | Sotheby's International Realty | Buyer & Seller Representation",hi@lagunabeachliving.com,+19495004668,https://www.lagunabeachliving.com/,Laguna Beach,CA
Central Property Realtors,info@centralpropertyrealtors.net,+19735397100,https://www.centralpropertyrealtors.com/,Morristown,NJ